Workbook

Sheet Compile Sheet-November-2024
A4: Class | B4: Total Enrolment & Attendance November-24
B5: Boys | C5: Girls | D5: Total | E5: total working Days | F5: Total working days-Boys | G5: Total working days-Girls | H5: Total working days-All | I5: P-Days Boys | J5: P-Days Girls | K5: P-Days All | L5: Percentage-Girls | M5: Percentage-Boys | N5: Percentage-Boys | O5: Total average
A6: ECE (ROSE) | B6: 27 | C6: 27 | D6: =SUM(B6:C6) -> 54 | E6: 24 | F6: =B6*E6 -> 648 | G6: =C6*E6 -> 648 | H6: =SUM(F6:G6) -> 1296 | I6: ='ECE (ROSE)'!AK14 -> 498 | J6: ='ECE (ROSE)'!AL14 -> 390 | K6: =SUM(I6:J6) -> 888 | L6: =J6/G6 -> 0.60185185 | M6: =I6/F6 -> 0.76851852 | N6: =K6/H6 -> 0.68518519 | O6: =AVERAGE(L6:M6) -> 0.68518519
A7: ECE (Daffodils) | B7: 31 | C7: 25 | D7: =SUM(B7:C7) -> 56 | E7: 24 | F7: =B7*E7 -> 744 | G7: =C7*E7 -> 600 | H7: =SUM(F7:G7) -> 1344 | I7: ='ECE (Daffodills)'!AK14 -> 506 | J7: ='ECE (Daffodills)'!AL14 -> 416 | K7: =SUM(I7:J7) -> 922 | L7: =J7/G7 -> 0.69333333 | M7: =I7/F7 -> 0.68010753 | N7: =K7/H7 -> 0.6860119 | O7: =AVERAGE(L7:M7) -> 0.68672043
A8: One | B8: 32 | C8: 24 | D8: =SUM(B8:C8) -> 56 | E8: 24 | F8: =B8*E8 -> 768 | G8: =C8*E8 -> 576 | H8: =SUM(F8:G8) -> 1344 | I8: ='Class-I'!AK14 -> 535 | J8: ='Class-I'!AL14 -> 375 | K8: =SUM(I8:J8) -> 910 | L8: =J8/G8 -> 0.65104167 | M8: =I8/F8 -> 0.69661458 | N8: =K8/H8 -> 0.67708333 | O8: =AVERAGE(L8:M8) -> 0.67382812
A9: Two | B9: 26 | C9: 26 | D9: =SUM(B9:C9) -> 52 | E9: 24 | F9: =B9*E9 -> 624 | G9: =C9*E9 -> 624 | H9: =SUM(F9:G9) -> 1248 | I9: ='Class-II'!AK14 -> 424 | J9: ='Class-II'!AL14 -> 414 | K9: =SUM(I9:J9) -> 838 | L9: =J9/G9 -> 0.66346154 | M9: =I9/F9 -> 0.67948718 | N9: =K9/H9 -> 0.67147436 | O9: =AVERAGE(L9:M9) -> 0.67147436
A10: Three | B10: 28 | C10: 24 | D10: =SUM(B10:C10) -> 52 | E10: 24 | F10: =B10*E10 -> 672 | G10: =C10*E10 -> 576 | H10: =SUM(F10:G10) -> 1248 | I10: ='Class-III'!AK14 -> 444 | J10: ='Class-III'!AL14 -> 413 | K10: =SUM(I10:J10) -> 857 | L10: =J10/G10 -> 0.71701389 | M10: =I10/F10 -> 0.66071429 | N10: =K10/H10 -> 0.68669872 | O10: =AVERAGE(L10:M10) -> 0.68886409
A11: Four | B11: 21 | C11: 32 | D11: =SUM(B11:C11) -> 53 | E11: 24 | F11: =B11*E11 -> 504 | G11: =C11*E11 -> 768 | H11: =SUM(F11:G11) -> 1272 | I11: ='Class-IV'!AK14 -> 311 | J11: ='Class-IV'!AL14 -> 466 | K11: =SUM(I11:J11) -> 777 | L11: =J11/G11 -> 0.60677083 | M11: =I11/F11 -> 0.61706349 | N11: =K11/H11 -> 0.61084906 | O11: =AVERAGE(L11:M11) -> 0.61191716
A12: Five | B12: 23 | C12: 23 | D12: =SUM(B12:C12) -> 46 | E12: 24 | F12: =B12*E12 -> 552 | G12: =C12*E12 -> 552 | H12: =SUM(F12:G12) -> 1104 | I12: ='Class-V'!AK14 -> 417 | J12: ='Class-V'!AL14 -> 371 | K12: =SUM(I12:J12) -> 788 | L12: =J12/G12 -> 0.67210145 | M12: =I12/F12 -> 0.75543478 | N12: =K12/H12 -> 0.71376812 | O12: =AVERAGE(L12:M12) -> 0.71376812
A13: Six | B13: 17 | C13: 28 | D13: =SUM(B13:C13) -> 45 | E13: 24 | F13: =B13*E13 -> 408 | G13: =C13*E13 -> 672 | H13: =SUM(F13:G13) -> 1080 | I13: ='Class-VI'!AK14 -> 283 | J13: ='Class-VI'!AL14 -> 428 | K13: =SUM(I13:J13) -> 711 | L13: =J13/G13 -> 0.63690476 | M13: =I13/F13 -> 0.69362745 | N13: =K13/H13 -> 0.65833333 | O13: =AVERAGE(L13:M13) -> 0.66526611
A14: Seven | B14: 29 | C14: 19 | D14: =SUM(B14:C14) -> 48 | E14: 24 | F14: =B14*E14 -> 696 | G14: =C14*E14 -> 456 | H14: =SUM(F14:G14) -> 1152 | I14: ='Class-VII'!AJ14 -> 453 | J14: ='Class-VII'!AK14 -> 299 | K14: =SUM(I14:J14) -> 752 | L14: =J14/G14 -> 0.65570175 | M14: =I14/F14 -> 0.65086207 | N14: =K14/H14 -> 0.65277778 | O14: =AVERAGE(L14:M14) -> 0.65328191
A15: Eight | B15: 19 | C15: 23 | D15: =SUM(B15:C15) -> 42 | E15: 24 | F15: =B15*E15 -> 456 | G15: =C15*E15 -> 552 | H15: =SUM(F15:G15) -> 1008 | I15: ='Class-VIII'!AK14 -> 288 | J15: ='Class-VIII'!AL14 -> 387 | K15: =SUM(I15:J15) -> 675 | L15: =J15/G15 -> 0.70108696 | M15: =I15/F15 -> 0.63157895 | N15: =K15/H15 -> 0.66964286 | O15: =AVERAGE(L15:M15) -> 0.66633295
A16: Ninth | B16: 16 | C16: 19 | D16: =SUM(B16:C16) -> 35 | E16: 24 | F16: =B16*E16 -> 384 | G16: =C16*E16 -> 456 | H16: =SUM(F16:G16) -> 840 | I16: ='Class-IX'!AK14 -> 271 | J16: ='Class-IX'!AL14 -> 288 | K16: =SUM(I16:J16) -> 559 | L16: =J16/G16 -> 0.63157895 | M16: =I16/F16 -> 0.70572917 | N16: =K16/H16 -> 0.66547619 | O16: =AVERAGE(L16:M16) -> 0.66865406
A17: Total | B17: =SUM(B6:B16) -> 269 | C17: =SUM(C6:C16) -> 270 | D17: =SUM(D6:D16) -> 539 | E17: =SUM(E6:E16) -> 264 | F17: =SUM(F6:F16) -> 6456 | G17: =SUM(G6:G16) -> 6480 | H17: =SUM(H6:H16) -> 12936 | I17: =SUM(I6:I16) -> 4430 | ... K17: =SUM(K6:K16) -> 8677 | L17: =J17/G17 -> 0.65540123 | M17: =I17/F17 -> 0.6861834 | N17: =AVERAGE(N6:N16) -> 0.67066371 | O17: =AVERAGE(O6:O16) -> 0.67139023
A18: % | B18: 1 | C18: 1 | D18: 1 | E18: 1 | F18: 1 | G18: 1 | H18: 1 | I18: =I17/F17 -> 0.6861834 | J18: =J17/G17 -> 0.65540123 | K18: =K17/H17 -> 0.67076376 | L18: 0.54 | M18: 0.56 | N18: 0.55 | O18: =AVERAGE(L17:M17) -> 0.67079231

Sheet ECE (ROSE)
A1: Goverment high school (SJCHS)
A2: Monthly Attendence Month of February-2025
A3: S.No | B3: GR | C3: Student Name | D3: Father Name | E3: Class | F3: =TEXT(F4,"ddd") -> Sat | G3: =TEXT(G4,"ddd") -> Sun | H3: =TEXT(H4,"ddd") -> Mon | I3: =TEXT(I4,"ddd") -> Tue | J3: =TEXT(J4,"ddd") -> Wed | K3: =TEXT(K4,"ddd") -> Thu | L3: =TEXT(L4,"ddd") -> Fri | M3: =TEXT(M4,"ddd") -> Sat | ... AG3: =TEXT(AG4,"ddd") -> Fri | AH3: Present | AI3: Absent | AJ3: Year 2024
F4: 45689 | G4: 45690 | H4: 45691 | I4: 45692 | J4: 45693 | K4: 45694 | L4: 45695 | M4: 45696 | N4: 45697 | O4: 45698 | P4: 45699 | Q4: 45700 | R4: 45701 | S4: 45702 | T4: 45703 | U4: 45704 | V4: 45705 | W4: 45706 | X4: 45707 | Y4: 45708 | Z4: 45709 | AA4: 45710 | AB4: 45711 | AC4: 45712 | AD4: 45713 | AE4: 45714 | AF4: 45715 | AG4: 45716 | AJ4: Total days | AK4: =SUM(AK5:AK8) -> 31
A5: 1 | B5: 112 | C5: Eman | D5: Shahnawaz Khan | E5: ECE | F5: PTM - PTM - PTM - PTM - PTM - PTM - PTM - PTM - PTM | G5: SUNDAY - SUNDAY - SUNDAY - SUNDAY - SUNDAY - SUNDAY | H5: P | I5: P | J5: Kashmir Day - Kashmir Day - Kashmir Day | K5: P | L5: P | M5: P | N5: SUNDAY - SUNDAY - SUNDAY - SUNDAY - SUNDAY - SUNDAY | O5: P | P5: P | Q5: P | R5: P | S5: Shab - E Baraat - Shab - E Baraat - Shab - E Baraat | T5: P | U5: SUNDAY - SUNDAY - SUNDAY - SUNDAY - SUNDAY - SUNDAY | V5: P | W5: P | X5: URS LAL SHEHBAZ QALANDAR - URS LAL SHEHBAZ QALANDAR | Y5: P | Z5: A | AA5: P | AB5: SUNDAY - SUNDAY - SUNDAY - SUNDAY - SUNDAY - SUNDAY | AC5: A | AD5: A | AE5: P | AF5: A | AG5: P | AH5: =COUNTIF(F5:AG5,"P") -> 16 | AI5: =COUNTIF(F5:AG5,"A") -> 4 | AJ5: Working days | AK5: 26
A6: 2 | B6: 135 | C6: Masooma | D6: Faiq Ali | E6: ECE | H6: P | I6: P | K6: P | L6: P | M6: P | O6: P | P6: A | Q6: P | R6: P | T6: A | V6: P | W6: P | Y6: P | Z6: P | AA6: P | AC6: A | AD6: P | AE6: P | AF6: P | AG6: A | AH6: =COUNTIF(F6:AG6,"P") -> 16 | AI6: =COUNTIF(F6:AG6,"A") -> 4 | AJ6: Sunday | AK6: 4
A7: 3 | B7: 137 | C7: Hafsa Batool | D7: Gul Mohammad Chandio | E7: ECE | H7: P | I7: P | K7: P | L7: P | M7: P | O7: P | P7: P | Q7: P | R7: P | T7: A | V7: A | W7: A | Y7: A | Z7: A | AA7: A | AC7: A | AD7: A | AE7: P | AF7: P | AG7: P | AH7: =COUNTIF(F7:AG7,"P") -> 12 | AI7: =COUNTIF(F7:AG7,"A") -> 8 | AJ7: Shab-E-Mairaj | AK7: 1
A8: 4 | B8: 173 | C8: Hoor Fatima | D8: Shahid Ali | E8: ECE | H8: A | I8: P | K8: P | L8: P | M8: P | O8: P | P8: P | Q8: P | R8: P | T8: A | V8: P | W8: P | Y8: P | Z8: A | AA8: A | AC8: P | AD8: P | AE8: P | AF8: P | AG8: P | AH8: =COUNTIF(F8:AG8,"P") -> 16 | AI8: =COUNTIF(F8:AG8,"A") -> 4
A9: 5 | B9: 143 | C9: Kinza | D9: Aijaz Ali | E9: ECE | H9: P | I9: P | K9: P | L9: P | M9: P | O9: P | P9: P | Q9: P | R9: P | T9: P | V9: P | W9: P | Y9: P | Z9: P | AA9: P | AC9: P | AD9: P | AE9: P | AF9: P | AG9: P | AH9: =COUNTIF(F9:AG9,"P") -> 20 | AI9: =COUNTIF(F9:AG9,"A") -> 0
A10: 6 | B10: 146 | C10: Fatima Ansari | D10: Ayaz Ali Ansari | E10: ECE | H10: P | I10: P | K10: P | L10: P | M10: P | O10: P | P10: P | Q10: P | R10: P | T10: P | V10: P | W10: P | Y10: P | Z10: P | AA10: A | AC10: P | AD10: P | AE10: P | AF10: P | AG10: P | AH10: =COUNTIF(F10:AG10,"P") -> 19 | AI10: =COUNTIF(F10:AG10,"A") -> 1
A11: 7 | B11: 148 | C11: Zil-e-Huma | D11: Abdul Qayoom | E11: ECE | H11: P | I11: P | K11: P | L11: A | M11: P | O11: A | P11: P | Q11: A | R11: P | T11: A | V11: P | W11: P | Y11: P | Z11: P | AA11: A | AC11: P | AD11: A | AE11: P | AF11: P | AG11: P | AH11: =COUNTIF(F11:AG11,"P") -> 14 | AI11: =COUNTIF(F11:AG11,"A") -> 6 | AJ11: Present Days Detail
A12: 8 | B12: 150 | C12: Ayat Fatima | D12: Imran Hussain | E12: ECE | H12: P | I12: P | K12: P | L12: P | M12: A | O12: P | P12: P | Q12: P | R12: P | T12: A | V12: A | W12: P | Y12: P | Z12: P | AA12: P | AC12: P | AD12: A | AE12: P | AF12: P | AG12: P | AH12: =COUNTIF(F12:AG12,"P") -> 16 | AI12: =COUNTIF(F12:AG12,"A") -> 4 | AJ12: Detail | AK12: Boys | AL12: Girls | AM12: Total
A13: 9 | B13: 151 | C13: Aqsa | D13: Ahsan Ali | E13: ECE | H13: A | I13: P | K13: P | L13: P | M13: P | O13: P | P13: P | Q13: P | R13: P | T13: P | V13: P | W13: P | Y13: P | Z13: P | AA13: P | AC13: P | AD13: A | AE13: P | AF13: P | AG13: P | AH13: =COUNTIF(F13:AG13,"P") -> 18 | AI13: =COUNTIF(F13:AG13,"A") -> 2 | AJ13: Due Present days | AK13: =29*$AK$5 -> 754 | AL13: =25*$AK$5 -> 650 | AM13: =SUM(AK13:AL13) -> 1404
A14: 10 | B14: 160 | C14: Safa | D14: Dil Murad | E14: ECE | H14: A | I14: A | K14: P | L14: A | M14: P | O14: P | P14: P | Q14: P | R14: P | T14: P | V14: P | W14: P | Y14: P | Z14: P | AA14: P | AC14: P | AD14: P | AE14: P | AF14: P | AG14: P | AH14: =COUNTIF(F14:AG14,"P") -> 17 | AI14: =COUNTIF(F14:AG14,"A") -> 3 | AJ14: Actual present days | AK14: =SUM(AH29:AH57) -> 498 | AL14: =SUM(AH5:AH28) -> 390 | AM14: =AK14+AL14 -> 888
A15: 11 | B15: 161 | C15: Hifza | D15: Zakir Ali | E15: ECE | H15: P | I15: A | K15: P | L15: P | M15: A | O15: P | P15: P | Q15: P | R15: A | T15: A | V15: A | W15: A | Y15: A | Z15: A | AA15: A | AC15: A | AD15: A | AE15: P | AF15: P | AG15: P | AH15: =COUNTIF(F15:AG15,"P") -> 9 | AI15: =COUNTIF(F15:AG15,"A") -> 11 | AJ15: % | AK15: =AK14/AK13 -> 0.66047745 | AL15: =AL14/AL13 -> 0.6 | AM15: =AM14/AM13 -> 0.63247863
A16: 12 | B16: 162 | C16: Zameeran | D16: Babar Ali | E16: ECE | H16: P | I16: P | K16: P | L16: P | M16: P | O16: A | P16: P | Q16: P | R16: P | T16: P | V16: P | W16: A | Y16: P | Z16: P | AA16: P | AC16: P | AD16: P | AE16: P | AF16: P | AG16: P | AH16: =COUNTIF(F16:AG16,"P") -> 18 | AI16: =COUNTIF(F16:AG16,"A") -> 2
A17: 13 | B17: 163 | C17: Parwisha | D17: Sarfaraz Ahmed | E17: ECE | H17: P | I17: P | K17: P | L17: P | M17: P | O17: P | P17: P | Q17: P | R17: P | T17: P | V17: P | W17: P | Y17: P | Z17: P | AA17: P | AC17: P | AD17: P | AE17: P | AF17: P | AG17: P | AH17: =COUNTIF(F17:AG17,"P") -> 20 | AI17: =COUNTIF(F17:AG17,"A") -> 0
A18: 14 | B18: 166 | C18: Aiza | D18: Irshad-Ul-Haq | E18: ECE | H18: P | I18: P | K18: P | L18: P | M18: P | O18: P | P18: P | Q18: P | R18: P | T18: P | V18: P | W18: P | Y18: P | Z18: P | AA18: P | AC18: P | AD18: P | AE18: P | AF18: P | AG18: P | AH18: =COUNTIF(F18:AG18,"P") -> 20 | AI18: =COUNTIF(F18:AG18,"A") -> 0
A19: 15 | B19: 168 | C19: Shazia | D19: Rashid Ali | E19: ECE | H19: P | I19: P | K19: P | L19: P | M19: P | O19: P | P19: P | Q19: A | R19: P | T19: P | V19: P | W19: P | Y19: P | Z19: P | AA19: P | AC19: P | AD19: P | AE19: P | AF19: P | AG19: P | AH19: =COUNTIF(F19:AG19,"P") -> 19 | AI19: =COUNTIF(F19:AG19,"A") -> 1 | AJ19: Absent Days Details
A20: 16 | B20: 170 | C20: Ume Farwa | D20: Meer Ameer-u-Din | E20: ECE | H20: A | I20: P | K20: P | L20: P | M20: A | O20: A | P20: P | Q20: P | R20: P | T20: P | V20: A | W20: P | Y20: A | Z20: P | AA20: A | AC20: P | AD20: P | AE20: P | AF20: P | AG20: P | AH20: =COUNTIF(F20:AG20,"P") -> 14 | AI20: =COUNTIF(F20:AG20,"A") -> 6 | AJ20: Detail | AK20: Boys | AL20: Girls | AM20: Total
A21: 17 | B21: 171 | C21: Ume Rubab | D21: Mohsin Ali | E21: ECE | H21: A | I21: A | K21: P | L21: P | M21: A | O21: P | P21: P | Q21: P | R21: P | T21: P | V21: P | W21: P | Y21: P | Z21: P | AA21: P | AC21: P | AD21: A | AE21: P | AF21: P | AG21: P | AH21: =COUNTIF(F21:AG21,"P") -> 16 | AI21: =COUNTIF(F21:AG21,"A") -> 4 | AJ21: Due Present days | AK21: =29*$AK$5 -> 754 | AL21: =25*$AK$5 -> 650 | AM21: =AK21+AL21 -> 1404
A22: 18 | B22: 172 | C22: Khatija | D22: M. Afzal | E22: ECE | H22: A | I22: P | K22: P | L22: A | M22: P | O22: A | P22: P | Q22: P | R22: P | T22: P | V22: P | W22: P | Y22: P | Z22: A | AA22: P | AC22: P | AD22: A | AE22: P | AF22: P | AG22: P | AH22: =COUNTIF(F22:AG22,"P") -> 15 | AI22: =COUNTIF(F22:AG22,"A") -> 5 | AJ22: Absent days | AK22: =AK21-AK14 -> 256 | AL22: =AL21-AL14 -> 260 | AM22: =AK22+AL22 -> 516
A23: 19 | B23: 180 | C23: Fiza | D23: Ahmed | E23: ECE | H23: P | I23: P | K23: P | L23: P | M23: P | O23: P | P23: P | Q23: P | R23: P | T23: P | V23: P | W23: P | Y23: P | Z23: A | AA23: P | AC23: P | AD23: P | AE23: P | AF23: P | AG23: A | AH23: =COUNTIF(F23:AG23,"P") -> 18 | AI23: =COUNTIF(F23:AG23,"A") -> 2 | AJ23: % | AK23: =AK22/AK21 -> 0.33952255 | AL23: =AL22/AL21 -> 0.4 | AM23: =AM22/AM21 -> 0.36752137
A24: 20 | B24: 181 | C24: Eshaal | D24: M. Fahad | E24: ECE | H24: A | I24: P | K24: P | L24: A | M24: P | O24: A | P24: A | Q24: P | R24: P | T24: A | V24: A | W24: P | Y24: P | Z24: P | AA24: P | AC24: P | AD24: P | AE24: P | AF24: P | AG24: P | AH24: =COUNTIF(F24:AG24,"P") -> 14 | AI24: =COUNTIF(F24:AG24,"A") -> 6
A25: 21 | B25: 195 | C25: Rija Batool | D25: Ghulam Mehdi | E25: ECE | H25: A | I25: P | K25: A | L25: A | M25: A | O25: P | P25: P | Q25: P | R25: P | T25: A | V25: P | W25: A | Y25: P | Z25: P | AA25: P | AC25: P | AD25: A | AE25: P | AF25: P | AG25: P | AH25: =COUNTIF(F25:AG25,"P") -> 13 | AI25: =COUNTIF(F25:AG25,"A") -> 7
A26: 22 | B26: 183 | C26: Musfiral | D26: Faisal | E26: ECE | H26: P | I26: P | K26: P | L26: P | M26: P | O26: P | P26: A | Q26: A | R26: P | T26: A | V26: P | W26: P | Y26: P | Z26: P | AA26: P | AC26: P | AD26: P | AE26: P | AF26: P | AG26: P | AH26: =COUNTIF(F26:AG26,"P") -> 17 | AI26: =COUNTIF(F26:AG26,"A") -> 3
A27: 24 | B27: 170 | C27: Hoorain Noor | D27: Muhammad Akram | E27: ECE | H27: P | I27: P | K27: P | L27: P | M27: P | O27: P | P27: P | Q27: P | R27: P | T27: P | V27: P | W27: P | Y27: P | Z27: P | AA27: P | AC27: P | AD27: P | AE27: P | AF27: A | AG27: P | AH27: =COUNTIF(F27:AG27,"P") -> 19 | AI27: =COUNTIF(F27:AG27,"A") -> 1
A28: 25 | B28: 189 | C28: Zakria | E28: ECE | H28: A | I28: P | K28: A | L28: P | M28: A | O28: P | P28: A | Q28: P | R28: P | T28: A | V28: P | W28: P | Y28: P | Z28: P | AA28: P | AC28: P | AD28: P | AE28: A | AF28: P | AG28: P | AH28: =COUNTIF(F28:AG28,"P") -> 14 | AI28: =COUNTIF(F28:AG28,"A") -> 6
A29: 1 | B29: 99 | C29: Rehan Ali | D29: Abdul Rehman | E29: ECE | H29: A | I29: P | K29: P | L29: P | M29: P | O29: P | P29: P | Q29: P | R29: P | T29: P | V29: P | W29: P | Y29: P | Z29: P | AA29: P | AC29: P | AD29: P | AE29: P | AF29: P | AG29: P | AH29: =COUNTIF(F29:AG29,"P") -> 19 | AI29: =COUNTIF(F29:AG29,"A") -> 1
A30: 2 | B30: 98 | C30: Dilkash | D30: Faraz Hussain | E30: ECE | H30: A | I30: P | K30: P | L30: P | M30: A | O30: P | P30: P | Q30: P | R30: P | T30: A | V30: P | W30: P | Y30: P | Z30: P | AA30: A | AC30: P | AD30: P | AE30: P | AF30: P | AG30: P | AH30: =COUNTIF(F30:AG30,"P") -> 16 | AI30: =COUNTIF(F30:AG30,"A") -> 4
A31: 3 | B31: 136 | C31: Ali | D31: Saddam Hussain | E31: ECE | H31: A | I31: P | K31: P | L31: P | M31: P | O31: P | P31: P | Q31: P | R31: P | T31: P | V31: P | W31: P | Y31: P | Z31: P | AA31: A | AC31: P | AD31: A | AE31: P | AF31: P | AG31: P | AH31: =COUNTIF(F31:AG31,"P") -> 17 | AI31: =COUNTIF(F31:AG31,"A") -> 3
A32: 4 | B32: 139 | C32: Mohammad Aliyan | D32: Shabir Ahmed Bhutto | E32: ECE | H32: A | I32: P | K32: P | L32: P | M32: A | O32: A | P32: P | Q32: P | R32: P | T32: A | V32: P | W32: P | Y32: A | Z32: P | AA32: P | AC32: P | AD32: P | AE32: P | AF32: P | AG32: P | AH32: =COUNTIF(F32:AG32,"P") -> 15 | AI32: =COUNTIF(F32:AG32,"A") -> 5
A33: 5 | B33: 142 | C33: Muhammad Sahil | D33: Irshad Ali | E33: ECE | H33: A | I33: P | K33: P | L33: P | M33: P | O33: P | P33: P | Q33: P | R33: P | T33: P | V33: P | W33: P | Y33: P | Z33: P | AA33: P | AC33: P | AD33: P | AE33: P | AF33: A | AG33: P | AH33: =COUNTIF(F33:AG33,"P") -> 18 | AI33: =COUNTIF(F33:AG33,"A") -> 2
A34: 6 | B34: 144 | C34: Zaryab Sultan | D34: Muhammad Zaman | E34: ECE | H34: P | I34: P | K34: P | L34: P | M34: P | O34: P | P34: P | Q34: P | R34: P | T34: P | V34: P | W34: P | Y34: P | Z34: P | AA34: P | AC34: P | AD34: P | AE34: P | AF34: P | AG34: P | AH34: =COUNTIF(F34:AG34,"P") -> 20 | AI34: =COUNTIF(F34:AG34,"A") -> 0
A35: 7 | B35: 145 | C35: M. Ibrahim | D35: Fayaz Ali Ansari | E35: ECE | H35: P | I35: P | K35: P | L35: P | M35: P | O35: P | P35: P | Q35: P | R35: P | T35: P | V35: A | W35: A | Y35: P | Z35: P | AA35: P | AC35: P | AD35: P | AE35: P | AF35: P | AG35: P | AH35: =COUNTIF(F35:AG35,"P") -> 18 | AI35: =COUNTIF(F35:AG35,"A") -> 2
A36: 8 | B36: 152 | C36: Muhammad Fawad | D36: Waseem Ahmed Channa | E36: ECE | H36: A | I36: P | K36: P | L36: A | M36: A | O36: A | P36: P | Q36: P | R36: P | T36: A | V36: P | W36: P | Y36: A | Z36: A | AA36: P | AC36: A | AD36: A | AE36: A | AF36: P | AG36: P | AH36: =COUNTIF(F36:AG36,"P") -> 10 | AI36: =COUNTIF(F36:AG36,"A") -> 10
A37: 9 | B37: 153 | C37: Muhammad Haris | D37: M. Shareef Niyazi | E37: ECE | H37: P | I37: P | K37: P | L37: P | M37: P | O37: P | P37: P | Q37: P | R37: P | T37: P | V37: P | W37: P | Y37: P | Z37: P | AA37: P | AC37: P | AD37: P | AE37: P | AF37: P | AG37: P | AH37: =COUNTIF(F37:AG37,"P") -> 20 | AI37: =COUNTIF(F37:AG37,"A") -> 0
A38: 10 | B38: 154 | C38: Muhammad Ayan | D38: Abdul Ghaffar | E38: ECE | H38: P | I38: P | K38: P | L38: P | M38: P | O38: P | P38: P | Q38: P | R38: P | T38: P | V38: P | W38: P | Y38: P | Z38: P | AA38: P | AC38: A | AD38: A | AE38: P | AF38: P | AG38: P | AH38: =COUNTIF(F38:AG38,"P") -> 18 | AI38: =COUNTIF(F38:AG38,"A") -> 2
A39: 11 | B39: 155 | C39: Danish | D39: Ayaz Ali | E39: ECE | H39: A | I39: P | K39: P | L39: P | M39: P | O39: P | P39: P | Q39: P | R39: P | T39: P | V39: P | W39: P | Y39: P | Z39: P | AA39: P | AC39: P | AD39: P | AE39: P | AF39: P | AG39: P | AH39: =COUNTIF(F39:AG39,"P") -> 19 | AI39: =COUNTIF(F39:AG39,"A") -> 1
A40: 12 | B40: 156 | C40: Mujahid Ali | D40: Sajjad Ali | E40: ECE | H40: A | I40: P | K40: P | L40: P | M40: P | O40: P | P40: P | Q40: P | R40: P | T40: A | V40: P | W40: P | Y40: P | Z40: P | AA40: A | AC40: P | AD40: P | AE40: P | AF40: P | AG40: P | AH40: =COUNTIF(F40:AG40,"P") -> 17 | AI40: =COUNTIF(F40:AG40,"A") -> 3
... A46: 18 | B46: 196 | C46: M. Awais | D46: Mehboob Ali | E46: ECE | H46: A | I46: P | K46: P | L46: A | M46: P | O46: P | P46: P | Q46: P | R46: P | T46: P | V46: P | W46: P | Y46: P | Z46: P | AA46: P | AC46: P | AD46: P | AE46: P | AF46: P | AG46: P | AH46: =COUNTIF(F46:AG46,"P") -> 18 | AI46: =COUNTIF(F46:AG46,"A") -> 2
A47: 19 | B47: 197 | C47: M. Raheel | E47: ECE | H47: A | I47: P | K47: P | L47: A | M47: P | O47: P | P47: P | Q47: P | R47: P | T47: P | V47: P | W47: P | Y47: P | Z47: P | AA47: P | AC47: P | AD47: P | AE47: P | AF47: A | AG47: P | AH47: =COUNTIF(F47:AG47,"P") -> 17 | AI47: =COUNTIF(F47:AG47,"A") -> 3
A48: 20 | B48: 182 | C48: Amanullah | D48: Sajid Ahmed | E48: ECE | H48: A | I48: P | K48: P | L48: P | M48: P | O48: P | P48: P | Q48: P | R48: P | T48: P | V48: P | W48: P | Y48: P | Z48: P | AA48: P | AC48: P | AD48: P | AE48: P | AF48: A | AG48: P | AH48: =COUNTIF(F48:AG48,"P") -> 18 | AI48: =COUNTIF(F48:AG48,"A") -> 2
A49: 21 | B49: 186 | C49: Ahmed Ali | D49: Asghar Ali | E49: ECE | H49: A | I49: P | K49: P | L49: P | M49: P | O49: P | P49: P | Q49: P | R49: P | T49: P | V49: P | W49: P | Y49: P | Z49: P | AA49: P | AC49: A | AD49: P | AE49: P | AF49: P | AG49: P | AH49: =COUNTIF(F49:AG49,"P") -> 18 | AI49: =COUNTIF(F49:AG49,"A") -> 2
A50: 22 | B50: 188 | C50: M. Qasim | D50: Abdul Hameed | E50: ECE | H50: P | I50: P | K50: P | L50: P | M50: P | O50: P | P50: P | Q50: P | R50: P | T50: A | V50: P | W50: P | Y50: P | Z50: P | AA50: P | AC50: P | AD50: P | AE50: P | AF50: P | AG50: P | AH50: =COUNTIF(F50:AG50,"P") -> 19 | AI50: =COUNTIF(F50:AG50,"A") -> 1
A51: 23 | B51: 184 | C51: Saifullah | D51: Farooq Ali | E51: ECE | H51: A | I51: P | K51: P | L51: A | M51: P | O51: P | P51: A | Q51: A | R51: P | T51: P | V51: P | W51: P | Y51: A | Z51: P | AA51: P | AC51: A | AD51: A | AE51: P | AF51: A | AG51: P | AH51: =COUNTIF(F51:AG51,"P") -> 12 | AI51: =COUNTIF(F51:AG51,"A") -> 8
A52: 24 | B52: 185 | C52: Ali Usman | D52: Ali | E52: ECE | H52: A | I52: P | K52: P | L52: P | M52: P | O52: P | P52: P | Q52: P | R52: P | T52: A | V52: P | W52: P | Y52: P | Z52: P | AA52: P | AC52: P | AD52: P | AE52: P | AF52: P | AG52: P | AH52: =COUNTIF(F52:AG52,"P") -> 18 | AI52: =COUNTIF(F52:AG52,"A") -> 2
A53: 25 | B53: 186 | C53: Ali Sher | D53: Rajab Ali | E53: ECE | H53: A | I53: P | K53: P | L53: P | M53: P | O53: A | P53: P | Q53: P | R53: P | T53: P | V53: P | W53: P | Y53: P | Z53: P | AA53: P | AC53: P | AD53: P | AE53: P | AF53: P | AG53: P | AH53: =COUNTIF(F53:AG53,"P") -> 18 | AI53: =COUNTIF(F53:AG53,"A") -> 2
A54: 26 | B54: 187 | C54: Abdullah | D54: Jameel Hussain | E54: ECE | H54: A | I54: P | K54: P | L54: P | M54: P | O54: P | P54: P | Q54: P | R54: P | T54: P | V54: P | W54: A | Y54: P | Z54: P | AA54: P | AC54: P | AD54: P | AE54: P | AF54: P | AG54: P | AH54: =COUNTIF(F54:AG54,"P") -> 18 | AI54: =COUNTIF(F54:AG54,"A") -> 2
A55: 27 | B55: 188 | C55: Israr | D55: Zulfiqar Ali | E55: ECE | H55: A | I55: P | K55: P | L55: P | M55: P | O55: P | P55: P | Q55: P | R55: P | T55: P | V55: P | W55: P | Y55: P | Z55: P | AA55: P | AC55: P | AD55: P | AE55: P | AF55: P | AG55: P | AH55: =COUNTIF(F55:AG55,"P") -> 19 | AI55: =COUNTIF(F55:AG55,"A") -> 1
A56: 28 | B56: 177 | C56: Abdul Hadi | D56: Muhammad Akram | E56: ECE | H56: P | I56: P | K56: P | L56: P | M56: P | O56: P | P56: P | Q56: P | R56: P | T56: P | V56: P | W56: P | Y56: P | Z56: P | AA56: P | AC56: P | AD56: P | AE56: P | AF56: P | AG56: P | AH56: =COUNTIF(F56:AG56,"P") -> 20 | AI56: =COUNTIF(F56:AG56,"A") -> 0
A57: 29 | B57: 180 | C57: Shahbaz Ali | D57: Muhammad Ibrahim | E57: ECE | H57: A | I57: A | K57: A | L57: P | M57: P | O57: P | P57: P | Q57: P | R57: P | T57: P | V57: P | W57: P | Y57: P | Z57: P | AA57: P | AC57: P | AD57: P | AE57: P | AF57: P | AG57: P | AH57: =COUNTIF(F57:AG57,"P") -> 17 | AI57: =COUNTIF(F57:AG57,"A") -> 3

Sheet ECE (Daffodills)
A1: Goverment high school (SJCHS)
A2: Monthly Attendence Month of February-2025
A3: S.No | B3: GR | C3: Student Name | D3: Father Name | E3: Class | F3: =TEXT(F4,"ddd") -> Sat | G3: =TEXT(G4,"ddd") -> Sun | H3: =TEXT(H4,"ddd") -> Mon | I3: =TEXT(I4,"ddd") -> Tue | J3: =TEXT(J4,"ddd") -> Wed | K3: =TEXT(K4,"ddd") -> Thu | L3: =TEXT(L4,"ddd") -> Fri | M3: =TEXT(M4,"ddd") -> Sat | ... AG3: =TEXT(AG4,"ddd") -> Fri | AH3: Present | AI3: Absent | AJ3: Year 2024
F4: 45689 | G4: 45690 | H4: 45691 | I4: 45692 | J4: 45693 | K4: 45694 | L4: 45695 | M4: 45696 | N4: 45697 | O4: 45698 | P4: 45699 | Q4: 45700 | R4: 45701 | S4: 45702 | T4: 45703 | U4: 45704 | V4: 45705 | W4: 45706 | X4: 45707 | Y4: 45708 | Z4: 45709 | AA4: 45710 | AB4: 45711 | AC4: 45712 | AD4: 45713 | AE4: 45714 | AF4: 45715 | AG4: 45716 | AJ4: Total days | AK4: =SUM(AK5:AK8) -> 31
A5: 1 | B5: 106 | C5: Alishba Batool | D5: Irfan Ali | E5: ECE | F5: PTM - PTM - PTM - PTM - PTM - PTM - PTM - PTM - PTM | G5: SUNDAY - SUNDAY - SUNDAY - SUNDAY - SUNDAY - SUNDAY | H5: P | I5: P | J5: Kashmir Day - Kashmir Day - Kashmir Day | K5: P | L5: P | M5: P | N5: SUNDAY - SUNDAY - SUNDAY - SUNDAY - SUNDAY - SUNDAY | O5: P | P5: P | Q5: P | R5: P | S5: Shab - E Baraat - Shab - E Baraat - Shab - E Baraat | T5: P | U5: SUNDAY - SUNDAY - SUNDAY - SUNDAY - SUNDAY - SUNDAY | V5: P | W5: P | X5: URS LAL SHEHBAZ QALANDAR - URS LAL SHEHBAZ QALANDAR | Y5: P | Z5: P | AA5: P | AB5: SUNDAY - SUNDAY - SUNDAY - SUNDAY - SUNDAY - SUNDAY | AC5: P | AD5: P | AE5: P | AF5: P | AG5: P | AH5: =COUNTIF(F5:AG5,"P") -> 20 | AI5: =COUNTIF(F5:AG5,"A") -> 0 | AJ5: Working days | AK5: 26
A6: 2 | B6: 75 | C6: Amna | D6: Imtiaz Hussain | E6: ECE | H6: P | I6: P | K6: P | L6: P | M6: P | O6: P | P6: P | Q6: P | R6: A | T6: A | V6: P | W6: P | Y6: P | Z6: P | AA6: P | AC6: P | AD6: P | AE6: P | AF6: P | AG6: P | AH6: =COUNTIF(F6:AG6,"P") -> 18 | AI6: =COUNTIF(F6:AG6,"A") -> 2 | AJ6: Sunday | AK6: 4
A7: 3 | B7: 109 | C7: Aniza Memon | D7: M. Qasim | E7: ECE | H7: P | I7: P | K7: P | L7: P | M7: A | O7: P | P7: P | Q7: P | R7: P | T7: A | V7: P | W7: P | Y7: P | Z7: P | AA7: P | AC7: P | AD7: P | AE7: A | AF7: P | AG7: P | AH7: =COUNTIF(F7:AG7,"P") -> 17 | AI7: =COUNTIF(F7:AG7,"A") -> 3 | AJ7: Shab-E-Mairaj | AK7: 1
A8: 4 | B8: 49 | C8: Areeba | D8: Altaf Hussain | E8: ECE | H8: P | I8: P | K8: A | L8: P | M8: P | O8: P | P8: P | Q8: P | R8: P | T8: A | V8: P | W8: P | Y8: P | Z8: P | AA8: P | AC8: P | AD8: P | AE8: P | AF8: P | AG8: P | AH8: =COUNTIF(F8:AG8,"P") -> 18 | AI8: =COUNTIF(F8:AG8,"A") -> 2
A9: 5 | B9: 104 | C9: Batool | D9: Amjad Ali | E9: ECE | H9: P | I9: P | K9: P | L9: P | M9: P | O9: P | P9: P | Q9: P | R9: P | T9: P | V9: A | W9: A | Y9: P | Z9: A | AA9: P | AC9: P | AD9: A | AE9: P | AF9: P | AG9: P | AH9: =COUNTIF(F9:AG9,"P") -> 16 | AI9: =COUNTIF(F9:AG9,"A") -> 4
A10: 6 | B10: 88 | C10: Dua | D10: Khalid Hussain | E10: ECE | H10: P | I10: P | K10: P | L10: P | M10: P | O10: P | P10: P | Q10: P | R10: P | T10: P | V10: P | W10: P | Y10: P | Z10: P | AA10: P | AC10: P | AD10: P | AE10: P | AF10: P | AG10: P | AH10: =COUNTIF(F10:AG10,"P") -> 20 | AI10: =COUNTIF(F10:AG10,"A") -> 0
A11: 7 | B11: 59 | C11: Faiza | D11: Liaqat Ali | E11: ECE | H11: L | I11: L | K11: A | L11: P | M11: P | O11: P | P11: P | Q11: P | R11: P | T11: P | V11: P | W11: P | Y11: P | Z11: P | AA11: P | AC11: P | AD11: P | AE11: P | AF11: P | AG11: P | AH11: =COUNTIF(F11:AG11,"P") -> 17 | AI11: =COUNTIF(F11:AG11,"A") -> 1 | AJ11: Present Days Detail
A12: 8 | B12: 83 | C12: Fatima | D12: Aziz-ur-Rehman | E12: ECE | H12: P | I12: P | K12: P | L12: P | M12: P | O12: P | P12: P | Q12: P | R12: P | T12: P | V12: P | W12: P | Y12: P | Z12: P | AA12: P | AC12: P | AD12: P | AE12: P | AF12: P | AG12: P | AH12: =COUNTIF(F12:AG12,"P") -> 20 | AI12: =COUNTIF(F12:AG12,"A") -> 0 | AJ12: Detail | AK12: Boys | AL12: Girls | AM12: Total
A13: 9 | B13: 89 | C13: Hafsa | D13: Hafeezullah | E13: ECE | H13: P | I13: P | K13: P | L13: P | M13: P | O13: P | P13: P | Q13: P | R13: P | T13: P | V13: P | W13: P | Y13: P | Z13: P | AA13: P | AC13: P | AD13: P | AE13: P | AF13: P | AG13: P | AH13: =COUNTIF(F13:AG13,"P") -> 20 | AI13: =COUNTIF(F13:AG13,"A") -> 0 | AJ13: Due Present days | AK13: =32*$AK$5 -> 832 | AL13: =24*$AK$5 -> 624 | AM13: =SUM(AK13:AL13) -> 1456
A14: 10 | B14: 86 | C14: Insha Arzoo | D14: Meeral | E14: ECE | H14: P | I14: P | K14: P | L14: P | M14: P | O14: P | P14: P | Q14: P | R14: P | T14: P | V14: P | W14: P | Y14: P | Z14: P | AA14: P | AC14: P | AD14: P | AE14: P | AF14: P | AG14: P | AH14: =COUNTIF(F14:AG14,"P") -> 20 | AI14: =COUNTIF(F14:AG14,"A") -> 0 | AJ14: Actual present days | AK14: =SUM(AH29:AH59) -> 506 | AL14: =SUM(AH5:AH28) -> 416 | AM14: =AK14+AL14 -> 922
A15: 11 | B15: 105 | C15: Kauser Fatima | D15: Amir Jamil | E15: ECE | H15: P | I15: P | K15: P | L15: P | M15: P | O15: P | P15: P | Q15: P | R15: P | T15: P | V15: P | W15: P | Y15: P | Z15: P | AA15: P | AC15: P | AD15: P | AE15: P | AF15: P | AG15: P | AH15: =COUNTIF(F15:AG15,"P") -> 20 | AI15: =COUNTIF(F15:AG15,"A") -> 0 | AJ15: % | AK15: =AK14/AK13 -> 0.60817308 | AL15: =AL14/AL13 -> 0.66666667 | AM15: =AM14/AM13 -> 0.63324176
A16: 12 | B16: 84 | C16: Mirha | D16: M. Luqman | E16: ECE | H16: A | I16: A | K16: A | L16: A | M16: A | O16: P | P16: P | Q16: P | R16: P | T16: P | V16: P | W16: P | Y16: P | Z16: P | AA16: A | AC16: P | AD16: P | AE16: P | AF16: P | AG16: P | AH16: =COUNTIF(F16:AG16,"P") -> 14 | AI16: =COUNTIF(F16:AG16,"A") -> 6
A17: 13 | B17: 85 | C17: Misbah Bhutto | D17: M. Azeem | E17: ECE | H17: P | I17: P | K17: P | L17: P | M17: P | O17: P | P17: P | Q17: A | R17: P | T17: P | V17: P | W17: P | Y17: P | Z17: P | AA17: P | AC17: P | AD17: P | AE17: P | AF17: P | AG17: P | AH17: =COUNTIF(F17:AG17,"P") -> 19 | AI17: =COUNTIF(F17:AG17,"A") -> 1
A18: 14 | B18: 102 | C18: Rimsha | D18: Meer Ameer-ud-Din | E18: ECE | H18: P | I18: P | K18: P | L18: P | M18: A | O18: A | P18: P | Q18: P | R18: P | T18: P | V18: A | W18: P | Y18: P | Z18: P | AA18: P | AC18: P | AD18: P | AE18: A | AF18: P | AG18: P | AH18: =COUNTIF(F18:AG18,"P") -> 16 | AI18: =COUNTIF(F18:AG18,"A") -> 4
A19: 15 | B19: 87 | C19: Sidra Batool | D19: Muhammad Khan | E19: ECE | H19: P | I19: P | K19: P | L19: P | M19: P | O19: P | P19: P | Q19: P | R19: P | T19: P | V19: P | W19: P | Y19: P | Z19: P | AA19: P | AC19: P | AD19: P | AE19: P | AF19: P | AG19: P | AH19: =COUNTIF(F19:AG19,"P") -> 20 | AI19: =COUNTIF(F19:AG19,"A") -> 0 | AJ19: Absent Days Details
A20: 16 | B20: 71 | C20: Sidra | D20: Khalid Hussain | E20: ECE | H20: P | I20: P | K20: P | L20: P | M20: P | O20: P | P20: P | Q20: P | R20: P | T20: P | V20: P | W20: P | Y20: P | Z20: A | AA20: P | AC20: P | AD20: P | AE20: P | AF20: P | AG20: P | AH20: =COUNTIF(F20:AG20,"P") -> 19 | AI20: =COUNTIF(F20:AG20,"A") -> 1 | AJ20: Detail | AK20: Boys | AL20: Girls | AM20: Total
A21: 17 | B21: 81 | C21: Taniya Bibi | D21: Wazir Ali | E21: ECE | H21: P | I21: P | K21: P | L21: P | M21: P | O21: P | P21: P | Q21: A | R21: A | T21: A | V21: A | W21: A | Y21: A | Z21: A | AA21: A | AC21: A | AD21: A | AE21: A | AF21: A | AG21: A | AH21: =COUNTIF(F21:AG21,"P") -> 7 | AI21: =COUNTIF(F21:AG21,"A") -> 13 | AJ21: Due Present days | AK21: =32*$AK$5 -> 832 | AL21: =24*$AK$5 -> 624 | AM21: =AK21+AL21 -> 1456
A22: 18 | B22: 82 | C22: Tanzeela | D22: Hizbullah | E22: ECE | H22: P | I22: P | K22: P | L22: P | M22: P | O22: P | P22: P | Q22: A | R22: P | T22: P | V22: A | W22: P | Y22: P | Z22: P | AA22: P | AC22: P | AD22: P | AE22: P | AF22: P | AG22: P | AH22: =COUNTIF(F22:AG22,"P") -> 18 | AI22: =COUNTIF(F22:AG22,"A") -> 2 | AJ22: Absent days | AK22: =AK21-AK14 -> 326 | AL22: =AL21-AL14 -> 208 | AM22: =AK22+AL22 -> 534
A23: 19 | B23: 68 | C23: Tayaba Fatima | D23: Waseem Ahmed | E23: ECE | H23: P | I23: P | K23: P | L23: A | M23: P | O23: P | P23: P | Q23: P | R23: P | T23: A | V23: P | W23: P | Y23: P | Z23: P | AA23: P | AC23: P | AD23: P | AE23: P | AF23: P | AG23: P | AH23: =COUNTIF(F23:AG23,"P") -> 18 | AI23: =COUNTIF(F23:AG23,"A") -> 2 | AJ23: % | AK23: =AK22/AK21 -> 0.39182692 | AL23: =AL22/AL21 -> 0.33333333 | AM23: =AM22/AM21 -> 0.36675824
A24: 20 | B24: 69 | C24: Tooba Noor | D24: M. Shareef | E24: ECE | H24: P | I24: P | K24: P | L24: P | M24: P | O24: P | P24: P | Q24: P | R24: P | T24: P | V24: P | W24: P | Y24: P | Z24: P | AA24: P | AC24: P | AD24: P | AE24: P | AF24: P | AG24: P | AH24: =COUNTIF(F24:AG24,"P") -> 20 | AI24: =COUNTIF(F24:AG24,"A") -> 0
A25: 21 | B25: 70 | C25: Umm-e-Kulsoom | D25: Shah Ali | E25: ECE | H25: P | I25: P | K25: P | L25: P | M25: P | O25: P | P25: P | Q25: P | R25: P | T25: A | V25: P | W25: P | Y25: P | Z25: P | AA25: P | AC25: P | AD25: P | AE25: P | AF25: P | AG25: P | AH25: 14 | AI25: =COUNTIF(F25:AG25,"A") -> 1
A26: 22 | B26: 103 | C26: Zunaira | D26: Amjad Ali | E26: ECE | H26: P | I26: P | K26: P | L26: P | M26: P | O26: P | P26: P | Q26: P | R26: P | T26: P | V26: P | W26: P | Y26: P | Z26: A | AA26: P | AC26: P | AD26: P | AE26: A | AF26: P | AG26: P | AH26: =COUNTIF(F26:AG26,"P") -> 18 | AI26: =COUNTIF(F26:AG26,"A") -> 2
A27: 23 | B27: 149 | C27: Sahib Khatoon | D27: A. Qayoom | E27: ECE | H27: P | I27: P | K27: A | L27: P | M27: A | O27: A | P27: P | Q27: A | R27: P | T27: A | V27: A | W27: P | Y27: P | Z27: P | AA27: A | AC27: P | AD27: A | AE27: P | AF27: P | AG27: P | AH27: =COUNTIF(F27:AG27,"P") -> 12 | AI27: =COUNTIF(F27:AG27,"A") -> 8
A28: 24 | B28: 169 | C28: Parsa Batool | D28: Imran Ali | E28: ECE | H28: A | I28: P | K28: P | L28: P | M28: P | O28: A | P28: P | Q28: P | R28: P | T28: P | V28: A | W28: A | Y28: P | Z28: P | AA28: A | AC28: P | AD28: P | AE28: P | AF28: P | AG28: P | AH28: =COUNTIF(F28:AG28,"P") -> 15 | AI28: =COUNTIF(F28:AG28,"A") -> 5
A29: 1 | B29: 61 | C29: Abrar | D29: Jan Muhammad | E29: ECE | H29: P | I29: P | K29: P | L29: P | M29: P | O29: A | P29: A | Q29: A | R29: A | T29: A | V29: P | W29: P | Y29: P | Z29: P | AA29: P | AC29: P | AD29: P | AE29: A | AF29: P | AG29: P | AH29: =COUNTIF(F29:AG29,"P") -> 14 | AI29: =COUNTIF(F29:AG29,"A") -> 6
A30: 2 | B30: 79 | C30: Azan Shafeeque | D30: M. Shafeeque | E30: ECE | H30: P | I30: P | K30: P | L30: P | M30: P | O30: P | P30: P | Q30: P | R30: P | T30: P | V30: P | W30: P | Y30: P | Z30: P | AA30: P | AC30: P | AD30: P | AE30: P | AF30: P | AG30: P | AH30: =COUNTIF(F30:AG30,"P") -> 20 | AI30: =COUNTIF(F30:AG30,"A") -> 0
A31: 3 | B31: 16 | C31: Azan Fayaz | D31: Fayaz Hussain | E31: ECE | H31: P | I31: P | K31: P | L31: P | M31: P | O31: P | P31: P | Q31: P | R31: P | T31: P | V31: P | W31: P | Y31: P | Z31: P | AA31: P | AC31: P | AD31: P | AE31: P | AF31: P | AG31: P | AH31: =COUNTIF(F31:AG31,"P") -> 20 | AI31: =COUNTIF(F31:AG31,"A") -> 0
A32: 4 | B32: 78 | C32: Adil Ahmed | D32: Faiz Muhammad | E32: ECE | H32: P | I32: P | K32: P | L32: P | M32: P | O32: P | P32: P | Q32: P | R32: P | T32: P | V32: P | W32: P | Y32: P | Z32: A | AA32: P | AC32: P | AD32: P | AE32: P | AF32: P | AG32: P | AH32: =COUNTIF(F32:AG32,"P") -> 19 | AI32: =COUNTIF(F32:AG32,"A") -> 1
A33: 5 | B33: 76 | C33: Ab. Qudoos | D33: Sikandar | E33: ECE | H33: P | I33: P | K33: P | L33: P | M33: P | O33: P | P33: P | Q33: P | R33: P | T33: P | V33: A | W33: P | Y33: P | Z33: P | AA33: P | AC33: P | AD33: P | AE33: P | AF33: P | AG33: P | AH33: =COUNTIF(F33:AG33,"P") -> 19 | AI33: =COUNTIF(F33:AG33,"A") -> 1
A34: 7 | B34: 108 | C34: Arham | D34: Qasim Memon | E34: ECE | H34: P | I34: P | K34: P | L34: P | M34: A | O34: P | P34: P | Q34: P | R34: P | T34: P | V34: P | W34: P | Y34: A | Z34: P | AA34: P | AC34: P | AD34: P | AE34: P | AF34: P | AG34: P | AH34: =COUNTIF(F34:AG34,"P") -> 18 | AI34: =COUNTIF(F34:AG34,"A") -> 2
A35: 8 | B35: 131 | C35: Amar Farooque | D35: M. Farooque | E35: ECE | H35: P | I35: P | K35: P | L35: P | M35: A | O35: P | P35: P | Q35: P | R35: P | T35: P | V35: P | W35: P | Y35: A | Z35: P | AA35: P | AC35: P | AD35: P | AE35: P | AF35: P | AG35: P | AH35: =COUNTIF(F35:AG35,"P") -> 18 | AI35: =COUNTIF(F35:AG35,"A") -> 2
A36: 9 | B36: 101 | C36: Ashfaque | D36: M. Zubair | E36: ECE | H36: P | I36: P | K36: P | L36: P | M36: P | O36: P | P36: P | Q36: P | R36: P | T36: P | V36: P | W36: P | Y36: P | Z36: P | AA36: P | AC36: P | AD36: P | AE36: P | AF36: P | AG36: P | AH36: =COUNTIF(F36:AG36,"P") -> 20 | AI36: =COUNTIF(F36:AG36,"A") -> 0
A37: 10 | B37: 100 | C37: Fahad | D37: M. Maroof | E37: ECE | H37: P | I37: P | K37: P | L37: P | M37: P | O37: P | P37: P | Q37: P | R37: P | T37: P | V37: P | W37: A | Y37: P | Z37: P | AA37: P | AC37: P | AD37: P | AE37: P | AF37: P | AG37: P | AH37: =COUNTIF(F37:AG37,"P") -> 19 | AI37: =COUNTIF(F37:AG37,"A") -> 1
... A59: 32 | B59: 97 | C59: Faheem | D59: M.Ibrahim | E59: ECE | H59: P | I59: P | K59: P | L59: P | M59: A | O59: P | P59: P | Q59: P | R59: P | T59: A | V59: P | W59: P | Y59: P | Z59: P | AA59: P | AC59: P | AD59: P | AE59: P | AF59: P | AG59: P | AH59: =COUNTIF(F59:AG59,"P") -> 18 | AI59: =COUNTIF(F59:AG59,"A") -> 2

Sheet Class-I
A1: Goverment high school (SJCHS)
A2: Monthly Attendence Month of February-2025
A3: S.No | B3: GR | C3: Student Name | D3: Father Name | E3: Class | F3: =TEXT(F4,"ddd") -> Sat | G3: =TEXT(G4,"ddd") -> Sun | H3: =TEXT(H4,"ddd") -> Mon | I3: =TEXT(I4,"ddd") -> Tue | J3: =TEXT(J4,"ddd") -> Wed | K3: =TEXT(K4,"ddd") -> Thu | L3: =TEXT(L4,"ddd") -> Fri | M3: =TEXT(M4,"ddd") -> Sat | ... AG3: =TEXT(AG4,"ddd") -> Fri | AH3: Present | AI3: Absent | AJ3: Year 2024
F4: 45689 | G4: 45690 | H4: 45691 | I4: 45692 | J4: 45693 | K4: 45694 | L4: 45695 | M4: 45696 | N4: 45697 | O4: 45698 | P4: 45699 | Q4: 45700 | R4: 45701 | S4: 45702 | T4: 45703 | U4: 45704 | V4: 45705 | W4: 45706 | X4: 45707 | Y4: 45708 | Z4: 45709 | AA4: 45710 | AB4: 45711 | AC4: 45712 | AD4: 45713 | AE4: 45714 | AF4: 45715 | AG4: 45716 | AJ4: Total days | AK4: =SUM(AK5:AK8) -> 31
A5: 1 | B5: 815 | C5: Anum | D5: M. Arif | E5: One | F5: PTM - PTM - PTM - PTM - PTM - PTM - PTM - PTM - PTM | G5: SUNDAY - SUNDAY - SUNDAY - SUNDAY - SUNDAY - SUNDAY - SUNDAY - SUNDAY - SUNDAY | H5: P | I5: P | J5: Kashmir Day - Kashmir Day - Kashmir Day | K5: P | L5: P | M5: P | N5: SUNDAY - SUNDAY - SUNDAY - SUNDAY - SUNDAY - SUNDAY - SUNDAY - SUNDAY - SUNDAY | O5: P | P5: A | Q5: P | R5: P | S5: Shab - E Baraat - Shab - E Baraat | T5: P | U5: SUNDAY - SUNDAY - SUNDAY - SUNDAY - SUNDAY - SUNDAY - SUNDAY - SUNDAY - SUNDAY | V5: P | W5: P | X5: URS LAL SHEHBAZ QALANDAR - URS LAL SHEHBAZ QALANDAR | Y5: P | Z5: P | AA5: P | AB5: SUNDAY - SUNDAY - SUNDAY - SUNDAY - SUNDAY - SUNDAY - SUNDAY - SUNDAY - SUNDAY | AC5: P | AD5: P | AE5: P | AF5: P | AG5: P | AH5: =COUNTIF(F5:AG5,"P") -> 19 | AI5: =COUNTIF(F5:AG5,"A") -> 1 | AJ5: Working days | AK5: 26
A6: 2 | B6: 819 | C6: Amna | D6: Saeed Ahmed | E6: One | H6: P | I6: A | K6: A | L6: A | M6: A | O6: P | P6: P | Q6: P | R6: P | T6: P | V6: P | W6: A | Y6: A | Z6: A | AA6: L | AC6: L | AD6: L | AE6: L | AF6: P | AG6: P | AH6: =COUNTIF(F6:AG6,"P") -> 9 | AI6: =COUNTIF(F6:AG6,"A") -> 7 | AJ6: Sunday | AK6: 4
A7: 3 | B7: 812 | C7: Adeeba | D7: Qurban Ali | E7: One | H7: P | I7: P | K7: P | L7: P | M7: A | O7: A | P7: A | Q7: P | R7: P | T7: P | V7: P | W7: A | Y7: P | Z7: P | AA7: P | AC7: P | AD7: P | AE7: A | AF7: P | AG7: P | AH7: =COUNTIF(F7:AG7,"P") -> 15 | AI7: =COUNTIF(F7:AG7,"A") -> 5 | AJ7: Shab-E-Mairaj | AK7: 1
A8: 4 | B8: 801 | C8: Emaan Noor | D8: Noor Mohammad | E8: One | H8: P | I8: P | K8: P | L8: P | M8: A | O8: L | P8: P | Q8: P | R8: P | T8: P | V8: P | W8: P | Y8: P | Z8: P | AA8: P | AC8: P | AD8: P | AE8: P | AF8: P | AG8: P | AH8: =COUNTIF(F8:AG8,"P") -> 18 | AI8: =COUNTIF(F8:AG8,"A") -> 1
A9: 5 | B9: 828 | C9: Horain | D9: Saeed Ahmed | E9: One | H9: P | I9: P | K9: A | L9: P | M9: A | O9: P | P9: A | Q9: P | R9: P | T9: P | V9: A | W9: A | Y9: A | Z9: A | AA9: P | AC9: P | AD9: P | AE9: P | AF9: P | AG9: P | AH9: =COUNTIF(F9:AG9,"P") -> 13 | AI9: =COUNTIF(F9:AG9,"A") -> 7
A10: 6 | B10: 829 | C10: Hannah | D10: Luqman Ali | E10: One | H10: A | I10: A | K10: A | L10: A | M10: A | O10: P | P10: P | Q10: P | R10: P | T10: P | V10: P | W10: P | Y10: P | Z10: P | AA10: A | AC10: P | AD10: P | AE10: P | AF10: P | AG10: P | AH10: =COUNTIF(F10:AG10,"P") -> 14 | AI10: =COUNTIF(F10:AG10,"A") -> 6
A11: 7 | B11: 814 | C11: Horiya | D11: Siddique | E11: One | H11: L | I11: P | K11: P | L11: P | M11: P | O11: P | P11: P | Q11: P | R11: P | T11: P | V11: P | W11: P | Y11: P | Z11: P | AA11: L | AC11: P | AD11: P | AE11: P | AF11: P | AG11: P | AH11: =COUNTIF(F11:AG11,"P") -> 18 | AI11: =COUNTIF(F11:AG11,"A") -> 0 | AJ11: Present Days Detail
A12: 8 | B12: 817 | C12: Hareem Fatima | D12: Deedar Ali | E12: One | H12: P | I12: P | K12: P | L12: P | M12: P | O12: P | P12: P | Q12: P | R12: P | T12: P | V12: P | W12: P | Y12: P | Z12: P | AA12: P | AC12: P | AD12: P | AE12: P | AF12: P | AG12: P | AH12: =COUNTIF(F12:AG12,"P") -> 20 | AI12: =COUNTIF(F12:AG12,"A") -> 0 | AJ12: Detail | AK12: Boys | AL12: Girls | AM12: Total
A13: 9 | B13: 807 | C13: Maham Noor | D13: Zaheer Abbas | E13: One | H13: P | I13: P | K13: P | L13: P | M13: P | O13: A | P13: A | Q13: A | R13: A | T13: A | V13: A | W13: A | Y13: P | Z13: P | AA13: P | AC13: P | AD13: P | AE13: P | AF13: P | AG13: P | AH13: =COUNTIF(F13:AG13,"P") -> 13 | AI13: =COUNTIF(F13:AG13,"A") -> 7 | AJ13: Due Present days | AK13: =32*$AK$5 -> 832 | AL13: =24*$AK$5 -> 624 | AM13: =SUM(AK13:AL13) -> 1456
A14: 10 | B14: 827 | C14: Maria | D14: Mehboob Ali | E14: One | H14: P | I14: P | K14: P | L14: P | M14: P | O14: P | P14: P | Q14: P | R14: P | T14: P | V14: P | W14: P | Y14: A | Z14: L | AA14: L | AC14: L | AD14: P | AE14: P | AF14: P | AG14: P | AH14: =COUNTIF(F14:AG14,"P") -> 16 | AI14: =COUNTIF(F14:AG14,"A") -> 1 | AJ14: Actual present days | AK14: =SUM(AH28:AH59) -> 535 | AL14: =SUM(AH5:AH27) -> 375 | AM14: =AK14+AL14 -> 910
A15: 11 | B15: 802 | C15: Mehreen | D15: M. Maroof | E15: One | H15: P | I15: P | K15: P | L15: P | M15: P | O15: P | P15: P | Q15: P | R15: P | T15: P | V15: P | W15: P | Y15: P | Z15: P | AA15: P | AC15: P | AD15: P | AE15: P | AF15: P | AG15: P | AH15: =COUNTIF(F15:AG15,"P") -> 20 | AI15: =COUNTIF(F15:AG15,"A") -> 0 | AJ15: % | AK15: =AK14/AK13 -> 0.64302885 | AL15: =AL14/AL13 -> 0.60096154 | AM15: =AM14/AM13 -> 0.625
A16: 12 | C16: Mahira | D16: Arbab Ali | E16: One | H16: P | I16: P | K16: P | L16: P | M16: P | O16: P | P16: P | Q16: A | R16: P | T16: P | V16: A | W16: A | Y16: P | Z16: P | AA16: P | AC16: P | AD16: P | AE16: P | AF16: P | AG16: P | AH16: =COUNTIF(F16:AG16,"P") -> 17 | AI16: =COUNTIF(F16:AG16,"A") -> 3
A17: 13 | B17: 836 | C17: Meerab | D17: Yasir Ahmed | E17: One | H17: P | I17: P | K17: P | L17: P | M17: P | O17: P | P17: P | Q17: P | R17: P | T17: P | V17: P | W17: P | Y17: P | Z17: P | AA17: P | AC17: P | AD17: P | AE17: P | AF17: P | AG17: P | AH17: =COUNTIF(F17:AG17,"P") -> 20 | AI17: =COUNTIF(F17:AG17,"A") -> 0
A18: 14 | B18: 835 | C18: Qudsia Zehra | D18: Awaheed Ali | E18: One | H18: P | I18: P | K18: A | L18: A | M18: A | O18: P | P18: P | Q18: P | R18: P | T18: A | V18: P | W18: P | Y18: P | Z18: P | AA18: P | AC18: P | AD18: P | AE18: P | AF18: P | AG18: P | AH18: =COUNTIF(F18:AG18,"P") -> 16 | AI18: =COUNTIF(F18:AG18,"A") -> 4
A19: 15 | C19: Paras | D19: Sadam | E19: One | H19: P | I19: P | K19: P | L19: P | M19: A | O19: A | P19: P | Q19: P | R19: P | T19: A | V19: P | W19: P | Y19: P | Z19: P | AA19: A | AC19: P | AD19: A | AE19: A | AF19: P | AG19: P | AH19: =COUNTIF(F19:AG19,"P") -> 14 | AI19: =COUNTIF(F19:AG19,"A") -> 6 | AJ19: Absent Days Details
A20: 16 | B20: 892 | C20: Thamna Batool | D20: Shehzad | E20: One | H20: A | I20: P | K20: P | L20: P | M20: P | O20: P | P20: P | Q20: P | R20: P | T20: P | V20: P | W20: P | Y20: P | Z20: P | AA20: P | AC20: P | AD20: P | AE20: P | AF20: P | AG20: P | AH20: =COUNTIF(F20:AG20,"P") -> 19 | AI20: =COUNTIF(F20:AG20,"A") -> 1 | AJ20: Detail | AK20: Boys | AL20: Girls | AM20: Total
A21: 17 | B21: 838 | C21: Tamana Fatima | D21: Shehzad | E21: One | H21: A | I21: P | K21: P | L21: P | M21: P | O21: P | P21: P | Q21: P | R21: P | T21: P | V21: P | W21: P | Y21: P | Z21: P | AA21: P | AC21: P | AD21: P | AE21: P | AF21: P | AG21: P | AH21: =COUNTIF(F21:AG21,"P") -> 19 | AI21: =COUNTIF(F21:AG21,"A") -> 1 | AJ21: Due Present days | AK21: =32*$AK$5 -> 832 | AL21: =24*$AK$5 -> 624 | AM21: =AK21+AL21 -> 1456
A22: 18 | B22: 808 | C22: Haram | D22: Moien Khan | E22: One | H22: A | I22: P | K22: P | L22: A | M22: L | O22: P | P22: P | Q22: A | R22: A | T22: A | V22: P | W22: P | Y22: P | Z22: P | AA22: P | AC22: P | AD22: P | AE22: P | AF22: P | AG22: P | AH22: =COUNTIF(F22:AG22,"P") -> 14 | AI22: =COUNTIF(F22:AG22,"A") -> 5 | AJ22: Absent days | AK22: =AK21-AK14 -> 297 | AL22: =AL21-AL14 -> 249 | AM22: =AK22+AL22 -> 546
A23: 19 | B23: 800 | C23: Ayesha | D23: A. Latif | E23: One | H23: P | I23: P | K23: P | L23: P | M23: P | O23: P | P23: P | Q23: P | R23: P | T23: P | V23: P | W23: P | Y23: P | Z23: P | AA23: P | AC23: P | AD23: P | AE23: P | AF23: P | AG23: P | AH23: =COUNTIF(F23:AG23,"P") -> 20 | AI23: =COUNTIF(F23:AG23,"A") -> 0 | AJ23: % | AK23: =AK22/AK21 -> 0.35697115 | AL23: =AL22/AL21 -> 0.39903846 | AM23: =AM22/AM21 -> 0.375
A24: 20 | B24: 823 | C24: Zaiba Bakhtawar | D24: Hameed | E24: One | H24: P | I24: P | K24: P | L24: A | M24: P | O24: P | P24: P | Q24: P | R24: P | T24: A | V24: P | W24: A | Y24: P | Z24: A | AA24: P | AC24: A | AD24: P | AE24: A | AF24: P | AG24: P | AH24: =COUNTIF(F24:AG24,"P") -> 14 | AI24: =COUNTIF(F24:AG24,"A") -> 6
A25: 21 | B25: 793 | C25: Zainab | D25: A. Aziz | E25: One | H25: P | I25: P | K25: P | L25: P | M25: P | O25: P | P25: P | Q25: P | R25: P | T25: P | V25: P | W25: P | Y25: P | Z25: P | AA25: P | AC25: P | AD25: P | AE25: P | AF25: P | AG25: P | AH25: =COUNTIF(F25:AG25,"P") -> 20 | AI25: =COUNTIF(F25:AG25,"A") -> 0
A26: 22 | B26: 811 | C26: Zainab | D26: Zulfiqar | E26: One | H26: P | I26: P | K26: P | L26: P | M26: P | O26: P | P26: P | Q26: P | R26: P | T26: P | V26: P | W26: P | Y26: P | Z26: P | AA26: P | AC26: P | AD26: P | AE26: P | AF26: P | AG26: P | AH26: =COUNTIF(F26:AG26,"P") -> 20 | AI26: =COUNTIF(F26:AG26,"A") -> 0
A27: 23 | B27: 822 | C27: Ayat | D27: Mir Muhammad | E27: One | H27: A | I27: P | K27: A | L27: A | M27: A | O27: A | P27: A | Q27: A | R27: A | T27: A | V27: A | W27: P | Y27: A | Z27: P | AA27: P | AC27: P | AD27: A | AE27: P | AF27: A | AG27: P | AH27: =COUNTIF(F27:AG27,"P") -> 7 | AI27: =COUNTIF(F27:AG27,"A") -> 13
A28: 1 | B28: 824 | C28: Arsalan | D28: Zulfiqar | E28: One | H28: P | I28: P | K28: P | L28: P | M28: P | O28: P | P28: P | Q28: P | R28: P | T28: P | V28: P | W28: P | Y28: P | Z28: P | AA28: P | AC28: P | AD28: P | AE28: P | AF28: P | AG28: P | AH28: =COUNTIF(F28:AG28,"P") -> 20 | AI28: =COUNTIF(F28:AG28,"A") -> 0
A29: 2 | B29: 791 | C29: Arsalan | D29: Faheem | E29: One | H29: P | I29: P | K29: P | L29: P | M29: A | O29: P | P29: A | Q29: P | R29: P | T29: A | V29: P | W29: P | Y29: A | Z29: P | AA29: A | AC29: P | AD29: P | AE29: P | AF29: P | AG29: P | AH29: =COUNTIF(F29:AG29,"P") -> 15 | AI29: =COUNTIF(F29:AG29,"A") -> 5
A30: 3 | B30: 809 | C30: Ahmed Nawaz | D30: Ali Nawaz | E30: One | H30: P | I30: P | K30: P | L30: A | M30: P | O30: P | P30: P | Q30: P | R30: P | T30: P | V30: P | W30: A | Y30: P | Z30: P | AA30: A | AC30: P | AD30: P | AE30: P | AF30: P | AG30: P | AH30: =COUNTIF(F30:AG30,"P") -> 17 | AI30: =COUNTIF(F30:AG30,"A") -> 3
A31: 4 | B31: 837 | C31: A. Malik | D31: Sohail | E31: One | H31: P | I31: A | K31: P | L31: P | M31: A | O31: P | P31: P | Q31: A | R31: P | T31: P | V31: A | W31: P | Y31: P | Z31: P | AA31: A | AC31: P | AD31: P | AE31: P | AF31: P | AG31: P | AH31: =COUNTIF(F31:AG31,"P") -> 15 | AI31: =COUNTIF(F31:AG31,"A") -> 5
A32: 5 | B32: 798 | C32: Abdullah | D32: Imtiaz | E32: One | H32: P | I32: P | K32: P | L32: P | M32: P | O32: P | P32: P | Q32: P | R32: A | T32: A | V32: P | W32: P | Y32: P | Z32: P | AA32: P | AC32: P | AD32: P | AE32: P | AF32: P | AG32: P | AH32: =COUNTIF(F32:AG32,"P") -> 18 | AI32: =COUNTIF(F32:AG32,"A") -> 2
A33: 6 | B33: 816 | C33: Aqeel | D33: A. Ghaffar | E33: One | H33: P | I33: P | K33: P | L33: P | M33: P | O33: P | P33: P | Q33: P | R33: P | T33: P | V33: P | W33: P | Y33: P | Z33: P | AA33: P | AC33: P | AD33: A | AE33: P | AF33: P | AG33: P | AH33: =COUNTIF(F33:AG33,"P") -> 19 | AI33: =COUNTIF(F33:AG33,"A") -> 1
A34: 7 | B34: 797 | C34: A. Wasay | D34: Aslam | E34: One | H34: A | I34: A | K34: A | L34: A | M34: A | O34: A | P34: A | Q34: A | R34: A | T34: A | V34: A | W34: A | Y34: A | Z34: A | AA34: A | AC34: A | AD34: A | AE34: A | AF34: A | AG34: A | AH34: =COUNTIF(F34:AG34,"P") -> 0 | AI34: =COUNTIF(F34:AG34,"A") -> 20
A35: 8 | C35: A. Qadir | D35: A. Hammad | E35: One | H35: A | I35: A | K35: A | L35: A | M35: A | O35: A | P35: A | Q35: A | R35: A | T35: P | V35: P | W35: P | Y35: P | Z35: P | AA35: P | AC35: P | AD35: P | AE35: P | AF35: P | AG35: P | AH35: =COUNTIF(F35:AG35,"P") -> 11 | AI35: =COUNTIF(F35:AG35,"A") -> 9
A36: 9 | B36: 795 | C36: Asghar Ali | D36: Akbar Ali | E36: One | H36: P | I36: P | K36: P | L36: P | M36: P | O36: P | P36: P | Q36: P | R36: P | T36: P | V36: P | W36: P | Y36: P | Z36: P | AA36: P | AC36: P | AD36: P | AE36: P | AF36: P | AG36: P | AH36: =COUNTIF(F36:AG36,"P") -> 20 | AI36: =COUNTIF(F36:AG36,"A") -> 0
A37: 10 | B37: 796 | C37: A. Nafay | D37: Irshad ul Haq | E37: One | H37: P | I37: P | K37: P | L37: P | M37: P | O37: P | P37: P | Q37: P | R37: P | T37: P | V37: P | W37: P | Y37: P | Z37: P | AA37: P | AC37: P | AD37: P | AE37: P | AF37: P | AG37: P | AH37: =COUNTIF(F37:AG37,"P") -> 20 | AI37: =COUNTIF(F37:AG37,"A") -> 0
A38: 11 | B38: 821 | C38: Hasaan | D38: Manzoor | E38: One | H38: P | I38: A | K38: P | L38: A | M38: A | O38: A | P38: P | Q38: P | R38: P | T38: A | V38: A | W38: A | Y38: P | Z38: P | AA38: P | AC38: P | AD38: P | AE38: P | AF38: P | AG38: P | AH38: =COUNTIF(F38:AG38,"P") -> 13 | AI38: =COUNTIF(F38:AG38,"A") -> 7
A39: 12 | B39: 776 | C39: Hammad | D39: Rehmatullah | E39: One | H39: P | I39: P | K39: P | L39: P | M39: P | O39: P | P39: P | Q39: P | R39: P | T39: P | V39: P | W39: P | Y39: P | Z39: P | AA39: P | AC39: P | AD39: P | AE39: P | AF39: P | AG39: P | AH39: =COUNTIF(F39:AG39,"P") -> 20 | AI39: =COUNTIF(F39:AG39,"A") -> 0
A40: 13 | B40: 820 | C40: Hammad | D40: Shahid | E40: One | H40: P | I40: P | K40: P | L40: P | M40: P | O40: P | P40: P | Q40: P | R40: A | T40: P | V40: P | W40: A | Y40: P | Z40: P | AA40: P | AC40: P | AD40: P | AE40: P | AF40: P | AG40: P | AH40: =COUNTIF(F40:AG40,"P") -> 18 | AI40: =COUNTIF(F40:AG40,"A") -> 2
A41: 14 | B41: 832 | C41: Hussain | D41: A. Bakar | E41: One | H41: P | I41: P | K41: P | L41: P | M41: P | O41: P | P41: A | Q41: P | R41: P | T41: P | V41: P | W41: P | Y41: P | Z41: P | AA41: P | AC41: P | AD41: P | AE41: P | AF41: P | AG41: P | AH41: =COUNTIF(F41:AG41,"P") -> 19 | AI41: =COUNTIF(F41:AG41,"A") -> 1
A42: 15 | B42: 818 | C42: Haseeb | D42: Saeed | E42: One | H42: P | I42: A | K42: A | L42: A | M42: A | O42: P | P42: P | Q42: P | R42: P | T42: P | V42: P | W42: A | Y42: P | Z42: A | AA42: L | AC42: L | AD42: L | AE42: L | AF42: P | AG42: P | AH42: =COUNTIF(F42:AG42,"P") -> 10 | AI42: =COUNTIF(F42:AG42,"A") -> 6
A43: 16 | C43: Ismail | D43: M. Raheem | E43: One | H43: P | I43: P | K43: P | L43: P | M43: P | O43: P | P43: P | Q43: P | R43: P | T43: P | V43: A | W43: P | Y43: P | Z43: P | AA43: A | AC43: P | AD43: A | AE43: P | AF43: P | AG43: P | AH43: =COUNTIF(F43:AG43,"P") -> 17 | AI43: =COUNTIF(F43:AG43,"A") -> 3
A44: 17 | B44: 825 | C44: M. Salar | D44: Saeed Ahmed | E44: One | H44: P | I44: P | K44: P | L44: P | M44: A | O44: A | P44: A | Q44: P | R44: P | T44: P | V44: P | W44: P | Y44: A | Z44: A | AA44: P | AC44: P | AD44: A | AE44: A | AF44: P | AG44: P | AH44: =COUNTIF(F44:AG44,"P") -> 13 | AI44: =COUNTIF(F44:AG44,"A") -> 7
A45: 18 | B45: 831 | C45: M. Umer | D45: A. Bakar | E45: One | H45: P | I45: P | K45: P | L45: A | M45: P | O45: P | P45: P | Q45: P | R45: P | T45: P | V45: P | W45: P | Y45: P | Z45: P | AA45: P | AC45: P | AD45: A | AE45: A | AF45: P | AG45: P | AH45: =COUNTIF(F45:AG45,"P") -> 17 | AI45: =COUNTIF(F45:AG45,"A") -> 3
A46: 19 | B46: 833 | C46: M. Mashab | D46: Hafizullah | E46: One | H46: P | I46: P | K46: P | L46: P | M46: P | O46: P | P46: A | Q46: P | R46: P | T46: P | V46: P | W46: P | Y46: P | Z46: P | AA46: P | AC46: P | AD46: P | AE46: P | AF46: P | AG46: P | AH46: =COUNTIF(F46:AG46,"P") -> 19 | AI46: =COUNTIF(F46:AG46,"A") -> 1
A47: 20 | B47: 830 | C47: M. Salman | D47: Waheed | E47: One | H47: A | I47: A | K47: P | L47: P | M47: P | O47: P | P47: P | Q47: P | R47: P | T47: P | V47: P | W47: P | Y47: P | Z47: P | AA47: P | AC47: P | AD47: P | AE47: P | AF47: P | AG47: P | AH47: =COUNTIF(F47:AG47,"P") -> 18 | AI47: =COUNTIF(F47:AG47,"A") -> 2
A48: 21 | B48: 813 | C48: M. Mairaj | D48: Sajad | E48: One | H48: P | I48: P | K48: P | L48: P | M48: P | O48: P | P48: P | Q48: P | R48: P | T48: P | V48: P | W48: P | Y48: P | Z48: P | AA48: P | AC48: P | AD48: P | AE48: P | AF48: P | AG48: P | AH48: =COUNTIF(F48:AG48,"P") -> 20 | AI48: =COUNTIF(F48:AG48,"A") -> 0
A49: 22 | C49: M. Talha | D49: Umair | E49: One | H49: P | I49: P | K49: P | L49: P | M49: P | O49: P | P49: P | Q49: P | R49: P | T49: P | V49: P | W49: P | Y49: P | Z49: P | AA49: P | AC49: P | AD49: P | AE49: P | AF49: P | AG49: P | AH49: =COUNTIF(F49:AG49,"P") -> 20 | AI49: =COUNTIF(F49:AG49,"A") -> 0
A50: 23 | B50: 804 | C50: M. Mudasir | D50: Hisbullah | E50: One | H50: P | I50: P | K50: P | L50: P | M50: P | O50: P | P50: P | Q50: P | R50: P | T50: P | V50: P | W50: P | Y50: P | Z50: P | AA50: P | AC50: P | AD50: P | AE50: P | AF50: P | AG50: P | AH50: =COUNTIF(F50:AG50,"P") -> 20 | AI50: =COUNTIF(F50:AG50,"A") -> 0
A51: 24 | B51: 794 | C51: M. Mubashir | D51: Meer Ameer | E51: One | H51: P | I51: P | K51: P | L51: P | M51: P | O51: P | P51: A | Q51: A | R51: A | T51: P | V51: P | W51: P | Y51: A | Z51: P | AA51: P | AC51: P | AD51: P | AE51: A | AF51: P | AG51: P | AH51: =COUNTIF(F51:AG51,"P") -> 15 | AI51: =COUNTIF(F51:AG51,"A") -> 5
A52: 25 | B52: 826 | C52: Muzzamil | D52: Mehboob | E52: One | H52: P | I52: P | K52: P | L52: A | M52: P | O52: P | P52: P | Q52: P | R52: P | T52: P | V52: P | W52: P | Y52: A | Z52: A | AA52: L | AC52: L | AD52: P | AE52: P | AF52: P | AG52: P | AH52: =COUNTIF(F52:AG52,"P") -> 15 | AI52: =COUNTIF(F52:AG52,"A") -> 3
A53: 26 | B53: 803 | C53: Muzammil | D53: Rana Bhutto | E53: One | H53: A | I53: P | K53: P | L53: P | M53: P | O53: A | P53: A | Q53: A | R53: P | T53: P | V53: L | W53: L | Y53: P | Z53: P | AA53: P | AC53: P | AD53: P | AE53: P | AF53: P | AG53: P | AH53: =COUNTIF(F53:AG53,"P") -> 14 | AI53: =COUNTIF(F53:AG53,"A") -> 4
A54: 27 | B54: 810 | C54: M. Taha | D54: Maqsood Ahmed | E54: One | H54: A | I54: A | K54: P | L54: P | M54: P | O54: P | P54: P | Q54: P | R54: P | T54: P | V54: P | W54: P | Y54: P | Z54: A | AA54: P | AC54: P | AD54: P | AE54: P | AF54: P | AG54: P | AH54: =COUNTIF(F54:AG54,"P") -> 17 | AI54: =COUNTIF(F54:AG54,"A") -> 3
A55: 28 | B55: 834 | C55: M. Azaan | D55: Akhtiar | E55: One | H55: P | I55: P | K55: P | L55: A | M55: P | O55: P | P55: P | Q55: P | R55: P | T55: A | V55: P | W55: P | Y55: P | Z55: P | AA55: P | AC55: P | AD55: P | AE55: P | AF55: P | AG55: P | AH55: =COUNTIF(F55:AG55,"P") -> 18 | AI55: =COUNTIF(F55:AG55,"A") -> 2
A56: 29 | B56: 806 | C56: Tanzaib Ali | D56: Shahid Ali | E56: One | H56: P | I56: P | K56: P | L56: P | M56: P | O56: P | P56: P | Q56: P | R56: P | T56: P | V56: P | W56: P | Y56: P | Z56: P | AA56: P | AC56: P | AD56: P | AE56: P | AF56: P | AG56: P | AH56: =COUNTIF(F56:AG56,"P") -> 20 | AI56: =COUNTIF(F56:AG56,"A") -> 0
A57: 30 | B57: 799 | C57: Umer | D57: Amaan | E57: One | H57: P | I57: P | K57: P | L57: A | M57: P | O57: P | P57: P | Q57: P | R57: P | T57: P | V57: P | W57: P | Y57: P | Z57: P | AA57: P | AC57: P | AD57: P | AE57: P | AF57: P | AG57: P | AH57: =COUNTIF(F57:AG57,"P") -> 19 | AI57: =COUNTIF(F57:AG57,"A") -> 1
A58: 31 | B58: 805 | C58: Umer | D58: Imran | E58: One | H58: P | I58: P | K58: P | L58: P | M58: P | O58: P | P58: A | Q58: P | R58: P | T58: P | V58: P | W58: P | Y58: P | Z58: P | AA58: P | AC58: P | AD58: P | AE58: P | AF58: P | AG58: P | AH58: =COUNTIF(F58:AG58,"P") -> 19 | AI58: =COUNTIF(F58:AG58,"A") -> 1
A59: 32 | C59: Zain Ali | D59: Altaf | E59: One | H59: P | I59: P | K59: P | L59: P | M59: P | O59: P | P59: P | Q59: P | R59: P | T59: A | V59: P | W59: P | Y59: P | Z59: P | AA59: P | AC59: P | AD59: P | AE59: P | AF59: P | AG59: P | AH59: =COUNTIF(F59:AG59,"P") -> 19 | AI59: =COUNTIF(F59:AG59,"A") -> 1

Sheet Class-II
A1: Goverment High School (SJCHS)
A2: Monthly Attendence Month of February-2025
A3: S.No | B3: GR | C3: Student Name | D3: Father Name | E3: Class | F3: =TEXT(F4,"ddd") -> Sat | G3: =TEXT(G4,"ddd") -> Sun | H3: =TEXT(H4,"ddd") -> Mon | I3: =TEXT(I4,"ddd") -> Tue | J3: =TEXT(J4,"ddd") -> Wed | K3: =TEXT(K4,"ddd") -> Thu | L3: =TEXT(L4,"ddd") -> Fri | M3: =TEXT(M4,"ddd") -> Sat | ... AG3: =TEXT(AG4,"ddd") -> Fri | AH3: Present | AI3: Absent | AJ3: Year 2024
F4: 45689 | G4: 45690 | H4: 45691 | I4: 45692 | J4: 45693 | K4: 45694 | L4: 45695 | M4: 45696 | N4: 45697 | O4: 45698 | P4: 45699 | Q4: 45700 | R4: 45701 | S4: 45702 | T4: 45703 | U4: 45704 | V4: 45705 | W4: 45706 | X4: 45707 | Y4: 45708 | Z4: 45709 | AA4: 45710 | AB4: 45711 | AC4: 45712 | AD4: 45713 | AE4: 45714 | AF4: 45715 | AG4: 45716 | AJ4: Total days | AK4: =SUM(AK5:AK8) -> 31
A5: 1 | B5: 772 | C5: Abiha Zehra | D5: Ab. Mateen | E5: Two | F5: PTM - PTM - PTM - PTM - PTM - PTM - PTM - PTM - PTM | G5: SUNDAY - SUNDAY - SUNDAY - SUNDAY - SUNDAY - SUNDAY | H5: P | I5: P | J5: Kashmir Day - Kashmir Day - Kashmir Day | K5: P | L5: P | M5: P | N5: SUNDAY - SUNDAY - SUNDAY - SUNDAY - SUNDAY - SUNDAY | O5: P | P5: P | Q5: P | R5: A | S5: Shab - E Baraat - Shab - E Baraat | T5: A | U5: SUNDAY - SUNDAY - SUNDAY - SUNDAY - SUNDAY - SUNDAY | V5: A | W5: A | X5: URS LAL SHEHBAZ QALANDAR - URS LAL SHEHBAZ QALANDAR | Y5: A | Z5: P | AA5: P | AB5: SUNDAY - SUNDAY - SUNDAY - SUNDAY - SUNDAY - SUNDAY | AC5: P | AD5: A | AE5: A | AF5: P | AG5: P | AH5: =COUNTIF(F5:AG5,"P") -> 13 | AI5: =COUNTIF(F5:AG5,"A") -> 7 | AJ5: Working days | AK5: 26
A6: 2 | B6: 673 | C6: Aleena Zia | D6: Khuda Baksh | E6: Two | H6: P | I6: P | K6: L | L6: L | M6: L | O6: L | P6: L | Q6: L | R6: L | T6: L | V6: P | W6: P | Y6: P | Z6: P | AA6: P | AC6: P | AD6: P | AE6: P | AF6: P | AG6: P | AH6: =COUNTIF(F6:AG6,"P") -> 12 | AI6: =COUNTIF(F6:AG6,"A") -> 0 | AJ6: Sunday | AK6: 4
A7: 3 | B7: 523 | C7: Anumta Jamali | D7: Zaheer Abbas | E7: Two | H7: P | I7: P | K7: P | L7: P | M7: P | O7: P | P7: P | Q7: P | R7: P | T7: P | V7: P | W7: P | Y7: P | Z7: P | AA7: P | AC7: P | AD7: P | AE7: P | AF7: P | AG7: P | AH7: =COUNTIF(F7:AG7,"P") -> 20 | AI7: =COUNTIF(F7:AG7,"A") -> 0 | AJ7: Shab-E-Mairaj | AK7: 1
A8: 4 | B8: 665 | C8: Ayat | D8: Faiq Ali | E8: Two | H8: P | I8: P | K8: P | L8: P | M8: P | O8: P | P8: P | Q8: P | R8: P | T8: A | V8: P | W8: P | Y8: P | Z8: A | AA8: P | AC8: P | AD8: P | AE8: P | AF8: P | AG8: P | AH8: =COUNTIF(F8:AG8,"P") -> 18 | AI8: =COUNTIF(F8:AG8,"A") -> 2
A9: 5 | B9: 656 | C9: Ayesha | D9: Ali Muhammad | E9: Two | H9: P | I9: P | K9: P | L9: P | M9: P | O9: P | P9: P | Q9: P | R9: P | T9: P | V9: A | W9: P | Y9: P | Z9: P | AA9: P | AC9: P | AD9: P | AE9: A | AF9: P | AG9: P | AH9: =COUNTIF(F9:AG9,"P") -> 18 | AI9: =COUNTIF(F9:AG9,"A") -> 2
A10: 6 | B10: 910 | C10: Ayesha | D10: Zulfiqar | E10: Two | H10: P | I10: P | K10: P | L10: P | M10: P | O10: P | P10: P | Q10: P | R10: P | T10: P | V10: P | W10: P | Y10: P | Z10: L | AA10: P | AC10: P | AD10: P | AE10: P | AF10: P | AG10: P | AH10: =COUNTIF(F10:AG10,"P") -> 19 | AI10: =COUNTIF(F10:AG10,"A") -> 0
A11: 7 | B11: 679 | C11: Dua | D11: Akbar Ali | E11: Two | H11: P | I11: P | K11: P | L11: P | M11: P | O11: P | P11: P | Q11: P | R11: P | T11: P | V11: P | W11: P | Y11: P | Z11: P | AA11: P | AC11: P | AD11: P | AE11: P | AF11: P | AG11: P | AH11: =COUNTIF(F11:AG11,"P") -> 20 | AI11: =COUNTIF(F11:AG11,"A") -> 0 | AJ11: Present Days Detail
A12: 8 | B12: 675 | C12: Fiza | D12: Ahsan ali | E12: Two | H12: P | I12: P | K12: P | L12: P | M12: P | O12: P | P12: P | Q12: P | R12: P | T12: P | V12: P | W12: P | Y12: P | Z12: P | AA12: P | AC12: P | AD12: P | AE12: P | AF12: P | AG12: P | AH12: =COUNTIF(F12:AG12,"P") -> 20 | AI12: =COUNTIF(F12:AG12,"A") -> 0 | AJ12: Detail | AK12: Boys | AL12: Girls | AM12: Total
A13: 9 | B13: 774 | C13: Jannat Fatima | D13: Zulfiqar | E13: Two | H13: P | I13: P | K13: P | L13: P | M13: A | O13: P | P13: P | Q13: P | R13: P | T13: P | V13: P | W13: P | Y13: P | Z13: P | AA13: P | AC13: P | AD13: P | AE13: P | AF13: P | AG13: P | AH13: =COUNTIF(F13:AG13,"P") -> 19 | AI13: =COUNTIF(F13:AG13,"A") -> 1 | AJ13: Due Present days | AK13: =26*$AK$5 -> 676 | AL13: =26*$AK$5 -> 676 | AM13: =SUM(AK13:AL13) -> 1352
A14: 10 | B14: 655 | C14: Kashaf | D14: Abdul Rehman | E14: Two | H14: P | I14: P | K14: P | L14: P | M14: P | O14: P | P14: P | Q14: P | R14: P | T14: P | V14: P | W14: P | Y14: P | Z14: P | AA14: P | AC14: P | AD14: P | AE14: P | AF14: P | AG14: P | AH14: =COUNTIF(F14:AG14,"P") -> 20 | AI14: =COUNTIF(F14:AG14,"A") -> 0 | AJ14: Actual present days | AK14: =SUM(AH28:AH51) -> 424 | AL14: =SUM(AH5:AH27) -> 414 | AM14: =AK14+AL14 -> 838
A15: 11 | B15: 653 | C15: Kashish | D15: M. Noman | E15: Two | H15: P | I15: P | K15: P | L15: P | M15: P | O15: P | P15: P | Q15: P | R15: P | T15: P | V15: P | W15: P | Y15: P | Z15: P | AA15: A | AC15: P | AD15: P | AE15: P | AF15: P | AG15: P | AH15: =COUNTIF(F15:AG15,"P") -> 19 | AI15: =COUNTIF(F15:AG15,"A") -> 1 | AJ15: % | AK15: =AK14/AK13 -> 0.62721893 | AL15: =AL14/AL13 -> 0.61242604 | AM15: =AM14/AM13 -> 0.61982249
A16: 12 | B16: 657 | C16: Masooma | D16: M. Raheem | E16: Two | H16: P | I16: P | K16: P | L16: P | M16: P | O16: P | P16: P | Q16: P | R16: P | T16: P | V16: A | W16: P | Y16: P | Z16: P | AA16: A | AC16: P | AD16: A | AE16: P | AF16: P | AG16: P | AH16: =COUNTIF(F16:AG16,"P") -> 17 | AI16: =COUNTIF(F16:AG16,"A") -> 3
A17: 13 | B17: 672 | C17: Muneeza | D17: Mir Amirudin | E17: Two | H17: P | I17: P | K17: P | L17: P | M17: P | O17: A | P17: A | Q17: A | R17: P | T17: P | V17: P | W17: P | Y17: A | Z17: P | AA17: A | AC17: P | AD17: P | AE17: A | AF17: P | AG17: P | AH17: =COUNTIF(F17:AG17,"P") -> 14 | AI17: =COUNTIF(F17:AG17,"A") -> 6
A18: 14 | B18: 702 | C18: Nayyara | D18: Khalid Hussain | E18: Two | H18: P | I18: P | K18: P | L18: P | M18: P | O18: P | P18: A | Q18: A | R18: A | T18: A | V18: A | W18: P | Y18: A | Z18: A | AA18: A | AC18: P | AD18: P | AE18: P | AF18: P | AG18: P | AH18: =COUNTIF(F18:AG18,"P") -> 12 | AI18: =COUNTIF(F18:AG18,"A") -> 8
A19: 15 | B19: 659 | C19: Rashida | D19: Sajjad Ahmed | E19: Two | H19: P | I19: P | K19: P | L19: P | M19: A | O19: P | P19: P | Q19: P | R19: P | T19: P | V19: P | W19: P | Y19: P | Z19: P | AA19: P | AC19: P | AD19: P | AE19: P | AF19: P | AG19: P | AH19: =COUNTIF(F19:AG19,"P") -> 19 | AI19: =COUNTIF(F19:AG19,"A") -> 1 | AJ19: Absent Days Details
A20: 16 | B20: 661 | C20: Rubab Zahra | D20: Abdul Aziz | E20: Two | H20: P | I20: P | K20: P | L20: P | M20: P | O20: P | P20: P | Q20: P | R20: P | T20: P | V20: P | W20: P | Y20: P | Z20: P | AA20: P | AC20: P | AD20: P | AE20: P | AF20: P | AG20: P | AH20: =COUNTIF(F20:AG20,"P") -> 20 | AI20: =COUNTIF(F20:AG20,"A") -> 0 | AJ20: Detail | AK20: Boys | AL20: Girls | AM20: Total
A21: 17 | B21: 522 | C21: Soha Jamali | D21: Sajid Ali | E21: Two | H21: P | I21: P | K21: P | L21: P | M21: P | O21: P | P21: P | Q21: P | R21: P | T21: A | V21: P | W21: P | Y21: P | Z21: P | AA21: P | AC21: P | AD21: P | AE21: P | AF21: P | AG21: P | AH21: =COUNTIF(F21:AG21,"P") -> 19 | AI21: =COUNTIF(F21:AG21,"A") -> 1 | AJ21: Due Present days | AK21: =26*$AK$5 -> 676 | AL21: =26*$AK$5 -> 676 | AM21: =AK21+AL21 -> 1352
A22: 18 | B22: 654 | C22: Sehar Fatima | D22: Altaf Hussain | E22: Two | H22: P | I22: P | K22: P | L22: P | M22: P | O22: P | P22: P | Q22: P | R22: P | T22: P | V22: P | W22: P | Y22: P | Z22: P | AA22: P | AC22: P | AD22: P | AE22: P | AF22: P | AG22: P | AH22: =COUNTIF(F22:AG22,"P") -> 20 | AI22: =COUNTIF(F22:AG22,"A") -> 0 | AJ22: Absent days | AK22: =AK21-AK14 -> 252 | AL22: =AL21-AL14 -> 262 | AM22: =AK22+AL22 -> 514
A23: 19 | B23: 660 | C23: Saba | D23: Asif | E23: Two | H23: P | I23: P | K23: P | L23: P | M23: P | O23: P | P23: P | Q23: P | R23: P | T23: P | V23: P | W23: P | Y23: P | Z23: P | AA23: P | AC23: P | AD23: P | AE23: P | AF23: P | AG23: P | AH23: =COUNTIF(F23:AG23,"P") -> 20 | AI23: =COUNTIF(F23:AG23,"A") -> 0 | AJ23: % | AK23: =AK22/AK21 -> 0.37278107 | AL23: =AL22/AL21 -> 0.38757396 | AM23: =AM22/AM21 -> 0.38017751
A24: 20 | B24: 841 | C24: Sehrish | D24: Fida Hussain | E24: Two | H24: P | I24: P | K24: P | L24: P | M24: P | O24: P | P24: P | Q24: P | R24: P | T24: A | V24: P | W24: A | Y24: P | Z24: P | AA24: P | AC24: P | AD24: P | AE24: P | AF24: P | AG24: P | AH24: =COUNTIF(F24:AG24,"P") -> 18 | AI24: =COUNTIF(F24:AG24,"A") -> 2
A25: 21 | B25: 676 | C25: Tahreem Fatima | D25: Khalid Hussain | E25: Two | H25: P | I25: A | K25: P | L25: P | M25: P | O25: P | P25: P | Q25: P | R25: P | T25: P | V25: P | W25: P | Y25: P | Z25: P | AA25: P | AC25: P | AD25: P | AE25: P | AF25: P | AG25: P | AH25: =COUNTIF(F25:AG25,"P") -> 19 | AI25: =COUNTIF(F25:AG25,"A") -> 1
A26: 22 | B26: 658 | C26: Taskeen | D26: Amjad Ali | E26: Two | H26: P | I26: P | K26: P | L26: P | M26: P | O26: P | P26: P | Q26: P | R26: P | T26: P | V26: P | W26: P | Y26: P | Z26: A | AA26: P | AC26: P | AD26: A | AE26: P | AF26: P | AG26: P | AH26: =COUNTIF(F26:AG26,"P") -> 18 | AI26: =COUNTIF(F26:AG26,"A") -> 2
A27: 23 | B27: 785 | C27: Zainab | D27: Sikandar | E27: Two | H27: P | I27: P | K27: P | L27: P | M27: P | O27: P | P27: P | Q27: P | R27: P | T27: P | V27: P | W27: P | Y27: P | Z27: P | AA27: P | AC27: P | AD27: P | AE27: P | AF27: P | AG27: P | AH27: =COUNTIF(F27:AG27,"P") -> 20 | AI27: =COUNTIF(F27:AG27,"A") -> 0
A28: 1 | B28: 784 | C28: Abdul Musawir | D28: M. Ismail | E28: Two | H28: P | I28: P | K28: P | L28: P | M28: P | O28: P | P28: P | Q28: P | R28: P | T28: P | V28: P | W28: P | Y28: P | Z28: P | AA28: P | AC28: P | AD28: P | AE28: A | AF28: P | AG28: P | AH28: =COUNTIF(F28:AG28,"P") -> 19 | AI28: =COUNTIF(F28:AG28,"A") -> 1
A29: 2 | B29: 700 | C29: Abdul Rehman | D29: Sajid Ali | E29: Two | H29: P | I29: P | K29: P | L29: P | M29: P | O29: P | P29: P | Q29: P | R29: P | T29: P | V29: P | W29: P | Y29: P | Z29: P | AA29: P | AC29: P | AD29: P | AE29: P | AF29: A | AG29: P | AH29: =COUNTIF(F29:AG29,"P") -> 19 | AI29: =COUNTIF(F29:AG29,"A") -> 1
A30: 3 | B30: 680 | C30: Abdul Wahab | D30: Abdul Hafeez | E30: Two | H30: P | I30: P | K30: P | L30: P | M30: P | O30: P | P30: P | Q30: P | R30: P | T30: A | V30: A | W30: P | Y30: A | Z30: P | AA30: A | AC30: A | AD30: P | AE30: P | AF30: P | AG30: P | AH30: =COUNTIF(F30:AG30,"P") -> 15 | AI30: =COUNTIF(F30:AG30,"A") -> 5
A31: 4 | B31: 650 | C31: Abdullah | D31: Riazuddin | E31: Two | H31: P | I31: P | K31: P | L31: P | M31: P | O31: P | P31: P | Q31: P | R31: P | T31: P | V31: P | W31: P | Y31: A | Z31: A | AA31: P | AC31: P | AD31: P | AE31: P | AF31: P | AG31: P | AH31: =COUNTIF(F31:AG31,"P") -> 18 | AI31: =COUNTIF(F31:AG31,"A") -> 2
A32: 5 | B32: 911 | C32: Burair Abbas | D32: Azhar Abbas | E32: Two | H32: P | I32: P | K32: P | L32: P | M32: P | O32: P | P32: P | Q32: P | R32: P | T32: P | V32: P | W32: P | Y32: P | Z32: P | AA32: P | AC32: P | AD32: P | AE32: P | AF32: P | AG32: P | AH32: =COUNTIF(F32:AG32,"P") -> 20 | AI32: =COUNTIF(F32:AG32,"A") -> 0
A33: 6 | B33: 683 | C33: Faizan | D33: Lutfullah | E33: Two | H33: P | I33: P | K33: P | L33: P | M33: P | O33: P | P33: P | Q33: P | R33: P | T33: P | V33: P | W33: P | Y33: P | Z33: P | AA33: P | AC33: P | AD33: P | AE33: P | AF33: P | AG33: P | AH33: =COUNTIF(F33:AG33,"P") -> 20 | AI33: =COUNTIF(F33:AG33,"A") -> 0
A34: 7 | B34: 662 | C34: Fayaz | D34: Samano Khan | E34: Two | H34: A | I34: A | K34: P | L34: A | M34: P | O34: A | P34: P | Q34: P | R34: P | T34: P | V34: P | W34: P | Y34: P | Z34: P | AA34: P | AC34: P | AD34: P | AE34: P | AF34: P | AG34: P | AH34: =COUNTIF(F34:AG34,"P") -> 16 | AI34: =COUNTIF(F34:AG34,"A") -> 4
A35: 8 | B35: 681 | C35: Ghulam Abbas | D35: Kamran Ali | E35: Two | H35: A | I35: A | K35: P | L35: A | M35: P | O35: A | P35: P | Q35: P | R35: P | T35: P | V35: P | W35: P | Y35: P | Z35: P | AA35: P | AC35: P | AD35: P | AE35: P | AF35: P | AG35: P | AH35: =COUNTIF(F35:AG35,"P") -> 16 | AI35: =COUNTIF(F35:AG35,"A") -> 4
... A51: 24 | B51: 683 | C51: Zain | D51: Zahid Ali | E51: Two | H51: P | I51: P | K51: P | L51: A | M51: P | O51: P | P51: A | Q51: A | R51: P | T51: P | V51: A | W51: P | Y51: A | Z51: A | AA51: A | AC51: A | AD51: P | AE51: P | AF51: P | AG51: P | AH51: =COUNTIF(F51:AG51,"P") -> 12 | AI51: =COUNTIF(F51:AG51,"A") -> 8

Sheet Class-III
A1: Goverment high school (SJCHS)
A2: Monthly Attendence Month of February-2025
A3: S.No | B3: GR | C3: Student Name | D3: Father Name | E3: Class | F3: =TEXT(F4,"ddd") -> Sat | G3: =TEXT(G4,"ddd") -> Sun | H3: =TEXT(H4,"ddd") -> Mon | I3: =TEXT(I4,"ddd") -> Tue | J3: =TEXT(J4,"ddd") -> Wed | K3: =TEXT(K4,"ddd") -> Thu | L3: =TEXT(L4,"ddd") -> Fri | M3: =TEXT(M4,"ddd") -> Sat | ... AG3: =TEXT(AG4,"ddd") -> Fri | AH3: Present | AI3: Absent | AJ3: Year 2024
F4: 45689 | G4: 45690 | H4: 45691 | I4: 45692 | J4: 45693 | K4: 45694 | L4: 45695 | M4: 45696 | N4: 45697 | O4: 45698 | P4: 45699 | Q4: 45700 | R4: 45701 | S4: 45702 | T4: 45703 | U4: 45704 | V4: 45705 | W4: 45706 | X4: 45707 | Y4: 45708 | Z4: 45709 | AA4: 45710 | AB4: 45711 | AC4: 45712 | AD4: 45713 | AE4: 45714 | AF4: 45715 | AG4: 45716 | AJ4: Total days | AK4: =SUM(AK5:AK8) -> 31
A5: 1 | B5: 646 | C5: Abbas Ali | D5: Deedar Ali | E5: Three | F5: PTM - PTM - PTM - PTM - PTM - PTM - PTM - PTM - PTM | G5: SUNDAY - SUNDAY - SUNDAY - SUNDAY - SUNDAY - SUNDAY | H5: P | I5: P | J5: Kashmir Day - Kashmir Day - Kashmir Day | K5: P | L5: P | M5: P | N5: SUNDAY - SUNDAY - SUNDAY - SUNDAY - SUNDAY - SUNDAY | O5: P | P5: P | Q5: P | R5: P | S5: Shab - E Baraat - Shab - E Baraat | T5: P | U5: SUNDAY - SUNDAY - SUNDAY - SUNDAY - SUNDAY - SUNDAY | V5: P | W5: P | X5: URS LAL SHEHBAZ QALANDAR - URS LAL SHEHBAZ QALANDAR | Y5: P | Z5: P | AA5: P | AB5: SUNDAY - SUNDAY - SUNDAY - SUNDAY - SUNDAY - SUNDAY | AC5: P | AD5: P | AE5: P | AF5: P | AG5: P | AH5: =COUNTIF(F5:AG5,"P") -> 20 | AI5: =COUNTIF(F5:AG5,"A") -> 0 | AJ5: Working days | AK5: 26
A6: 2 | B6: 690 | C6: Abdul Rafay | D6: Noor Ul Haq | E6: Three | H6: P | I6: P | K6: P | L6: P | M6: P | O6: P | P6: P | Q6: P | R6: P | T6: P | V6: P | W6: P | Y6: P | Z6: P | AA6: P | AC6: P | AD6: P | AE6: P | AF6: P | AG6: P | AH6: =COUNTIF(F6:AG6,"P") -> 20 | AI6: =COUNTIF(F6:AG6,"A") -> 0 | AJ6: Sunday | AK6: 4
A7: 3 | B7: 684 | C7: Abdul Rahim | D7: Abdul Hafeez | E7: Three | H7: P | I7: P | K7: P | L7: P | M7: P | O7: P | P7: P | Q7: P | R7: P | T7: A | V7: A | W7: P | Y7: A | Z7: P | AA7: A | AC7: A | AD7: P | AE7: P | AF7: P | AG7: P | AH7: =COUNTIF(F7:AG7,"P") -> 15 | AI7: =COUNTIF(F7:AG7,"A") -> 5 | AJ7: Shab-E-Mairaj | AK7: 1
A8: 4 | B8: 551 | C8: Abdullah | D8: Munawar Ali | E8: Three | H8: P | I8: P | K8: P | L8: P | M8: P | O8: P | P8: P | Q8: P | R8: P | T8: P | V8: P | W8: P | Y8: P | Z8: P | AA8: P | AC8: P | AD8: P | AE8: P | AF8: P | AG8: P | AH8: =COUNTIF(F8:AG8,"P") -> 20 | AI8: =COUNTIF(F8:AG8,"A") -> 0
A9: 5 | B9: 490 | C9: Abdul Qudoos | D9: Waheed Ahmed | E9: Three | H9: P | I9: P | K9: P | L9: P | M9: P | O9: P | P9: P | Q9: P | R9: P | T9: P | V9: P | W9: P | Y9: P | Z9: P | AA9: P | AC9: P | AD9: P | AE9: P | AF9: P | AG9: P | AH9: =COUNTIF(F9:AG9,"P") -> 20 | AI9: =COUNTIF(F9:AG9,"A") -> 0
A10: 6 | B10: 647 | C10: Ali Haider | D10: Akber Ali | E10: Three | H10: P | I10: P | K10: P | L10: P | M10: P | O10: P | P10: P | Q10: P | R10: P | T10: P | V10: P | W10: P | Y10: P | Z10: P | AA10: P | AC10: P | AD10: P | AE10: P | AF10: P | AG10: P | AH10: =COUNTIF(F10:AG10,"P") -> 20 | AI10: =COUNTIF(F10:AG10,"A") -> 0
A11: 7 | B11: 908 | C11: Atteeque ur Rehman | D11: Raffique Ahmed | E11: Three | H11: P | I11: P | K11: P | L11: P | M11: P | O11: P | P11: P | Q11: P | R11: P | T11: A | V11: P | W11: P | Y11: P | Z11: P | AA11: P | AC11: P | AD11: P | AE11: P | AF11: P | AG11: P | AH11: =COUNTIF(F11:AG11,"P") -> 19 | AI11: =COUNTIF(F11:AG11,"A") -> 1 | AJ11: Present Days Detail
A12: 8 | B12: 585 | C12: Aqib Ali | D12: Abdul Ghaffar | E12: Three | H12: P | I12: A | K12: P | L12: A | M12: P | O12: P | P12: P | Q12: P | R12: P | T12: A | V12: P | W12: P | Y12: P | Z12: P | AA12: P | AC12: A | AD12: A | AE12: P | AF12: P | AG12: P | AH12: =COUNTIF(F12:AG12,"P") -> 15 | AI12: =COUNTIF(F12:AG12,"A") -> 5 | AJ12: Detail | AK12: Boys | AL12: Girls | AM12: Total
A13: 9 | B13: 555 | C13: Ayaz Ali | D13: Arbab Ali | E13: Three | H13: P | I13: P | K13: P | L13: P | M13: A | O13: A | P13: P | Q13: P | R13: A | T13: P | V13: P | W13: P | Y13: P | Z13: A | AA13: P | AC13: P | AD13: A | AE13: P | AF13: P | AG13: P | AH13: =COUNTIF(F13:AG13,"P") -> 15 | AI13: =COUNTIF(F13:AG13,"A") -> 5 | AJ13: Due Present days | AK13: =28*$AK$5 -> 728 | AL13: =24*$AK$5 -> 624 | AM13: =SUM(AK13:AL13) -> 1352
A14: 10 | B14: 691 | C14: Azan | D14: Nisar Ahmed | E14: Three | H14: P | I14: P | K14: P | L14: A | M14: P | O14: P | P14: P | Q14: P | R14: P | T14: P | V14: P | W14: P | Y14: P | Z14: A | AA14: P | AC14: P | AD14: P | AE14: A | AF14: P | AG14: P | AH14: =COUNTIF(F14:AG14,"P") -> 17 | AI14: =COUNTIF(F14:AG14,"A") -> 3 | AJ14: Actual present days | AK14: =SUM(AH5:AH30) -> 444 | AL14: =SUM(AH31:AH53) -> 413 | AM14: =AK14+AL14 -> 857
A15: 11 | B15: 913 | C15: Muhammad Essa | D15: Sajjid Ali | E15: Three | H15: P | I15: P | K15: P | L15: P | M15: P | O15: P | P15: P | Q15: P | R15: P | T15: P | V15: P | W15: A | Y15: A | Z15: A | AA15: A | AC15: A | AD15: A | AE15: A | AF15: A | AG15: A | AH15: =COUNTIF(F15:AG15,"P") -> 11 | AI15: =COUNTIF(F15:AG15,"A") -> 9 | AJ15: % | AK15: =AK14/AK13 -> 0.60989011 | AL15: =AL14/AL13 -> 0.66185897 | AM15: =AM14/AM13 -> 0.63387574
A16: 12 | B16: 528 | C16: Faizan Ahmed | D16: Riaz Ahmed | E16: Three | H16: A | I16: A | K16: A | L16: A | M16: A | O16: A | P16: A | Q16: A | R16: A | T16: A | V16: A | W16: A | Y16: A | Z16: A | AA16: P | AC16: A | AD16: P | AE16: P | AF16: P | AG16: P | AH16: =COUNTIF(F16:AG16,"P") -> 5 | AI16: =COUNTIF(F16:AG16,"A") -> 15
A17: 13 | B17: 689 | C17: Haider Ali | D17: Imran Ali | E17: Three | H17: P | I17: P | K17: P | L17: A | M17: A | O17: P | P17: P | Q17: P | R17: P | T17: P | V17: P | W17: P | Y17: P | Z17: P | AA17: P | AC17: P | AD17: P | AE17: A | AF17: P | AG17: P | AH17: =COUNTIF(F17:AG17,"P") -> 17 | AI17: =COUNTIF(F17:AG17,"A") -> 3
A18: 14 | B18: 648 | C18: Meer Alam | D18: Dil Murad | E18: Three | H18: P | I18: P | K18: P | L18: A | M18: P | O18: P | P18: P | Q18: P | R18: P | T18: P | V18: P | W18: P | Y18: P | Z18: P | AA18: P | AC18: P | AD18: P | AE18: P | AF18: P | AG18: P | AH18: =COUNTIF(F18:AG18,"P") -> 19 | AI18: =COUNTIF(F18:AG18,"A") -> 1
A19: 15 | B19: 578 | C19: M. Ahsan | D19: M. Arif | E19: Three | H19: P | I19: P | K19: P | L19: P | M19: P | O19: P | P19: L | Q19: P | R19: P | T19: P | V19: P | W19: P | Y19: P | Z19: P | AA19: P | AC19: P | AD19: P | AE19: P | AF19: P | AG19: P | AH19: =COUNTIF(F19:AG19,"P") -> 19 | AI19: =COUNTIF(F19:AG19,"A") -> 0 | AJ19: Absent Days Details
A20: 16 | B20: 573 | C20: M. Qasim | D20: Mohsin Ali | E20: Three | H20: P | I20: P | K20: P | L20: P | M20: P | O20: P | P20: P | Q20: P | R20: P | T20: P | V20: P | W20: P | Y20: P | Z20: P | AA20: P | AC20: P | AD20: A | AE20: P | AF20: P | AG20: P | AH20: =COUNTIF(F20:AG20,"P") -> 19 | AI20: =COUNTIF(F20:AG20,"A") -> 1 | AJ20: Detail | AK20: Boys | AL20: Girls | AM20: Total
A21: 17 | B21: 479 | C21: M. Shayan | D21: Zulfiqar Ali | E21: Three | H21: A | I21: P | K21: A | L21: P | M21: P | O21: P | P21: P | Q21: P | R21: P | T21: P | V21: P | W21: P | Y21: P | Z21: P | AA21: P | AC21: P | AD21: P | AE21: L | AF21: P | AG21: P | AH21: =COUNTIF(F21:AG21,"P") -> 17 | AI21: =COUNTIF(F21:AG21,"A") -> 2 | AJ21: Due Present days | AK21: =28*$AK$5 -> 728 | AL21: =24*$AK$5 -> 624 | AM21: =AK21+AL21 -> 1352
A22: 18 | B22: 575 | C22: M. Zawiyar | D22: Zulfiqar Ali Mangi | E22: Three | H22: P | I22: P | K22: P | L22: P | M22: A | O22: P | P22: P | Q22: P | R22: P | T22: A | V22: P | W22: P | Y22: P | Z22: P | AA22: P | AC22: P | AD22: P | AE22: P | AF22: P | AG22: P | AH22: =COUNTIF(F22:AG22,"P") -> 18 | AI22: =COUNTIF(F22:AG22,"A") -> 2 | AJ22: Absent days | AK22: =AK21-AK14 -> 284 | AL22: =AL21-AL14 -> 211 | AM22: =AK22+AL22 -> 495
A23: 19 | B23: 586 | C23: Muneer Ahmed | D23: Ghous Bux | E23: Three | H23: P | I23: P | K23: P | L23: P | M23: P | O23: P | P23: P | Q23: P | R23: P | T23: P | V23: P | W23: P | Y23: P | Z23: P | AA23: P | AC23: P | AD23: P | AE23: P | AF23: P | AG23: P | AH23: =COUNTIF(F23:AG23,"P") -> 20 | AI23: =COUNTIF(F23:AG23,"A") -> 0 | AJ23: % | AK23: =AK22/AK21 -> 0.39010989 | AL23: =AL22/AL21 -> 0.33814103 | AM23: =AM22/AM21 -> 0.36612426
A24: 20 | B24: 580 | C24: Saif Ali | D24: Riaz uddin Qureshi | E24: Three | H24: P | I24: P | K24: P | L24: P | M24: P | O24: P | P24: P | Q24: P | R24: P | T24: P | V24: P | W24: P | Y24: A | Z24: A | AA24: A | AC24: P | AD24: P | AE24: P | AF24: P | AG24: P | AH24: =COUNTIF(F24:AG24,"P") -> 17 | AI24: =COUNTIF(F24:AG24,"A") -> 3
A25: 21 | B25: 583 | C25: Shah Fahad | D25: M. Ibrahim | E25: Three | H25: P | I25: P | K25: P | L25: P | M25: A | O25: P | P25: P | Q25: P | R25: P | T25: A | V25: P | W25: P | Y25: P | Z25: P | AA25: P | AC25: P | AD25: P | AE25: P | AF25: P | AG25: P | AH25: =COUNTIF(F25:AG25,"P") -> 18 | AI25: =COUNTIF(F25:AG25,"A") -> 2
A26: 22 | B26: 480 | C26: Shehbaz Ali | D26: Zaheer Abbas | E26: Three | H26: P | I26: P | K26: P | L26: P | M26: P | O26: L | P26: L | Q26: L | R26: L | T26: L | V26: L | W26: L | Y26: P | Z26: P | AA26: P | AC26: P | AD26: P | AE26: P | AF26: P | AG26: P | AH26: =COUNTIF(F26:AG26,"P") -> 13 | AI26: =COUNTIF(F26:AG26,"A") -> 0
A27: 23 | B27: 576 | C27: Zain Ali | D27: Zaheer Abbas | E27: Three | H27: P | I27: P | K27: P | L27: P | M27: P | O27: P | P27: P | Q27: P | R27: P | T27: P | V27: P | W27: P | Y27: P | Z27: P | AA27: P | AC27: P | AD27: P | AE27: P | AF27: P | AG27: P | AH27: =COUNTIF(F27:AG27,"P") -> 20 | AI27: =COUNTIF(F27:AG27,"A") -> 0
A28: 24 | B28: 685 | C28: Zain Zulfiqar | D28: Zulfiqar Qureshi | E28: Three | H28: P | I28: P | K28: P | L28: P | M28: P | O28: P | P28: P | Q28: P | R28: P | T28: P | V28: P | W28: P | Y28: A | Z28: A | AA28: A | AC28: P | AD28: P | AE28: P | AF28: P | AG28: P | AH28: =COUNTIF(F28:AG28,"P") -> 17 | AI28: =COUNTIF(F28:AG28,"A") -> 3
A29: 25 | B29: 688 | C29: Zeeshan | D29: Muneer Ahmed | E29: Three | H29: A | I29: P | K29: P | L29: P | M29: P | O29: A | P29: P | Q29: P | R29: P | T29: A | V29: P | W29: A | Y29: P | Z29: A | AA29: P | AC29: P | AD29: P | AE29: P | AF29: P | AG29: P | AH29: =COUNTIF(F29:AG29,"P") -> 15 | AI29: =COUNTIF(F29:AG29,"A") -> 5
A30: 26 | B30: 546 | C30: Zeeshan | D30: M. Hussain | E30: Three | H30: A | I30: P | K30: P | L30: P | M30: P | O30: P | P30: P | Q30: P | R30: P | T30: P | V30: P | W30: P | Y30: P | Z30: P | AA30: A | AC30: P | AD30: P | AE30: P | AF30: P | AG30: P | AH30: =COUNTIF(F30:AG30,"P") -> 18 | AI30: =COUNTIF(F30:AG30,"A") -> 2
A31: 1 | B31: 544 | C31: Anjuman | D31: Ab. Ghaffar | E31: Three | H31: P | I31: P | K31: P | L31: A | M31: P | O31: P | P31: P | Q31: P | R31: P | T31: P | V31: P | W31: P | Y31: P | Z31: A | AA31: P | AC31: A | AD31: P | AE31: P | AF31: P | AG31: P | AH31: =COUNTIF(F31:AG31,"P") -> 17 | AI31: =COUNTIF(F31:AG31,"A") -> 3
A32: 2 | B32: 780 | C32: Ayeza | D32: M. Ameen Solangi | E32: Three | H32: P | I32: P | K32: P | L32: P | M32: A | O32: P | P32: P | Q32: P | R32: P | T32: P | V32: P | W32: P | Y32: P | Z32: P | AA32: P | AC32: P | AD32: P | AE32: P | AF32: P | AG32: P | AH32: =COUNTIF(F32:AG32,"P") -> 19 | AI32: =COUNTIF(F32:AG32,"A") -> 1
A33: 3 | B33: 844 | C33: Bushra | D33: Farhan | E33: Three | H33: A | I33: A | K33: P | L33: A | M33: P | O33: A | P33: P | Q33: P | R33: A | T33: P | V33: P | W33: A | Y33: P | Z33: P | AA33: A | AC33: P | AD33: P | AE33: P | AF33: P | AG33: P | AH33: =COUNTIF(F33:AG33,"P") -> 13 | AI33: =COUNTIF(F33:AG33,"A") -> 7
A34: 4 | B34: 569 | C34: Dua Batool | D34: Muneer Ahmed Tahiri | E34: Three | H34: P | I34: P | K34: P | L34: P | M34: P | O34: P | P34: P | Q34: P | R34: P | T34: P | V34: L | W34: L | Y34: L | Z34: L | AA34: L | AC34: L | AD34: A | AE34: P | AF34: P | AG34: P | AH34: =COUNTIF(F34:AG34,"P") -> 13 | AI34: =COUNTIF(F34:AG34,"A") -> 1
A35: 5 | B35: 582 | C35: Fiza | D35: Hamid Ali Siyal | E35: Three | H35: P | I35: P | K35: P | L35: P | M35: P | O35: P | P35: A | Q35: P | R35: P | T35: P | V35: A | W35: P | Y35: P | Z35: A | AA35: P | AC35: P | AD35: A | AE35: P | AF35: P | AG35: P | AH35: =COUNTIF(F35:AG35,"P") -> 16 | AI35: =COUNTIF(F35:AG35,"A") -> 4
... A53: 24 | B53: 572 | C53: Zainab Batool | D53: Mohsin Ali | E53: Three | H53: P | I53: P | K53: P | L53: P | M53: P | O53: P | P53: P | Q53: P | R53: P | T53: P | V53: P | W53: P | Y53: P | Z53: P | AA53: P | AC53: P | AD53: P | AE53: P | AF53: P | AG53: P | AH53: =COUNTIF(F53:AG53,"P") -> 20 | AI53: =COUNTIF(F53:AG53,"A") -> 0

Sheet Class-IV
A1: Goverment high school (SJCHS)
A2: Monthly Attendence Month of February 2025
A3: S.No | B3: GR | C3: Student Name | D3: Father Name | E3: Class | F3: =TEXT(F4,"ddd") -> Sat | G3: =TEXT(G4,"ddd") -> Sun | H3: =TEXT(H4,"ddd") -> Mon | I3: =TEXT(I4,"ddd") -> Tue | J3: =TEXT(J4,"ddd") -> Wed | K3: =TEXT(K4,"ddd") -> Thu | L3: =TEXT(L4,"ddd") -> Fri | M3: =TEXT(M4,"ddd") -> Sat | ... AF3: =TEXT(AF4,"ddd") -> Thu | AG3: Tue | AH3: Present | AI3: Absent | AJ3: Year 2024
F4: 45689 | G4: 45690 | H4: 45691 | I4: 45692 | J4: 45693 | K4: 45694 | L4: 45695 | M4: 45696 | N4: 45697 | O4: 45698 | P4: 45699 | Q4: 45700 | R4: 45701 | S4: 45702 | T4: 45703 | U4: 45704 | V4: 45705 | W4: 45706 | X4: 45707 | Y4: 45708 | Z4: 45709 | AA4: 45710 | AB4: 45711 | AC4: 45712 | AD4: 45713 | AE4: 45714 | AF4: 45715 | AG4: 45716 | AJ4: Total days | AK4: =SUM(AK5:AK8) -> 30
A5: 1 | B5: 527 | C5: Aqeel Ahmed | D5: Najeebullah | E5: Four | F5: P | G5: SUNDAY - SUNDAY - SUNDAY - SUNDAY - SUNDAY - SUNDAY | H5: P | I5: P | J5: Kashmir Day - Kashmir Day - Kashmir Day | K5: A | L5: P | M5: P | N5: SUNDAY - SUNDAY - SUNDAY - SUNDAY - SUNDAY - SUNDAY | O5: P | P5: P | Q5: P | R5: P | S5: SHAB - E BARAAT - SHAB-E-BARAAT | T5: P | U5: SUNDAY - SUNDAY - SUNDAY - SUNDAY - SUNDAY - SUNDAY | V5: A | W5: P | X5: URS LAL SHAHBAZ QALANDAR | Y5: P | Z5: A | AA5: A | AB5: SUNDAY - SUNDAY - SUNDAY - SUNDAY - SUNDAY - SUNDAY | AC5: P | AD5: P | AE5: P | AF5: A | AG5: P | AH5: =COUNTIF(F5:AG5,"P") -> 16 | AI5: =COUNTIF(F5:AG5,"A") -> 5 | AJ5: Working days | AK5: 25
A6: 2 | B6: 472 | C6: Alijan | D6: M. Shafique | E6: Four | F6: P | H6: P | I6: P | K6: P | L6: P | M6: P | O6: P | P6: P | Q6: P | R6: P | T6: P | V6: P | W6: P | Y6: P | Z6: P | AA6: P | AC6: P | AD6: P | AE6: P | AF6: P | AG6: P | AH6: =COUNTIF(F6:AG6,"P") -> 21 | AI6: =COUNTIF(F6:AG6,"A") -> 0 | AJ6: Sunday | AK6: 4
A7: 3 | B7: 549 | C7: Dost M. | D7: M. Usman | E7: Four | F7: A | H7: P | I7: A | K7: P | L7: P | M7: P | O7: P | P7: P | Q7: P | R7: P | T7: A | V7: P | W7: P | Y7: P | Z7: P | AA7: P | AC7: P | AD7: A | AE7: P | AF7: P | AG7: P | AH7: =COUNTIF(F7:AG7,"P") -> 17 | AI7: =COUNTIF(F7:AG7,"A") -> 4 | AJ7: Iqbal Day | AK7: 1
A8: 4 | B8: 405 | C8: Fahad | D8: Riaz | E8: Four | F8: A | H8: A | I8: A | K8: A | L8: A | M8: A | O8: A | P8: A | Q8: A | R8: A | T8: A | V8: A | W8: A | Y8: A | Z8: A | AA8: A | AC8: A | AD8: A | AE8: A | AF8: A | AG8: A | AH8: =COUNTIF(F8:AG8,"P") -> 0 | AI8: =COUNTIF(F8:AG8,"A") -> 21
A9: 5 | B9: 593 | C9: Imdad Ali | D9: Hamid Ali | E9: Four | F9: P | H9: P | I9: P | K9: P | L9: P | M9: P | O9: P | P9: P | Q9: P | R9: P | T9: P | V9: P | W9: P | Y9: P | Z9: A | AA9: P | AC9: P | AD9: P | AE9: A | AF9: P | AG9: P | AH9: =COUNTIF(F9:AG9,"P") -> 19 | AI9: =COUNTIF(F9:AG9,"A") -> 2
A10: 6 | B10: 548 | C10: M. Suleman | D10: Usman | E10: Four | F10: A | H10: P | I10: P | K10: P | L10: P | M10: P | O10: P | P10: P | Q10: P | R10: P | T10: A | V10: P | W10: P | Y10: P | Z10: P | AA10: P | AC10: P | AD10: L | AE10: P | AF10: P | AG10: P | AH10: =COUNTIF(F10:AG10,"P") -> 18 | AI10: =COUNTIF(F10:AG10,"A") -> 2
A11: 7 | B11: 447 | C11: M. Faisal | D11: Abdull Sattar | E11: Four | F11: A | H11: P | I11: P | K11: P | L11: P | M11: P | O11: P | P11: P | Q11: P | R11: P | T11: P | V11: P | W11: P | Y11: P | Z11: P | AA11: P | AC11: P | AD11: P | AE11: P | AF11: P | AG11: P | AH11: =COUNTIF(F11:AG11,"P") -> 20 | AI11: =COUNTIF(F11:AG11,"A") -> 1 | AJ11: Present Days Detail
A12: 8 | B12: 541 | C12: Muzammil | D12: Deedar Ali | E12: Four | F12: P | H12: P | I12: P | K12: P | L12: P | M12: P | O12: P | P12: P | Q12: P | R12: P | T12: P | V12: P | W12: P | Y12: P | Z12: P | AA12: P | AC12: P | AD12: P | AE12: P | AF12: P | AG12: P | AH12: =COUNTIF(F12:AG12,"P") -> 21 | AI12: =COUNTIF(F12:AG12,"A") -> 0 | AJ12: Detail | AK12: Boys | AL12: Girls | AM12: Total
A13: 9 | B13: 497 | C13: Tanveer Ahmed | D13: Wazeer Ahmed | E13: Four | F13: P | H13: P | I13: P | K13: P | L13: P | M13: P | O13: P | P13: P | Q13: L | R13: L | T13: P | V13: L | W13: A | Y13: A | Z13: A | AA13: A | AC13: A | AD13: A | AE13: A | AF13: A | AG13: A | AH13: =COUNTIF(F13:AG13,"P") -> 9 | AI13: =COUNTIF(F13:AG13,"A") -> 9 | AJ13: Due Present days | AK13: =21*$AK$5 -> 525 | AL13: =32*$AK$5 -> 800 | AM13: =SUM(AK13:AL13) -> 1325
A14: 10 | B14: 550 | C14: Zain | D14: Zaheer Ahmed | E14: Four | F14: A | H14: P | I14: P | K14: P | L14: P | M14: P | O14: P | P14: P | Q14: P | R14: P | T14: P | V14: P | W14: P | Y14: P | Z14: P | AA14: P | AC14: A | AD14: A | AE14: A | AF14: A | AG14: P | AH14: =COUNTIF(F14:AG14,"P") -> 16 | AI14: =COUNTIF(F14:AG14,"A") -> 5 | AJ14: Actual present days | AK14: =SUM(AH5:AH24) -> 311 | AL14: =SUM(AH26:AH54) -> 466 | AM14: =AK14+AL14 -> 777
A15: 11 | B15: 433 | C15: Zulfiqar | D15: Nazeer Ali | E15: Four | F15: A | H15: P | I15: A | K15: P | L15: A | M15: A | O15: P | P15: A | Q15: P | R15: A | T15: A | V15: P | W15: A | Y15: P | Z15: A | AA15: A | AC15: P | AD15: A | AE15: P | AF15: A | AG15: A | AH15: =COUNTIF(F15:AG15,"P") -> 8 | AI15: =COUNTIF(F15:AG15,"A") -> 13 | AJ15: % | AK15: =AK14/AK13 -> 0.59238095 | AL15: =AL14/AL13 -> 0.5825 | AM15: =AM14/AM13 -> 0.58641509
A16: 12 | B16: 495 | C16: Tasawur Ali | D16: Ahsan Ali | E16: Four | F16: A | H16: A | I16: P | K16: P | L16: P | M16: A | O16: A | P16: A | Q16: A | R16: A | T16: P | V16: P | W16: P | Y16: P | Z16: P | AA16: P | AC16: P | AD16: A | AE16: P | AF16: P | AG16: P | AH16: =COUNTIF(F16:AG16,"P") -> 13 | AI16: =COUNTIF(F16:AG16,"A") -> 8
A17: 13 | B17: 595 | C17: Zain-ul-Abdin | D17: Dill Murad | E17: Four | F17: A | H17: P | I17: P | K17: P | L17: A | M17: P | O17: P | P17: P | Q17: P | R17: P | T17: P | V17: P | W17: P | Y17: P | Z17: P | AA17: P | AC17: P | AD17: P | AE17: P | AF17: P | AG17: P | AH17: =COUNTIF(F17:AG17,"P") -> 19 | AI17: =COUNTIF(F17:AG17,"A") -> 2
A18: 14 | B18: 497 | C18: Sameer Ali | D18: Gulbahar Ali | E18: Four | F18: A | H18: P | I18: P | K18: P | L18: P | M18: A | O18: P | P18: A | Q18: P | R18: P | T18: P | V18: A | W18: P | Y18: P | Z18: P | AA18: P | AC18: P | AD18: P | AE18: P | AF18: P | AG18: P | AH18: =COUNTIF(F18:AG18,"P") -> 17 | AI18: =COUNTIF(F18:AG18,"A") -> 4
A19: 15 | B19: 883 | C19: M. Anees | D19: M. Ramzan | E19: Four | F19: A | H19: P | I19: P | K19: P | L19: P | M19: P | O19: P | P19: P | Q19: P | R19: P | T19: P | V19: P | W19: P | Y19: P | Z19: P | AA19: P | AC19: P | AD19: P | AE19: A | AF19: P | AG19: P | AH19: =COUNTIF(F19:AG19,"P") -> 19 | AI19: =COUNTIF(F19:AG19,"A") -> 2 | AJ19: Absent Days Details
A20: 16 | B20: 865 | C20: Hamadullah | D20: Abrar Hussain | E20: Four | F20: P | H20: P | I20: P | K20: P | L20: P | M20: P | O20: A | P20: P | Q20: P | R20: P | T20: A | V20: P | W20: P | Y20: P | Z20: P | AA20: P | AC20: P | AD20: P | AE20: P | AF20: P | AG20: P | AH20: =COUNTIF(F20:AG20,"P") -> 19 | AI20: =COUNTIF(F20:AG20,"A") -> 2 | AJ20: Detail | AK20: Boys | AL20: Girls | AM20: Total
A21: 17 | B21: 779 | C21: M. Hussain | D21: Khawar | E21: Four | F21: P | H21: P | I21: P | K21: P | L21: P | M21: P | O21: P | P21: A | Q21: P | R21: P | T21: P | V21: P | W21: P | Y21: P | Z21: P | AA21: P | AC21: P | AD21: P | AE21: P | AF21: P | AG21: P | AH21: =COUNTIF(F21:AG21,"P") -> 20 | AI21: =COUNTIF(F21:AG21,"A") -> 1 | AJ21: Due Present days | AK21: =21*$AK$5 -> 525 | AL21: =32*$AK$5 -> 800 | AM21: =AK21+AL21 -> 1325
A22: 18 | B22: 848 | C22: Saadullah | D22: Hafeezullah | E22: Four | F22: A | H22: P | I22: P | K22: P | L22: P | M22: P | O22: P | P22: P | Q22: P | R22: P | T22: P | V22: P | W22: P | Y22: P | Z22: P | AA22: P | AC22: P | AD22: P | AE22: P | AF22: P | AG22: P | AH22: =COUNTIF(F22:AG22,"P") -> 20 | AI22: =COUNTIF(F22:AG22,"A") -> 1 | AJ22: Absent days | AK22: =AK21-AK14 -> 214 | AL22: =AL21-AL14 -> 334 | AM22: =AK22+AL22 -> 548
A23: 19 | B23: 916 | C23: M. Qassam | D23: Imran H. | E23: Four | F23: P | H23: P | I23: P | K23: P | L23: P | M23: P | O23: P | P23: P | Q23: P | R23: P | T23: A | V23: P | W23: A | Y23: P | Z23: P | AA23: P | AC23: P | AD23: P | AE23: P | AF23: P | AG23: P | AH23: =COUNTIF(F23:AG23,"P") -> 19 | AI23: =COUNTIF(F23:AG23,"A") -> 2
A24: 20 | B24: 527 | C24: Aliyan | D24: Gulraiz | E24: Four | F24: A | H24: P | I24: A | K24: P | L24: P | M24: A | O24: P | P24: P | Q24: A | R24: P | T24: A | V24: P | W24: P | Y24: P | Z24: L | AA24: L | AC24: P | AD24: L | AE24: P | AF24: P | AG24: A | AH24: . | AI24: =COUNTIF(F24:AG24,"A") -> 6
A25: 1 | B25: 596 | C25: Areeba | D25: M. Arif | E25: Four | F25: A | H25: A | I25: A | K25: A | L25: A | M25: A | O25: A | P25: A | Q25: A | R25: A | T25: A | V25: A | W25: A | Y25: A | Z25: A | AA25: A | AC25: A | AD25: A | AE25: A | AF25: A | AG25: A | AH25: =COUNTIF(F25:AG25,"P") -> 0 | AI25: =COUNTIF(F25:AG25,"A") -> 21
A26: 2 | B26: 544 | C26: Ambreen | D26: Abdul Ghafoor | E26: Four | F26: P | H26: P | I26: P | K26: P | L26: P | M26: P | O26: P | P26: P | Q26: P | R26: P | T26: P | V26: P | W26: P | Y26: P | Z26: P | AA26: P | AC26: P | AD26: A | AE26: P | AF26: P | AG26: P | AH26: =COUNTIF(F26:AG26,"P") -> 20 | AI26: =COUNTIF(F26:AG26,"A") -> 1
A27: 3 | B27: 590 | C27: Bakhtawar | D27: Taj Muhammad | E27: Four | F27: P | H27: A | I27: P | K27: P | L27: A | M27: P | O27: P | P27: A | Q27: P | R27: P | T27: P | V27: P | W27: P | Y27: P | Z27: P | AA27: P | AC27: P | AD27: P | AE27: P | AF27: P | AG27: P | AH27: =COUNTIF(F27:AG27,"P") -> 18 | AI27: =COUNTIF(F27:AG27,"A") -> 3
A28: 4 | B28: 594 | C28: Bibi Zehra | D28: Liaquat | E28: Four | F28: P | H28: L | I28: L | K28: A | L28: P | M28: P | O28: P | P28: P | Q28: P | R28: P | T28: P | V28: A | W28: P | Y28: P | Z28: P | AA28: P | AC28: P | AD28: P | AE28: P | AF28: P | AG28: P | AH28: =COUNTIF(F28:AG28,"P") -> 17 | AI28: =COUNTIF(F28:AG28,"A") -> 2
A29: 5 | B29: 554 | C29: Bushra | D29: Rana | E29: Four | F29: P | H29: P | I29: P | K29: A | L29: A | M29: A | O29: A | P29: A | Q29: A | R29: A | T29: A | V29: P | W29: A | Y29: A | Z29: A | AA29: A | AC29: A | AD29: A | AE29: A | AF29: A | AG29: A | AH29: =COUNTIF(F29:AG29,"P") -> 4 | AI29: =COUNTIF(F29:AG29,"A") -> 17
A30: 6 | B30: 494 | C30: Dua | D30: M. Shafique | E30: Four | F30: P | H30: P | I30: P | K30: P | L30: P | M30: P | O30: P | P30: P | Q30: P | R30: P | T30: P | V30: A | W30: P | Y30: P | Z30: P | AA30: P | AC30: P | AD30: P | AE30: P | AF30: P | AG30: P | AH30: =COUNTIF(F30:AG30,"P") -> 20 | AI30: =COUNTIF(F30:AG30,"A") -> 1
A31: 7 | B31: 599 | C31: Fatima Gul | D31: Shah Nazwaz | E31: Four | F31: P | H31: P | I31: P | K31: P | L31: P | M31: P | O31: P | P31: P | Q31: P | R31: P | T31: P | V31: P | W31: P | Y31: P | Z31: A | AA31: P | AC31: A | AD31: A | AE31: P | AF31: P | AG31: P | AH31: =COUNTIF(F31:AG31,"P") -> 18 | AI31: =COUNTIF(F31:AG31,"A") -> 3
A32: 8 | B32: 694 | C32: Sakina | D32: Rafique | E32: Four | F32: P | H32: P | I32: P | K32: P | L32: P | M32: P | O32: P | P32: P | Q32: P | R32: A | T32: P | V32: P | W32: P | Y32: P | Z32: P | AA32: P | AC32: P | AD32: P | AE32: P | AF32: P | AG32: P | AH32: =COUNTIF(F32:AG32,"P") -> 20 | AI32: =COUNTIF(F32:AG32,"A") -> 1
A33: 9 | B33: 506 | C33: Sanober | D33: Sabir Hussain | E33: Four | F33: A | H33: A | I33: P | K33: P | L33: P | M33: P | O33: P | P33: P | Q33: P | R33: P | T33: P | V33: P | W33: A | Y33: A | Z33: P | AA33: P | AC33: P | AD33: P | AE33: A | AF33: P | AG33: P | AH33: =COUNTIF(F33:AG33,"P") -> 16 | AI33: =COUNTIF(F33:AG33,"A") -> 5
A34: 10 | B34: 471 | C34: Hiba | D34: Mazeem | E34: Four | F34: A | H34: P | I34: P | K34: P | L34: P | M34: P | O34: P | P34: P | Q34: P | R34: P | T34: P | V34: P | W34: A | Y34: P | Z34: P | AA34: P | AC34: P | AD34: P | AE34: P | AF34: P | AG34: P | AH34: =COUNTIF(F34:AG34,"P") -> 19 | AI34: =COUNTIF(F34:AG34,"A") -> 2
A35: 11 | B35: 537 | C35: Isha | D35: Fazal Muhammad | E35: Four | F35: P | H35: P | I35: P | K35: P | L35: P | M35: P | O35: P | P35: P | Q35: P | R35: P | T35: P | V35: P | W35: A | Y35: P | Z35: P | AA35: P | AC35: P | AD35: P | AE35: P | AF35: P | AG35: P | AH35: =COUNTIF(F35:AG35,"P") -> 20 | AI35: =COUNTIF(F35:AG35,"A") -> 1
A36: 12 | B36: 698 | C36: Khadija -tul- Kubra | D36: Adnan | E36: Four | F36: P | H36: P | I36: P | K36: P | L36: P | M36: P | O36: P | P36: P | Q36: P | R36: P | T36: A | V36: P | W36: P | Y36: P | Z36: P | AA36: A | AC36: P | AD36: P | AE36: P | AF36: P | AG36: P | AH36: =COUNTIF(F36:AG36,"P") -> 19 | AI36: =COUNTIF(F36:AG36,"A") -> 2
... A46: 22 | B46: 699 | C46: Nuzhat | D46: Khalid Hussain | E46: Four | F46: A | H46: P | I46: P | K46: P | L46: P | M46: P | O46: P | P46: P | Q46: A | R46: A | T46: A | V46: A | W46: P | Y46: P | Z46: A | AA46: P | AC46: P | AD46: P | AE46: P | AF46: P | AG46: P | AH46: =COUNTIF(F46:AG46,"P") -> 15 | AI46: =COUNTIF(F46:AG46,"A") -> 6
A47: 23 | B47: 638 | C47: Rooba | E47: Four | F47: A | H47: P | I47: P | K47: A | L47: P | M47: P | O47: P | P47: P | Q47: L | R47: L | T47: A | V47: P | W47: A | Y47: P | Z47: P | AA47: P | AC47: P | AD47: P | AE47: P | AF47: P | AG47: A | AH47: =COUNTIF(F47:AG47,"P") -> 14 | AI47: =COUNTIF(F47:AG47,"A") -> 5
A48: 24 | B48: 696 | C48: Tahmeena | D48: Gulbahar Ali | E48: Four | F48: A | H48: P | I48: P | K48: P | L48: P | M48: A | O48: P | P48: P | Q48: P | R48: P | T48: P | V48: P | W48: P | Y48: P | Z48: P | AA48: P | AC48: P | AD48: P | AE48: P | AF48: P | AG48: P | AH48: =COUNTIF(F48:AG48,"P") -> 19 | AI48: =COUNTIF(F48:AG48,"A") -> 2
A49: 25 | B49: 697 | C49: Zara | D49: Zahid Ali | E49: Four | F49: A | H49: P | I49: P | K49: P | L49: P | M49: P | O49: A | P49: P | Q49: P | R49: P | T49: A | V49: P | W49: P | Y49: P | Z49: P | AA49: P | AC49: P | AD49: P | AE49: P | AF49: P | AG49: P | AH49: =COUNTIF(F49:AG49,"P") -> 18 | AI49: =COUNTIF(F49:AG49,"A") -> 3
A50: 26 | B50: 558 | C50: Zoya | D50: Nisar Ahmed | E50: Four | F50: P | H50: P | I50: P | K50: P | L50: P | M50: P | O50: P | P50: P | Q50: A | R50: A | T50: A | V50: A | W50: A | Y50: A | Z50: A | AA50: A | AC50: P | AD50: P | AE50: P | AF50: P | AG50: P | AH50: =COUNTIF(F50:AG50,"P") -> 13 | AI50: =COUNTIF(F50:AG50,"A") -> 8
A51: 27 | B51: 612 | C51: Zoya | D51: Ahsan Ali | E51: Four | F51: A | H51: P | I51: P | K51: P | L51: P | M51: A | O51: P | P51: A | Q51: P | R51: P | T51: A | V51: P | W51: P | Y51: A | Z51: P | AA51: P | AC51: P | AD51: P | AE51: P | AF51: P | AG51: P | AH51: =COUNTIF(F51:AG51,"P") -> 16 | AI51: =COUNTIF(F51:AG51,"A") -> 5
A52: 28 | B52: 432 | C52: Bisma | D52: Basheer Ahmed | E52: Four | F52: P | H52: A | I52: A | K52: P | L52: P | M52: A | O52: P | P52: P | Q52: P | R52: P | T52: A | V52: A | W52: A | Y52: P | Z52: A | AA52: P | AC52: P | AD52: A | AE52: P | AF52: P | AG52: A | AH52: =COUNTIF(F52:AG52,"P") -> 12 | AI52: =COUNTIF(F52:AG52,"A") -> 9
A53: 29 | B53: 592 | C53: Sabeen | D53: Shahid | E53: Four | F53: A | H53: P | I53: P | K53: P | L53: P | M53: P | O53: P | P53: P | Q53: P | R53: P | T53: P | V53: P | W53: P | Y53: P | Z53: P | AA53: P | AC53: A | AD53: P | AE53: P | AF53: P | AG53: A | AH53: =COUNTIF(F53:AG53,"P") -> 18 | AI53: =COUNTIF(F53:AG53,"A") -> 3
A54: 30 | B54: 864 | C54: Nisa Fatima | D54: Liaquat Ali | E54: Four | F54: P | H54: A | I54: A | K54: P | L54: P | M54: P | O54: A | P54: A | Q54: A | R54: A | T54: A | V54: P | W54: P | Y54: P | Z54: P | AA54: P | AC54: P | AD54: P | AE54: P | AF54: P | AG54: P | AH54: =COUNTIF(F54:AG54,"P") -> 14 | AI54: =COUNTIF(F54:AG54,"A") -> 7

Sheet Class-V
A1: Goverment high school (SJCHS)
A2: Monthly Attendence Month of February-2025
A3: S.No | B3: GR | C3: Student Name | D3: Father Name | E3: Class | F3: =TEXT(F4,"ddd") -> Sat | G3: =TEXT(G4,"ddd") -> Sun | H3: =TEXT(H4,"ddd") -> Mon | I3: =TEXT(I4,"ddd") -> Tue | J3: =TEXT(J4,"ddd") -> Wed | K3: =TEXT(K4,"ddd") -> Thu | L3: =TEXT(L4,"ddd") -> Fri | M3: =TEXT(M4,"ddd") -> Sat | ... AG3: =TEXT(AG4,"ddd") -> Fri | AH3: Present | AI3: Absent | AJ3: Year 2024
F4: 45689 | G4: 45690 | H4: 45691 | I4: 45692 | J4: 45693 | K4: 45694 | L4: 45695 | M4: 45696 | N4: 45697 | O4: 45698 | P4: 45699 | Q4: 45700 | R4: 45701 | S4: 45702 | T4: 45703 | U4: 45704 | V4: 45705 | W4: 45706 | X4: 45707 | Y4: 45708 | Z4: 45709 | AA4: 45710 | AB4: 45711 | AC4: 45712 | AD4: 45713 | AE4: 45714 | AF4: 45715 | AG4: 45716 | AJ4: Total days | AK4: =SUM(AK5:AK8) -> 30
A5: 1 | B5: 605 | C5: Abdul Fatah | D5: Manzoor Ahmed | E5: Five | F5: P | G5: SUNDAY - SUNDAY - SUNDAY - SUNDAY - SUNDAY | H5: P | I5: P | J5: Kashmir Day - Kashmir Day - Kashmir Day | K5: P | L5: P | M5: P | N5: SUNDAY - SUNDAY - SUNDAY - SUNDAY - SUNDAY | O5: P | P5: P | Q5: P | R5: P | S5: SHAB - E BARAAT - SHAB-E-BARAAT | T5: P | U5: SUNDAY - SUNDAY - SUNDAY - SUNDAY - SUNDAY | V5: P | W5: P | X5: URS LAL SHAHBAZ QALANDAR | Y5: P | Z5: P | AA5: P | AB5: SUNDAY - SUNDAY - SUNDAY - SUNDAY - SUNDAY | AC5: P | AD5: P | AE5: P | AF5: P | AG5: P | AH5: =COUNTIF(F5:AG5,"P") -> 21 | AI5: =COUNTIF(F5:AG5,"A") -> 0 | AJ5: Working days | AK5: 25
A6: 2 | B6: 609 | C6: Abdul Qayoom | D6: Waheed Ahmed | E6: Five | F6: P | H6: P | I6: P | K6: P | L6: P | M6: P | O6: P | P6: P | Q6: P | R6: P | T6: P | V6: P | W6: P | Y6: P | Z6: P | AA6: P | AC6: P | AD6: P | AE6: P | AF6: P | AG6: P | AH6: =COUNTIF(F6:AG6,"P") -> 21 | AI6: =COUNTIF(F6:AG6,"A") -> 0 | AJ6: Sunday | AK6: 4
A7: 3 | B7: 757 | C7: Ahmed Ali | D7: Nasrullah | E7: Five | F7: A | H7: P | I7: P | K7: A | L7: P | M7: P | O7: A | P7: P | Q7: P | R7: P | T7: P | V7: P | W7: P | Y7: P | Z7: P | AA7: P | AC7: P | AD7: P | AE7: P | AF7: P | AG7: P | AH7: =COUNTIF(F7:AG7,"P") -> 18 | AI7: =COUNTIF(F7:AG7,"A") -> 3 | AJ7: Iqbal Day | AK7: 1
A8: 4 | B8: 604 | C8: Ahsan Raza | D8: Meeral | E8: Five | F8: P | H8: P | I8: P | K8: P | L8: P | M8: P | O8: P | P8: P | Q8: P | R8: P | T8: P | V8: P | W8: P | Y8: P | Z8: P | AA8: P | AC8: P | AD8: P | AE8: P | AF8: P | AG8: P | AH8: =COUNTIF(F8:AG8,"P") -> 21 | AI8: =COUNTIF(F8:AG8,"A") -> 0
A9: 5 | B9: 464 | C9: Ayan Ali | D9: Mehboob Ali | E9: Five | F9: P | H9: P | I9: P | K9: P | L9: P | M9: P | O9: P | P9: P | Q9: P | R9: P | T9: P | V9: P | W9: P | Y9: P | Z9: P | AA9: P | AC9: P | AD9: A | AE9: A | AF9: P | AG9: P | AH9: =COUNTIF(F9:AG9,"P") -> 19 | AI9: =COUNTIF(F9:AG9,"A") -> 2
A10: 6 | B10: 601 | C10: Ghulam Muhammad | D10: Parvaiz Ahmed | E10: Five | F10: P | H10: P | I10: P | K10: P | L10: A | M10: A | O10: P | P10: P | Q10: P | R10: P | T10: A | V10: P | W10: P | Y10: P | Z10: P | AA10: P | AC10: P | AD10: P | AE10: P | AF10: P | AG10: P | AH10: =COUNTIF(F10:AG10,"P") -> 18 | AI10: =COUNTIF(F10:AG10,"A") -> 3
A11: 7 | B11: 494 | C11: Masab Ali | D11: Ahsan Ali | E11: Five | F11: A | H11: A | I11: P | K11: P | L11: P | M11: A | O11: P | P11: A | Q11: A | R11: A | T11: A | V11: P | W11: P | Y11: P | Z11: P | AA11: P | AC11: P | AD11: A | AE11: P | AF11: P | AG11: P | AH11: =COUNTIF(F11:AG11,"P") -> 13 | AI11: =COUNTIF(F11:AG11,"A") -> 8 | AJ11: Present Days Detail
A12: 8 | B12: 508 | C12: Meesam Abbas | D12: Sabir Hussain | E12: Five | F12: P | H12: P | I12: A | K12: P | L12: P | M12: A | O12: P | P12: A | Q12: P | R12: P | T12: P | V12: A | W12: A | Y12: A | Z12: A | AA12: P | AC12: A | AD12: A | AE12: P | AF12: P | AG12: P | AH12: =COUNTIF(F12:AG12,"P") -> 12 | AI12: =COUNTIF(F12:AG12,"A") -> 9 | AJ12: Detail | AK12: Boys | AL12: Girls | AM12: Total
A13: 9 | B13: 710 | C13: Muhammad Hassan | D13: Javaid Ali | E13: Five | F13: P | H13: P | I13: P | K13: P | L13: P | M13: P | O13: P | P13: P | Q13: P | R13: P | T13: P | V13: P | W13: P | Y13: P | Z13: P | AA13: P | AC13: P | AD13: A | AE13: P | AF13: P | AG13: P | AH13: =COUNTIF(F13:AG13,"P") -> 20 | AI13: =COUNTIF(F13:AG13,"A") -> 1 | AJ13: Due Present days | AK13: =23*$AK$5 -> 575 | AL13: =23*$AK$5 -> 575 | AM13: =SUM(AK13:AL13) -> 1150
A14: 10 | B14: 711 | C14: Muhammad Zaid | D14: Khalid Abbasi | E14: Five | F14: P | H14: P | I14: P | K14: P | L14: P | M14: P | O14: P | P14: A | Q14: L | R14: L | T14: L | V14: P | W14: P | Y14: P | Z14: P | AA14: P | AC14: P | AD14: P | AE14: P | AF14: P | AG14: P | AH14: =COUNTIF(F14:AG14,"P") -> 17 | AI14: =COUNTIF(F14:AG14,"A") -> 1 | AJ14: Actual present days | AK14: =SUM(AH5:AH27) -> 417 | AL14: =SUM(AH28:AH50) -> 371 | AM14: =AK14+AL14 -> 788
A15: 11 | B15: 600 | C15: Usman Jamali | D15: Liaqat Ali | E15: Five | F15: P | H15: P | I15: P | K15: A | L15: P | M15: P | O15: P | P15: P | Q15: P | R15: P | T15: P | V15: P | W15: P | Y15: P | Z15: P | AA15: P | AC15: P | AD15: P | AE15: P | AF15: P | AG15: P | AH15: =COUNTIF(F15:AG15,"P") -> 20 | AI15: =COUNTIF(F15:AG15,"A") -> 1 | AJ15: % | AK15: =AK14/AK13 -> 0.72521739 | AL15: =AL14/AL13 -> 0.64521739 | AM15: =AM14/AM13 -> 0.68521739
A16: 12 | B16: 640 | C16: Muhammad Ali | D16: Maula Abdullah Bux | E16: Five | F16: A | H16: P | I16: P | K16: P | L16: P | M16: P | O16: P | P16: P | Q16: P | R16: P | T16: P | V16: P | W16: P | Y16: A | Z16: P | AA16: A | AC16: P | AD16: A | AE16: P | AF16: P | AG16: P | AH16: =COUNTIF(F16:AG16,"P") -> 17 | AI16: =COUNTIF(F16:AG16,"A") -> 4
A17: 13 | B17: 761 | C17: Muhammad Israr | D17: Abdullah Bhand | E17: Five | F17: P | H17: P | I17: P | K17: P | L17: P | M17: P | O17: P | P17: P | Q17: P | R17: P | T17: P | V17: P | W17: P | Y17: P | Z17: P | AA17: P | AC17: P | AD17: P | AE17: P | AF17: P | AG17: P | AH17: =COUNTIF(F17:AG17,"P") -> 21 | AI17: =COUNTIF(F17:AG17,"A") -> 0
A18: 14 | B18: 470 | C18: Muhammad Rahim | D18: Muhammad Azeem | E18: Five | F18: P | H18: P | I18: A | K18: P | L18: P | M18: A | O18: P | P18: P | Q18: P | R18: P | T18: P | V18: P | W18: P | Y18: P | Z18: P | AA18: P | AC18: P | AD18: A | AE18: P | AF18: P | AG18: P | AH18: =COUNTIF(F18:AG18,"P") -> 18 | AI18: =COUNTIF(F18:AG18,"A") -> 3
A19: 15 | B19: 642 | C19: Mohsin Ali | D19: Sajid Ali Junejo | E19: Five | F19: P | H19: P | I19: A | K19: P | L19: P | M19: A | O19: P | P19: P | Q19: P | R19: P | T19: P | V19: P | W19: P | Y19: P | Z19: P | AA19: P | AC19: P | AD19: A | AE19: P | AF19: P | AG19: P | AH19: =COUNTIF(F19:AG19,"P") -> 18 | AI19: =COUNTIF(F19:AG19,"A") -> 3 | AJ19: Absent Days Details
A20: 16 | B20: 706 | C20: M. Ammad-ud-din | D20: Riyaz-ud-din | E20: Five | F20: P | H20: P | I20: A | K20: P | L20: P | M20: P | O20: P | P20: P | Q20: P | R20: P | T20: P | V20: A | W20: P | Y20: A | Z20: A | AA20: A | AC20: P | AD20: P | AE20: P | AF20: P | AG20: P | AH20: =COUNTIF(F20:AG20,"P") -> 16 | AI20: =COUNTIF(F20:AG20,"A") -> 5 | AJ20: Detail | AK20: Boys | AL20: Girls | AM20: Total
A21: 17 | B21: 437 | C21: Noman | D21: Abdul Rehman | E21: Five | F21: P | H21: P | I21: P | K21: P | L21: P | M21: P | O21: P | P21: P | Q21: A | R21: A | T21: A | V21: P | W21: A | Y21: A | Z21: A | AA21: A | AC21: A | AD21: A | AE21: A | AF21: A | AG21: A | AH21: =COUNTIF(F21:AG21,"P") -> 9 | AI21: =COUNTIF(F21:AG21,"A") -> 12 | AJ21: Due Present days | AK21: =23*$AK$5 -> 575 | AL21: =23*$AK$5 -> 575 | AM21: =AK21+AL21 -> 1150
A22: 18 | B22: 502 | C22: Rahib Hussain | D22: Zahid Hussain | E22: Five | F22: P | H22: P | I22: P | K22: P | L22: P | M22: P | O22: P | P22: P | Q22: A | R22: P | T22: P | V22: P | W22: P | Y22: P | Z22: P | AA22: P | AC22: P | AD22: P | AE22: P | AF22: P | AG22: P | AH22: =COUNTIF(F22:AG22,"P") -> 20 | AI22: =COUNTIF(F22:AG22,"A") -> 1 | AJ22: Absent days | AK22: =AK21-AK14 -> 158 | AL22: =AL21-AL14 -> 204 | AM22: =AK22+AL22 -> 362
A23: 19 | B23: 705 | C23: Shamsuddin | D23: Asghar Ali | E23: Five | F23: P | H23: A | I23: A | K23: P | L23: P | M23: P | O23: P | P23: P | Q23: P | R23: P | T23: P | V23: P | W23: P | Y23: P | Z23: A | AA23: P | AC23: P | AD23: P | AE23: P | AF23: P | AG23: P | AH23: =COUNTIF(F23:AG23,"P") -> 18 | AI23: =COUNTIF(F23:AG23,"A") -> 3 | AJ23: % | AK23: =AK22/AK21 -> 0.27478261 | AL23: =AL22/AL21 -> 0.35478261 | AM23: =AM22/AM21 -> 0.31478261
A24: 20 | B24: 868 | C24: Massab Ali | D24: Safdar Ali | E24: Five | F24: P | H24: P | I24: P | K24: P | L24: P | M24: P | O24: P | P24: P | Q24: P | R24: P | T24: P | V24: P | W24: P | Y24: P | Z24: P | AA24: P | AC24: P | AD24: A | AE24: P | AF24: P | AG24: P | AH24: =COUNTIF(F24:AG24,"P") -> 20 | AI24: =COUNTIF(F24:AG24,"A") -> 1
A25: 21 | B25: 845 | C25: Zohaib Ali | D25: Zulfiqar Ali | E25: Five | F25: P | H25: P | I25: P | K25: P | L25: P | M25: P | O25: P | P25: P | Q25: P | R25: P | T25: P | V25: P | W25: P | Y25: P | Z25: P | AA25: P | AC25: P | AD25: A | AE25: A | AF25: P | AG25: P | AH25: =COUNTIF(F25:AG25,"P") -> 19 | AI25: =COUNTIF(F25:AG25,"A") -> 2
A26: 22 | B26: 860 | C26: M. Husnain | D26: Ubaidullah | E26: Five | F26: P | H26: P | I26: P | K26: P | L26: P | M26: P | O26: P | P26: P | Q26: P | R26: P | T26: A | V26: P | W26: P | Y26: P | Z26: P | AA26: P | AC26: P | AD26: P | AE26: P | AF26: P | AG26: P | AH26: =COUNTIF(F26:AG26,"P") -> 20 | AI26: =COUNTIF(F26:AG26,"A") -> 1
A27: 23 | B27: 888 | C27: Nazakat | D27: Syed Qutab Ali | E27: Five | F27: P | H27: P | I27: P | K27: P | L27: P | M27: P | O27: P | P27: P | Q27: P | R27: P | T27: P | V27: P | W27: P | Y27: P | Z27: P | AA27: P | AC27: P | AD27: P | AE27: P | AF27: P | AG27: P | AH27: =COUNTIF(F27:AG27,"P") -> 21 | AI27: =COUNTIF(F27:AG27,"A") -> 0
A28: 1 | B28: 634 | C28: Aitina Sohail | D28: Sohail Sarwar Jatoi | E28: Five | F28: P | H28: P | I28: A | K28: P | L28: P | M28: A | O28: P | P28: P | Q28: P | R28: P | T28: P | V28: A | W28: P | Y28: P | Z28: P | AA28: A | AC28: P | AD28: P | AE28: P | AF28: P | AG28: P | AH28: =COUNTIF(F28:AG28,"P") -> 17 | AI28: =COUNTIF(F28:AG28,"A") -> 4
A29: 2 | B29: 509 | C29: Ajwa Gul | D29: Sabir Hussain | E29: Five | F29: A | H29: A | I29: A | K29: A | L29: A | M29: A | O29: A | P29: A | Q29: A | R29: A | T29: A | V29: A | W29: A | Y29: A | Z29: A | AA29: A | AC29: A | AD29: A | AE29: A | AF29: A | AG29: A | AH29: =COUNTIF(F29:AG29,"P") -> 0 | AI29: =COUNTIF(F29:AG29,"A") -> 21
A30: 3 | B30: 706 | C30: Alishba | D30: Maqsood Ahmed | E30: Five | F30: A | H30: A | I30: P | K30: P | L30: P | M30: P | O30: P | P30: P | Q30: P | R30: P | T30: P | V30: P | W30: P | Y30: P | Z30: P | AA30: P | AC30: P | AD30: P | AE30: P | AF30: A | AG30: P | AH30: =COUNTIF(F30:AG30,"P") -> 18 | AI30: =COUNTIF(F30:AG30,"A") -> 3
A31: 4 | B31: 608 | C31: Anosha | D31: Altaf Hussain | E31: Five | F31: A | H31: A | I31: A | K31: A | L31: A | M31: A | O31: A | P31: A | Q31: A | R31: A | T31: A | V31: P | W31: P | Y31: P | Z31: P | AA31: P | AC31: P | AD31: P | AE31: P | AF31: P | AG31: A | AH31: =COUNTIF(F31:AG31,"P") -> 9 | AI31: =COUNTIF(F31:AG31,"A") -> 12
A32: 5 | B32: 603 | C32: Dua Batool | D32: Faiq Ali | E32: Five | F32: A | H32: P | I32: P | K32: P | L32: P | M32: P | O32: P | P32: P | Q32: P | R32: P | T32: A | V32: P | W32: P | Y32: P | Z32: A | AA32: P | AC32: A | AD32: P | AE32: P | AF32: P | AG32: P | AH32: =COUNTIF(F32:AG32,"P") -> 17 | AI32: =COUNTIF(F32:AG32,"A") -> 4
A33: 6 | B33: 503 | C33: Gul Naz | D33: Zahid Hussain | E33: Five | F33: P | H33: P | I33: P | K33: P | L33: P | M33: P | O33: P | P33: P | Q33: A | R33: A | T33: P | V33: P | W33: P | Y33: P | Z33: P | AA33: P | AC33: P | AD33: P | AE33: P | AF33: P | AG33: P | AH33: =COUNTIF(F33:AG33,"P") -> 19 | AI33: =COUNTIF(F33:AG33,"A") -> 2
A34: 7 | B34: 606 | C34: Hina | D34: Lutufullah | E34: Five | F34: P | H34: P | I34: P | K34: A | L34: P | M34: P | O34: P | P34: A | Q34: P | R34: P | T34: P | V34: A | W34: P | Y34: P | Z34: A | AA34: P | AC34: P | AD34: P | AE34: P | AF34: P | AG34: P | AH34: =COUNTIF(F34:AG34,"P") -> 17 | AI34: =COUNTIF(F34:AG34,"A") -> 4
A35: 8 | B35: 358 | C35: Iqra | D35: Munawar Ali | E35: Five | F35: P | H35: P | I35: P | K35: P | L35: P | M35: P | O35: P | P35: A | Q35: P | R35: P | T35: A | V35: P | W35: P | Y35: A | Z35: P | AA35: P | AC35: P | AD35: P | AE35: P | AF35: P | AG35: P | AH35: =COUNTIF(F35:AG35,"P") -> 18 | AI35: =COUNTIF(F35:AG35,"A") -> 3
... A50: 23 | B50: 712 | C50: Rukhsana | D50: M. Sultan | E50: Five | F50: P | H50: P | I50: P | K50: A | L50: P | M50: A | O50: P | P50: P | Q50: P | R50: P | T50: P | V50: P | W50: P | Y50: P | Z50: P | AA50: P | AC50: P | AD50: P | AE50: P | AF50: P | AG50: P | AH50: =COUNTIF(F50:AG50,"P") -> 19 | AI50: =COUNTIF(F50:AG50,"A") -> 2

Sheet Class-VI
A1: Goverment high school (SJCHS)
A2: Monthly Attendence Month of February-2025
A3: S.No | B3: GR | C3: Student Name | D3: Father Name | E3: Class | F3: =TEXT(F4,"ddd") -> Sat | G3: =TEXT(G4,"ddd") -> Sun | H3: =TEXT(H4,"ddd") -> Mon | I3: =TEXT(I4,"ddd") -> Tue | J3: =TEXT(J4,"ddd") -> Wed | K3: =TEXT(K4,"ddd") -> Thu | L3: =TEXT(L4,"ddd") -> Fri | M3: =TEXT(M4,"ddd") -> Sat | ... AG3: =TEXT(AG4,"ddd") -> Fri | AH3: Present | AI3: Absent | AJ3: Year 2024
F4: 45689 | G4: 45690 | H4: 45691 | I4: 45692 | J4: 45693 | K4: 45694 | L4: 45695 | M4: 45696 | N4: 45697 | O4: 45698 | P4: 45699 | Q4: 45700 | R4: 45701 | S4: 45702 | T4: 45703 | U4: 45704 | V4: 45705 | W4: 45706 | X4: 45707 | Y4: 45708 | Z4: 45709 | AA4: 45710 | AB4: 45711 | AC4: 45712 | AD4: 45713 | AE4: 45714 | AF4: 45715 | AG4: 45716 | AJ4: Total days | AK4: =SUM(AK5:AK8) -> 30
A5: 1 | B5: 474 | C5: Abdul Rehman | D5: Ahmed Ali | E5: Six | F5: P | G5: SUNDAY - SUNDAY - SUNDAY - SUNDAY | H5: P | I5: A | J5: Kashmir Day - Kashmir Day - Kashmir Day | K5: L | L5: L | M5: L | N5: SUNDAY - SUNDAY - SUNDAY - SUNDAY | O5: P | P5: P | Q5: P | R5: P | S5: SHAB - E BARAAT - SHAB-E-BARAAT | T5: P | U5: SUNDAY - SUNDAY - SUNDAY - SUNDAY | V5: P | W5: P | X5: URS LAL SHAHBAZ QALANDAR | Y5: P | Z5: P | AA5: P | AB5: SUNDAY - SUNDAY - SUNDAY - SUNDAY | AC5: P | AD5: P | AE5: P | AF5: P | AG5: P | AH5: =COUNTIF(F5:AG5,"P") -> 17 | AI5: =COUNTIF(F5:AG5,"A") -> 1 | AJ5: Working days | AK5: 25
A6: 2 | B6: 615 | C6: Abdul Samad | D6: Rehmatullah | E6: Six | F6: P | H6: P | I6: P | K6: P | L6: P | M6: A | O6: P | P6: P | Q6: P | R6: P | T6: A | V6: P | W6: P | Y6: P | Z6: P | AA6: A | AC6: P | AD6: P | AE6: P | AF6: P | AG6: P | AH6: =COUNTIF(F6:AG6,"P") -> 18 | AI6: =COUNTIF(F6:AG6,"A") -> 3 | AJ6: Sunday | AK6: 4
A7: 3 | B7: 635 | C7: Abdul Wassay | D7: Sohail Sarwar | E7: Six | F7: P | H7: A | I7: P | K7: P | L7: P | M7: A | O7: P | P7: P | Q7: A | R7: P | T7: P | V7: P | W7: P | Y7: P | Z7: P | AA7: A | AC7: P | AD7: P | AE7: P | AF7: P | AG7: P | AH7: =COUNTIF(F7:AG7,"P") -> 17 | AI7: =COUNTIF(F7:AG7,"A") -> 4 | AJ7: Iqbal Day | AK7: 1
A8: 4 | B8: 475 | C8: Abid Ali | D8: Ahmed Ali | E8: Six | F8: A | H8: P | I8: L | K8: P | L8: L | M8: L | O8: P | P8: P | Q8: P | R8: P | T8: P | V8: P | W8: P | Y8: P | Z8: P | AA8: P | AC8: A | AD8: P | AE8: P | AF8: P | AG8: P | AH8: =COUNTIF(F8:AG8,"P") -> 16 | AI8: =COUNTIF(F8:AG8,"A") -> 2
A9: 5 | B9: 343 | C9: Danish | D9: Imdad Ali | E9: Six | F9: A | H9: P | I9: P | K9: P | L9: A | M9: A | O9: A | P9: P | Q9: P | R9: A | T9: A | V9: A | W9: P | Y9: P | Z9: P | AA9: P | AC9: P | AD9: P | AE9: P | AF9: P | AG9: A | AH9: =COUNTIF(F9:AG9,"P") -> 13 | AI9: =COUNTIF(F9:AG9,"A") -> 8
A10: 6 | B10: 401 | C10: Irshaad Ali | D10: Haji Malah | E10: Six | F10: P | H10: L | I10: L | K10: P | L10: L | M10: L | O10: L | P10: L | Q10: L | R10: L | T10: L | V10: L | W10: L | Y10: L | Z10: L | AA10: L | AC10: L | AD10: A | AE10: A | AF10: A | AG10: A | AH10: =COUNTIF(F10:AG10,"P") -> 2 | AI10: =COUNTIF(F10:AG10,"A") -> 4
A11: 7 | B11: 620 | C11: Joun Ali | D11: Imran Ali | E11: Six | F11: A | H11: P | I11: P | K11: P | L11: P | M11: P | O11: A | P11: P | Q11: P | R11: P | T11: A | V11: P | W11: P | Y11: P | Z11: P | AA11: P | AC11: P | AD11: P | AE11: P | AF11: P | AG11: A | AH11: =COUNTIF(F11:AG11,"P") -> 17 | AI11: =COUNTIF(F11:AG11,"A") -> 4 | AJ11: Present Days Detail
A12: 8 | B12: 616 | C12: M. Muzzamil | D12: Ahmed Ali | E12: Six | F12: P | H12: P | I12: P | K12: P | L12: P | M12: P | O12: P | P12: P | Q12: P | R12: P | T12: P | V12: P | W12: P | Y12: P | Z12: P | AA12: P | AC12: P | AD12: P | AE12: P | AF12: P | AG12: P | AH12: =COUNTIF(F12:AG12,"P") -> 21 | AI12: =COUNTIF(F12:AG12,"A") -> 0 | AJ12: Detail | AK12: Boys | AL12: Girls | AM12: Total
A13: 9 | B13: 565 | C13: M. Sameer | D13: Fazal Muhammad | E13: Six | F13: P | H13: P | I13: P | K13: P | L13: P | M13: P | O13: P | P13: P | Q13: P | R13: P | T13: P | V13: P | W13: P | Y13: P | Z13: P | AA13: P | AC13: P | AD13: P | AE13: P | AF13: P | AG13: P | AH13: =COUNTIF(F13:AG13,"P") -> 21 | AI13: =COUNTIF(F13:AG13,"A") -> 0 | AJ13: Due Present days | AK13: =17*$AK$5 -> 425 | AL13: =28*$AK$5 -> 700 | AM13: =SUM(AK13:AL13) -> 1125
A14: 10 | B14: 617 | C14: Meer Majid | D14: Haji Iqbal | E14: Six | F14: P | H14: P | I14: P | K14: P | L14: P | M14: A | O14: P | P14: P | Q14: P | R14: P | T14: P | V14: P | W14: P | Y14: P | Z14: P | AA14: P | AC14: P | AD14: P | AE14: P | AF14: P | AG14: P | AH14: =COUNTIF(F14:AG14,"P") -> 20 | AI14: =COUNTIF(F14:AG14,"A") -> 1 | AJ14: Actual present days | AK14: =SUM(AH5:AH21) -> 283 | AL14: =SUM(AH22:AH46) -> 428 | AM14: =AK14+AL14 -> 711
A15: 11 | B15: 715 | C15: M. Tayyab | D15: Javaid Ali | E15: Six | F15: P | H15: P | I15: A | K15: P | L15: P | M15: P | O15: P | P15: P | Q15: P | R15: P | T15: P | V15: P | W15: P | Y15: P | Z15: P | AA15: P | AC15: P | AD15: P | AE15: P | AF15: P | AG15: P | AH15: =COUNTIF(F15:AG15,"P") -> 20 | AI15: =COUNTIF(F15:AG15,"A") -> 1 | AJ15: % | AK15: =AK14/AK13 -> 0.66588235 | AL15: =AL14/AL13 -> 0.61142857 | AM15: =AM14/AM13 -> 0.632
A16: 12 | B16: 426 | C16: Mudasir Hussain | D16: Mukhtiyar Ali | E16: Six | F16: A | H16: A | I16: A | K16: P | L16: A | M16: A | O16: A | P16: A | Q16: P | R16: P | T16: P | V16: P | W16: P | Y16: P | Z16: P | AA16: P | AC16: P | AD16: P | AE16: P | AF16: P | AG16: P | AH16: =COUNTIF(F16:AG16,"P") -> 14 | AI16: =COUNTIF(F16:AG16,"A") -> 7
A17: 13 | B17: 568 | C17: Uzair Ahmed | D17: Abdul Sattar | E17: Six | F17: P | H17: P | I17: P | K17: P | L17: P | M17: P | O17: P | P17: P | Q17: P | R17: P | T17: P | V17: P | W17: P | Y17: P | Z17: P | AA17: P | AC17: P | AD17: P | AE17: P | AF17: P | AG17: P | AH17: =COUNTIF(F17:AG17,"P") -> 21 | AI17: =COUNTIF(F17:AG17,"A") -> 0
A18: 14 | B18: 347 | C18: M. Yaseen | D18: Muhammad Younus | E18: Six | F18: A | H18: P | I18: A | K18: P | L18: P | M18: P | O18: P | P18: P | Q18: P | R18: P | T18: A | V18: P | W18: P | Y18: P | Z18: P | AA18: P | AC18: P | AD18: P | AE18: P | AF18: P | AG18: P | AH18: =COUNTIF(F18:AG18,"P") -> 18 | AI18: =COUNTIF(F18:AG18,"A") -> 3
A19: 15 | B19: 250 | C19: Faisal Ahmed | D19: Faiz Muhammad | E19: Six | F19: P | H19: P | I19: P | K19: A | L19: P | M19: P | O19: P | P19: P | Q19: P | R19: P | T19: P | V19: P | W19: P | Y19: P | Z19: P | AA19: P | AC19: P | AD19: P | AE19: P | AF19: P | AG19: P | AH19: =COUNTIF(F19:AG19,"P") -> 20 | AI19: =COUNTIF(F19:AG19,"A") -> 1 | AJ19: Absent Days Details
A20: 16 | B20: 790 | C20: Wajid Ali | D20: M. Ali Ahmed | E20: Six | F20: A | H20: A | I20: P | K20: P | L20: P | M20: A | O20: A | P20: L | Q20: A | R20: P | T20: P | V20: P | W20: P | Y20: P | Z20: A | AA20: A | AC20: A | AD20: P | AE20: A | AF20: A | AG20: P | AH20: =COUNTIF(F20:AG20,"P") -> 10 | AI20: =COUNTIF(F20:AG20,"A") -> 10 | AJ20: Detail | AK20: Boys | AL20: Girls | AM20: Total
A21: 17 | B21: 892 | C21: Ayan | D21: Rafeeque Ahmed | E21: Six | F21: A | H21: P | I21: P | K21: P | L21: P | M21: P | O21: P | P21: P | Q21: P | R21: P | T21: A | V21: P | W21: P | Y21: P | Z21: P | AA21: P | AC21: P | AD21: P | AE21: P | AF21: P | AG21: A | AH21: =COUNTIF(F21:AG21,"P") -> 18 | AI21: =COUNTIF(F21:AG21,"A") -> 3 | AJ21: Due Present days | AK21: =17*$AK$5 -> 425 | AL21: =28*$AK$5 -> 700 | AM21: =AK21+AL21 -> 1125
A22: 1 | B22: 713 | C22: Amna | D22: Asghar Ali | E22: Six | F22: P | H22: P | I22: P | K22: P | L22: P | M22: P | O22: P | P22: P | Q22: P | R22: P | T22: P | V22: P | W22: P | Y22: P | Z22: A | AA22: P | AC22: P | AD22: P | AE22: P | AF22: P | AG22: P | AH22: =COUNTIF(F22:AG22,"P") -> 20 | AI22: =COUNTIF(F22:AG22,"A") -> 1 | AJ22: Absent days | AK22: =AK21-AK14 -> 142 | AL22: =AL21-AL14 -> 272 | AM22: =AK22+AL22 -> 414
A23: 2 | B23: 345 | C23: Batool | D23: Sajid Ali | E23: Six | F23: P | H23: P | I23: P | K23: P | L23: P | M23: P | O23: A | P23: P | Q23: P | R23: P | T23: P | V23: P | W23: P | Y23: P | Z23: P | AA23: A | AC23: P | AD23: A | AE23: A | AF23: P | AG23: P | AH23: =COUNTIF(F23:AG23,"P") -> 17 | AI23: =COUNTIF(F23:AG23,"A") -> 4 | AJ23: % | AK23: =AK22/AK21 -> 0.33411765 | AL23: =AL22/AL21 -> 0.38857143 | AM23: =AM22/AM21 -> 0.368
A24: 3 | B24: 716 | C24: Faiza | D24: Tanveer Ahmed | E24: Six | F24: A | H24: P | I24: P | K24: P | L24: P | M24: A | O24: P | P24: A | Q24: A | R24: A | T24: A | V24: P | W24: A | Y24: A | Z24: A | AA24: L | AC24: P | AD24: A | AE24: A | AF24: P | AG24: P | AH24: =COUNTIF(F24:AG24,"P") -> 9 | AI24: =COUNTIF(F24:AG24,"A") -> 11
A25: 4 | B25: 506 | C25: Fatima | D25: Zahid Hussain | E25: Six | F25: P | H25: P | I25: P | K25: P | L25: P | M25: P | O25: P | P25: P | Q25: P | R25: P | T25: P | V25: L | W25: L | Y25: L | Z25: L | AA25: L | AC25: L | AD25: L | AE25: P | AF25: P | AG25: P | AH25: =COUNTIF(F25:AG25,"P") -> 14 | AI25: =COUNTIF(F25:AG25,"A") -> 0
A26: 5 | B26: 769 | C26: Iqra | D26: M. Ghafoor Jukhio | E26: Six | F26: P | H26: P | I26: A | K26: A | L26: A | M26: A | O26: A | P26: P | Q26: P | R26: P | T26: P | V26: A | W26: A | Y26: P | Z26: P | AA26: P | AC26: P | AD26: P | AE26: P | AF26: P | AG26: P | AH26: =COUNTIF(F26:AG26,"P") -> 14 | AI26: =COUNTIF(F26:AG26,"A") -> 7
A27: 6 | B27: 348 | C27: Kaneez Fatima | D27: Rizwan Ali | E27: Six | F27: P | H27: P | I27: P | K27: L | L27: P | M27: P | O27: P | P27: P | Q27: P | R27: P | T27: L | V27: P | W27: P | Y27: P | Z27: P | AA27: P | AC27: P | AD27: P | AE27: P | AF27: P | AG27: P | AH27: =COUNTIF(F27:AG27,"P") -> 19 | AI27: =COUNTIF(F27:AG27,"A") -> 0
A28: 7 | B28: 618 | C28: Mahnoor Fatima | D28: Ghulam Yaseen | E28: Six | F28: P | H28: P | I28: P | K28: P | L28: P | M28: P | O28: P | P28: A | Q28: P | R28: P | T28: P | V28: P | W28: P | Y28: P | Z28: A | AA28: P | AC28: P | AD28: P | AE28: P | AF28: P | AG28: P | AH28: =COUNTIF(F28:AG28,"P") -> 19 | AI28: =COUNTIF(F28:AG28,"A") -> 2
A29: 8 | B29: 443 | C29: Maryam | D29: Rehmatullah | E29: Six | F29: P | H29: P | I29: L | K29: L | L29: L | M29: L | O29: P | P29: P | Q29: P | R29: P | T29: P | V29: P | W29: P | Y29: P | Z29: P | AA29: P | AC29: P | AD29: P | AE29: P | AF29: P | AG29: P | AH29: =COUNTIF(F29:AG29,"P") -> 17 | AI29: =COUNTIF(F29:AG29,"A") -> 0
A30: 9 | B30: 614 | C30: Maryam | D30: Zulfiqaar Ali | E30: Six | F30: P | H30: P | I30: P | K30: P | L30: P | M30: P | O30: P | P30: P | Q30: P | R30: P | T30: P | V30: P | W30: P | Y30: P | Z30: P | AA30: P | AC30: P | AD30: P | AE30: P | AF30: P | AG30: P | AH30: =COUNTIF(F30:AG30,"P") -> 21 | AI30: =COUNTIF(F30:AG30,"A") -> 0
A31: 10 | B31: 778 | C31: Naina Naz | D31: Khawar Ali | E31: Six | F31: P | H31: P | I31: P | K31: P | L31: P | M31: P | O31: P | P31: P | Q31: P | R31: P | T31: P | V31: P | W31: P | Y31: P | Z31: P | AA31: P | AC31: P | AD31: P | AE31: P | AF31: P | AG31: P | AH31: =COUNTIF(F31:AG31,"P") -> 21 | AI31: =COUNTIF(F31:AG31,"A") -> 0
A32: 11 | B32: 435 | C32: Nida | D32: Mehboob Ali | E32: Six | F32: A | H32: A | I32: A | K32: P | L32: P | M32: P | O32: A | P32: P | Q32: P | R32: A | T32: A | V32: P | W32: P | Y32: P | Z32: P | AA32: P | AC32: P | AD32: P | AE32: P | AF32: P | AG32: A | AH32: =COUNTIF(F32:AG32,"P") -> 14 | AI32: =COUNTIF(F32:AG32,"A") -> 7
A33: 12 | B33: 619 | C33: Noor Muqadis | D33: Muhammad Idrees | E33: Six | F33: P | H33: P | I33: P | K33: P | L33: P | M33: P | O33: P | P33: P | Q33: P | R33: P | T33: P | V33: P | W33: P | Y33: P | Z33: P | AA33: P | AC33: A | AD33: P | AE33: P | AF33: P | AG33: L | AH33: =COUNTIF(F33:AG33,"P") -> 19 | AI33: =COUNTIF(F33:AG33,"A") -> 1
A34: 13 | B34: 613 | C34: Rubina | D34: Zulfiqaar Ali | E34: Six | F34: A | H34: A | I34: P | K34: P | L34: P | M34: P | O34: P | P34: P | Q34: P | R34: P | T34: P | V34: P | W34: P | Y34: P | Z34: P | AA34: P | AC34: P | AD34: P | AE34: P | AF34: P | AG34: P | AH34: =COUNTIF(F34:AG34,"P") -> 19 | AI34: =COUNTIF(F34:AG34,"A") -> 2
A35: 15 | B35: 446 | C35: Sahar | D35: Sohail Ahmed | E35: Six | F35: A | H35: P | I35: P | K35: A | L35: A | M35: A | O35: A | P35: A | Q35: A | R35: A | T35: A | V35: P | W35: P | Y35: P | Z35: P | AA35: P | AC35: P | AD35: P | AE35: P | AF35: P | AG35: P | AH35: =COUNTIF(F35:AG35,"P") -> 12 | AI35: =COUNTIF(F35:AG35,"A") -> 9
... A46: 26 | B46: 903 | C46: Misbah | D46: Gulraiz | E46: Six | F46: A | H46: P | I46: P | K46: A | L46: P | M46: P | O46: A | P46: P | Q46: P | R46: A | T46: P | V46: A | W46: P | Y46: A | Z46: P | AA46: P | AC46: A | AD46: A | AE46: A | AF46: A | AG46: A | AH46: =COUNTIF(F46:AG46,"P") -> 10 | AI46: =COUNTIF(F46:AG46,"A") -> 11

Sheet Class-VII
A1: Goverment high school (SJCHS)
A2: Monthly Attendence Month of February2025
A3: S.No | B3: GR | C3: Student Name | D3: Class | E3: =TEXT(E4,"ddd") -> Sat | F3: =TEXT(F4,"ddd") -> Sun | G3: =TEXT(G4,"ddd") -> Mon | H3: =TEXT(H4,"ddd") -> Tue | I3: =TEXT(I4,"ddd") -> Wed | J3: =TEXT(J4,"ddd") -> Thu | K3: =TEXT(K4,"ddd") -> Fri | L3: =TEXT(L4,"ddd") -> Sat | ... AF3: =TEXT(AF4,"ddd") -> Fri | AG3: Present | AH3: Absent | AI3: Year 2024
E4: 45689 | F4: 45690 | G4: 45691 | H4: 45692 | I4: 45693 | J4: 45694 | K4: 45695 | L4: 45696 | M4: 45697 | N4: 45698 | O4: 45699 | P4: 45700 | Q4: 45701 | R4: 45702 | S4: 45703 | T4: 45704 | U4: 45705 | V4: 45706 | W4: 45707 | X4: 45708 | Y4: 45709 | Z4: 45710 | AA4: 45711 | AB4: 45712 | AC4: 45713 | AD4: 45714 | AE4: 45715 | AF4: 45716 | AI4: Total days | AJ4: =SUM(AJ5:AJ8) -> 30
A5: 1 | B5: 885 | C5: Abdullah | D5: 7th | E5: A | F5: SUNDAY - SUNDAY - SUNDAY - SUNDAY - SUNDAY | G5: P | H5: P | I5: Kashmir Day - Kashmir Day - Kashmir Day | J5: P | K5: P | L5: P | M5: SUNDAY - SUNDAY - SUNDAY - SUNDAY - SUNDAY | N5: P | O5: P | P5: P | Q5: P | R5: SHAB - E BARAAT - SHAB-E-BARAAT | S5: P | T5: SUNDAY - SUNDAY - SUNDAY - SUNDAY - SUNDAY | U5: P | V5: P | W5: URS LAL SHAHBAZ QALANDAR | X5: P | Y5: A | Z5: A | AA5: SUNDAY - SUNDAY - SUNDAY - SUNDAY - SUNDAY | AB5: P | AC5: P | AD5: P | AE5: P | AF5: P | AG5: =COUNTIF(E5:AF5,"P") -> 18 | AH5: =COUNTIF(E5:AF5,"A") -> 3 | AI5: Working days | AJ5: 25
A6: 2 | B6: 482 | C6: Adil Khan | D6: 7th | E6: A | G6: P | H6: P | J6: P | K6: P | L6: P | N6: P | O6: P | P6: P | Q6: P | S6: A | U6: A | V6: A | X6: P | Y6: A | Z6: P | AB6: P | AC6: P | AD6: P | AE6: P | AF6: P | AG6: =COUNTIF(E6:AF6,"P") -> 16 | AH6: =COUNTIF(E6:AF6,"A") -> 5 | AI6: Sunday | AJ6: 4
A7: 3 | B7: 331 | C7: Ali Khan | D7: 7th | E7: P | G7: P | H7: P | J7: P | K7: P | L7: P | N7: P | O7: P | P7: P | Q7: P | S7: P | U7: A | V7: P | X7: P | Y7: P | Z7: P | AB7: P | AC7: P | AD7: P | AE7: P | AF7: P | AG7: =COUNTIF(E7:AF7,"P") -> 20 | AH7: =COUNTIF(E7:AF7,"A") -> 1 | AI7: Iqbal Day | AJ7: 1
A8: 4 | B8: 306 | C8: Ameer Hamza | D8: 7th | E8: A | G8: P | H8: P | J8: P | K8: A | L8: A | N8: P | O8: P | P8: A | Q8: P | S8: A | U8: P | V8: P | X8: P | Y8: P | Z8: P | AB8: P | AC8: A | AD8: P | AE8: P | AF8: P | AG8: =COUNTIF(E8:AF8,"P") -> 15 | AH8: =COUNTIF(E8:AF8,"A") -> 6
A9: 5 | B9: 567 | C9: Bismillah Khan | D9: 7th | E9: P | G9: A | H9: P | J9: P | K9: P | L9: P | N9: A | O9: P | P9: A | Q9: P | S9: P | U9: P | V9: A | X9: P | Y9: P | Z9: P | AB9: P | AC9: A | AD9: A | AE9: P | AF9: A | AG9: =COUNTIF(E9:AF9,"P") -> 14 | AH9: =COUNTIF(E9:AF9,"A") -> 7
A10: 6 | B10: 721 | C10: Danish | D10: 7th | E10: P | G10: A | H10: P | J10: P | K10: P | L10: P | N10: P | O10: P | P10: P | Q10: P | S10: P | U10: P | V10: P | X10: P | Y10: P | Z10: P | AB10: P | AC10: P | AD10: P | AE10: P | AF10: P | AG10: =COUNTIF(E10:AF10,"P") -> 20 | AH10: =COUNTIF(E10:AF10,"A") -> 1
A11: 7 | B11: 342 | C11: Daniyal | D11: 7th | E11: A | G11: P | H11: P | J11: A | K11: A | L11: A | N11: P | O11: P | P11: A | Q11: A | S11: A | U11: P | V11: P | X11: P | Y11: P | Z11: P | AB11: P | AC11: P | AD11: P | AE11: P | AF11: A | AG11: =COUNTIF(E11:AF11,"P") -> 13 | AH11: =COUNTIF(E11:AF11,"A") -> 8 | AI11: Present Days Detail
A12: 8 | B12: 625 | C12: Hamza Nisar | D12: 7th | E12: P | G12: P | H12: P | J12: P | K12: P | L12: A | N12: P | O12: A | P12: P | Q12: P | S12: P | U12: P | V12: P | X12: P | Y12: P | Z12: A | AB12: P | AC12: A | AD12: P | AE12: P | AF12: P | AG12: =COUNTIF(E12:AF12,"P") -> 17 | AH12: =COUNTIF(E12:AF12,"A") -> 4 | AI12: Detail | AJ12: Boys | AK12: Girls | AL12: Total
A13: 9 | B13: 627 | C13: Haseeb Hyder | D13: 7th | E13: P | G13: P | H13: P | J13: P | K13: P | L13: P | N13: P | O13: P | P13: P | Q13: P | S13: A | U13: P | V13: A | X13: P | Y13: P | Z13: P | AB13: P | AC13: P | AD13: P | AE13: P | AF13: P | AG13: =COUNTIF(E13:AF13,"P") -> 19 | AH13: =COUNTIF(E13:AF13,"A") -> 2 | AI13: Due Present days | AJ13: =29*$AJ$5 -> 725 | AK13: =19*$AJ$5 -> 475 | AL13: =SUM(AJ13:AK13) -> 1200
A14: 10 | B14: 723 | C14: Hasnain G. Nabi | D14: 7th | E14: P | G14: P | H14: P | J14: P | K14: P | L14: P | N14: P | O14: P | P14: A | Q14: A | S14: A | U14: A | V14: A | X14: A | Y14: P | Z14: P | AB14: P | AC14: P | AD14: P | AE14: P | AF14: P | AG14: =COUNTIF(E14:AF14,"P") -> 15 | AH14: =COUNTIF(E14:AF14,"A") -> 6 | AI14: Actual present days | AJ14: =SUM(AG5:AG31) -> 453 | AK14: =SUM(AG32:AG49) -> 299 | AL14: =AJ14+AK14 -> 752
A15: 11 | B15: 717 | C15: Hasnain Ali Soomro | D15: 7th | E15: P | G15: P | H15: P | J15: A | K15: P | L15: A | N15: P | O15: P | P15: A | Q15: P | S15: A | U15: P | V15: A | X15: A | Y15: P | Z15: A | AB15: A | AC15: P | AD15: A | AE15: P | AF15: A | AG15: =COUNTIF(E15:AF15,"P") -> 11 | AH15: =COUNTIF(E15:AF15,"A") -> 10 | AI15: % | AJ15: =AJ14/AJ13 -> 0.62482759 | AK15: =AK14/AK13 -> 0.62947368 | AL15: =AL14/AL13 -> 0.62666667
A16: 12 | B16: 624 | C16: Hasnain Raza | D16: 7th | E16: A | G16: P | H16: P | J16: P | K16: P | L16: P | N16: P | O16: P | P16: P | Q16: P | S16: P | U16: P | V16: P | X16: P | Y16: P | Z16: P | AB16: P | AC16: P | AD16: P | AE16: A | AF16: A | AG16: =COUNTIF(E16:AF16,"P") -> 18 | AH16: =COUNTIF(E16:AF16,"A") -> 3
A17: 13 | B17: 718 | C17: Hasnain yasir | D17: 7th | E17: A | G17: P | H17: P | J17: P | K17: P | L17: P | N17: P | O17: P | P17: P | Q17: P | S17: A | U17: P | V17: P | X17: P | Y17: P | Z17: P | AB17: P | AC17: P | AD17: P | AE17: P | AF17: P | AG17: =COUNTIF(E17:AF17,"P") -> 19 | AH17: =COUNTIF(E17:AF17,"A") -> 2
A18: 14 | B18: 628 | C18: Irfan Ali | D18: 7th | E18: P | G18: P | H18: P | J18: P | K18: P | L18: P | N18: P | O18: P | P18: P | Q18: P | S18: P | U18: P | V18: P | X18: P | Y18: P | Z18: P | AB18: P | AC18: P | AD18: P | AE18: A | AF18: P | AG18: =COUNTIF(E18:AF18,"P") -> 20 | AH18: =COUNTIF(E18:AF18,"A") -> 1 | AI18: Absent Days Details
A19: 15 | B19: 621 | C19: Mubashir | D19: 7th | E19: P | G19: P | H19: P | J19: P | K19: P | L19: P | N19: P | O19: P | P19: P | Q19: P | S19: P | U19: P | V19: P | X19: P | Y19: P | Z19: P | AB19: P | AC19: P | AD19: P | AE19: P | AF19: P | AG19: =COUNTIF(E19:AF19,"P") -> 21 | AH19: =COUNTIF(E19:AF19,"A") -> 0 | AI19: Detail | AJ19: Boys | AK19: Girls | AL19: Total
A20: 16 | B20: 259 | C20: Muzammil | D20: 7th | E20: P | G20: P | H20: P | J20: A | K20: A | L20: A | N20: A | O20: P | P20: A | Q20: A | S20: A | U20: A | V20: A | X20: A | Y20: A | Z20: A | AB20: P | AC20: P | AD20: A | AE20: P | AF20: P | AG20: =COUNTIF(E20:AF20,"P") -> 8 | AH20: =COUNTIF(E20:AF20,"A") -> 13 | AI20: Due Present days | AJ20: =29*$AJ$5 -> 725 | AK20: =19*$AJ$5 -> 475 | AL20: =AJ20+AK20 -> 1200
A21: 17 | B21: 518 | C21: M. Anwaar | D21: 7th | E21: P | G21: P | H21: P | J21: P | K21: P | L21: A | N21: P | O21: P | P21: P | Q21: P | S21: P | U21: P | V21: P | X21: P | Y21: P | Z21: P | AB21: P | AC21: A | AD21: P | AE21: P | AF21: P | AG21: =COUNTIF(E21:AF21,"P") -> 19 | AH21: =COUNTIF(E21:AF21,"A") -> 2 | AI21: Absent days | AJ21: =AJ20-AJ14 -> 272 | AK21: =AK20-AK14 -> 176 | AL21: =AJ21+AK21 -> 448
A22: 18 | B22: 639 | C22: M. Hassan | D22: 7th | E22: A | G22: P | H22: P | J22: P | K22: P | L22: P | N22: P | O22: P | P22: P | Q22: P | S22: P | U22: P | V22: P | X22: P | Y22: A | Z22: P | AB22: P | AC22: P | AD22: P | AE22: P | AF22: P | AG22: =COUNTIF(E22:AF22,"P") -> 19 | AH22: =COUNTIF(E22:AF22,"A") -> 2 | AI22: % | AJ22: =AJ21/AJ20 -> 0.37517241 | AK22: =AK21/AK20 -> 0.37052632 | AL22: =AL21/AL20 -> 0.37333333
A23: 19 | B23: 762 | C23: M. Mairaj | D23: 7th | E23: P | G23: P | H23: P | J23: P | K23: P | L23: P | N23: P | O23: P | P23: P | Q23: P | S23: P | U23: P | V23: P | X23: P | Y23: P | Z23: P | AB23: P | AC23: P | AD23: P | AE23: P | AF23: P | AG23: =COUNTIF(E23:AF23,"P") -> 21 | AH23: =COUNTIF(E23:AF23,"A") -> 0
A24: 20 | B24: 719 | C24: M. Mudasir | D24: 7th | E24: P | G24: P | H24: A | J24: A | K24: P | L24: P | N24: P | O24: A | P24: A | Q24: P | S24: A | U24: A | V24: A | X24: A | Y24: A | Z24: P | AB24: P | AC24: A | AD24: A | AE24: P | AF24: P | AG24: =COUNTIF(E24:AF24,"P") -> 10 | AH24: =COUNTIF(E24:AF24,"A") -> 11
A25: 21 | B25: 725 | C25: M. Raza | D25: 7th | E25: P | G25: P | H25: P | J25: P | K25: P | L25: P | N25: P | O25: P | P25: P | Q25: P | S25: P | U25: P | V25: P | X25: P | Y25: P | Z25: P | AB25: P | AC25: P | AD25: P | AE25: P | AF25: P | AG25: =COUNTIF(E25:AF25,"P") -> 21 | AH25: =COUNTIF(E25:AF25,"A") -> 0
A26: 22 | B26: 724 | C26: M. Usman | D26: 7th | E26: P | G26: P | H26: P | J26: P | K26: P | L26: P | N26: P | O26: P | P26: P | Q26: P | S26: P | U26: P | V26: P | X26: P | Y26: P | Z26: P | AB26: P | AC26: P | AD26: P | AE26: P | AF26: P | AG26: =COUNTIF(E26:AF26,"P") -> 21 | AH26: =COUNTIF(E26:AF26,"A") -> 0
A27: 23 | B27: 630 | C27: Nisar Ali | D27: 7th | E27: P | G27: P | H27: P | J27: P | K27: P | L27: P | N27: P | O27: P | P27: P | Q27: P | S27: P | U27: P | V27: P | X27: P | Y27: P | Z27: P | AB27: P | AC27: P | AD27: P | AE27: P | AF27: P | AG27: =COUNTIF(E27:AF27,"P") -> 21 | AH27: =COUNTIF(E27:AF27,"A") -> 0
A28: 24 | B28: 406 | C28: Rizwan Arbab | D28: 7th | E28: P | G28: P | H28: P | J28: P | K28: P | L28: P | N28: P | O28: P | P28: P | Q28: P | S28: P | U28: P | V28: P | X28: P | Y28: P | Z28: L | AB28: L | AC28: L | AD28: L | AE28: P | AF28: P | AG28: =COUNTIF(E28:AF28,"P") -> 17 | AH28: =COUNTIF(E28:AF28,"A") -> 0
A29: 25 | B29: 849 | C29: Safiullah Hafeez | D29: 7th | E29: A | G29: P | H29: P | J29: P | K29: P | L29: P | N29: A | O29: A | P29: A | Q29: A | S29: A | U29: P | V29: P | X29: P | Y29: P | Z29: P | AB29: P | AC29: P | AD29: P | AE29: P | AF29: P | AG29: =COUNTIF(E29:AF29,"P") -> 15 | AH29: =COUNTIF(E29:AF29,"A") -> 6
A30: 26 | B30: 514 | C30: Sohail Ahmed | D30: 7th | E30: A | G30: P | H30: A | J30: A | K30: A | L30: A | N30: P | O30: P | P30: P | Q30: P | S30: P | U30: P | V30: P | X30: A | Y30: A | Z30: P | AB30: A | AC30: A | AD30: P | AE30: A | AF30: P | AG30: =COUNTIF(E30:AF30,"P") -> 11 | AH30: =COUNTIF(E30:AF30,"A") -> 10
A31: 27 | B31: 454 | C31: Zahid Hussain | D31: 7th | E31: A | G31: A | H31: P | J31: P | K31: P | L31: A | N31: P | O31: P | P31: A | Q31: P | S31: A | U31: A | V31: A | X31: P | Y31: P | Z31: P | AB31: P | AC31: P | AD31: P | AE31: P | AF31: P | AG31: =COUNTIF(E31:AF31,"P") -> 14 | AH31: =COUNTIF(E31:AF31,"A") -> 7
A32: 28 | B32: 636 | C32: Asma | D32: 7th | E32: P | G32: P | H32: P | J32: P | K32: P | L32: P | N32: P | O32: P | P32: P | Q32: P | S32: P | U32: P | V32: P | X32: P | Y32: P | Z32: P | AB32: P | AC32: P | AD32: P | AE32: P | AF32: P | AG32: =COUNTIF(E32:AF32,"P") -> 21 | AH32: =COUNTIF(E32:AF32,"A") -> 0
A33: 29 | C33: Aiman Khan | D33: 7th | E33: P | G33: P | H33: P | J33: P | K33: P | L33: P | N33: P | O33: P | P33: L | Q33: P | S33: P | U33: P | V33: P | X33: P | Y33: P | Z33: A | AB33: A | AC33: A | AD33: A | AE33: A | AF33: A | AG33: =COUNTIF(E33:AF33,"P") -> 14 | AH33: =COUNTIF(E33:AF33,"A") -> 6
A34: 30 | B34: 870 | C34: Aiman Safdar | D34: 7th | E34: P | G34: P | H34: P | J34: P | K34: A | L34: A | N34: A | O34: A | P34: A | Q34: A | S34: A | U34: A | V34: A | X34: A | Y34: A | Z34: A | AB34: A | AC34: A | AD34: A | AE34: A | AF34: A | AG34: =COUNTIF(E34:AF34,"P") -> 4 | AH34: =COUNTIF(E34:AF34,"A") -> 17
A35: 31 | B35: 626 | C35: Aqsa | D35: 7th | E35: P | G35: P | H35: P | J35: P | K35: P | L35: P | N35: P | O35: P | P35: P | Q35: P | S35: P | U35: P | V35: P | X35: P | Y35: P | Z35: P | AB35: P | AC35: P | AD35: P | AE35: P | AF35: P | AG35: =COUNTIF(E35:AF35,"P") -> 21 | AH35: =COUNTIF(E35:AF35,"A") -> 0
A36: 32 | B36: 871 | C36: Bushra Ubaid | D36: 7th | E36: P | G36: P | H36: P | J36: P | K36: P | L36: P | N36: P | O36: P | P36: P | Q36: P | S36: P | U36: P | V36: P | X36: P | Y36: P | Z36: P | AB36: P | AC36: P | AD36: P | AE36: P | AF36: P | AG36: =COUNTIF(E36:AF36,"P") -> 21 | AH36: =COUNTIF(E36:AF36,"A") -> 0
A37: 33 | B37: 637 | C37: Erum | D37: 7th | E37: P | G37: P | H37: P | J37: P | K37: P | L37: P | N37: P | O37: P | P37: A | Q37: P | S37: P | U37: P | V37: P | X37: P | Y37: P | Z37: P | AB37: P | AC37: P | AD37: P | AE37: P | AF37: P | AG37: =COUNTIF(E37:AF37,"P") -> 20 | AH37: =COUNTIF(E37:AF37,"A") -> 1
A38: 34 | B38: 720 | C38: Fatima zahra | D38: 7th | E38: P | G38: P | H38: P | J38: P | K38: P | L38: A | N38: P | O38: P | P38: P | Q38: P | S38: A | U38: P | V38: P | X38: P | Y38: P | Z38: P | AB38: P | AC38: P | AD38: P | AE38: P | AF38: P | AG38: =COUNTIF(E38:AF38,"P") -> 19 | AH38: =COUNTIF(E38:AF38,"A") -> 2
A39: 35 | B39: 722 | C39: Fiza | D39: 7th | E39: P | G39: P | H39: P | J39: P | K39: P | L39: P | N39: P | O39: P | P39: P | Q39: A | S39: A | U39: P | V39: A | X39: A | Y39: A | Z39: A | AB39: P | AC39: P | AD39: P | AE39: P | AF39: P | AG39: =COUNTIF(E39:AF39,"P") -> 15 | AH39: =COUNTIF(E39:AF39,"A") -> 6
A40: 36 | B40: 352 | C40: Hira Abroo | D40: 7th | E40: A | G40: A | H40: P | J40: P | K40: P | L40: P | N40: P | O40: P | P40: P | Q40: P | S40: P | U40: P | V40: P | X40: P | Y40: P | Z40: P | AB40: P | AC40: P | AD40: P | AE40: P | AF40: P | AG40: =COUNTIF(E40:AF40,"P") -> 19 | AH40: =COUNTIF(E40:AF40,"A") -> 2
A41: 37 | C41: Laraib | D41: 7th | E41: P | G41: P | H41: P | J41: A | K41: A | L41: A | N41: P | O41: P | P41: P | Q41: P | S41: A | U41: P | V41: P | X41: P | Y41: P | Z41: P | AB41: P | AC41: P | AD41: P | AE41: P | AF41: A | AG41: =COUNTIF(E41:AF41,"P") -> 16 | AH41: =COUNTIF(E41:AF41,"A") -> 5
A42: 38 | B42: 350 | C42: Maheen | D42: 7th | E42: P | G42: P | H42: P | J42: P | K42: P | L42: P | N42: P | O42: P | P42: P | Q42: P | S42: P | U42: P | V42: A | X42: P | Y42: P | Z42: P | AB42: P | AC42: P | AD42: P | AE42: P | AF42: P | AG42: =COUNTIF(E42:AF42,"P") -> 20 | AH42: =COUNTIF(E42:AF42,"A") -> 1
A43: 39 | B43: 629 | C43: Muskan | D43: 7th | E43: P | G43: P | H43: A | J43: P | K43: P | L43: P | N43: P | O43: P | P43: P | Q43: A | S43: P | U43: A | V43: P | X43: P | Y43: A | Z43: P | AB43: P | AC43: A | AD43: P | AE43: P | AF43: P | AG43: =COUNTIF(E43:AF43,"P") -> 16 | AH43: =COUNTIF(E43:AF43,"A") -> 5
A44: 40 | B44: 869 | C44: Muniza Ali Sher | D44: 7th | E44: P | G44: P | H44: P | J44: A | K44: P | L44: P | N44: A | O44: P | P44: P | Q44: P | S44: P | U44: P | V44: P | X44: A | Y44: P | Z44: P | AB44: P | AC44: P | AD44: P | AE44: P | AF44: P | AG44: =COUNTIF(E44:AF44,"P") -> 18 | AH44: =COUNTIF(E44:AF44,"A") -> 3
A45: 41 | B45: 726 | C45: Rimsha Khatoon | D45: 7th | E45: A | G45: A | H45: A | J45: A | K45: A | L45: A | N45: A | O45: A | P45: A | Q45: A | S45: A | U45: A | V45: A | X45: A | Y45: A | Z45: A | AB45: A | AC45: A | AD45: A | AE45: A | AF45: A | AG45: =COUNTIF(E45:AF45,"P") -> 0 | AH45: =COUNTIF(E45:AF45,"A") -> 21
A46: 42 | B46: 390 | C46: Sadaf | D46: 7th | E46: P | G46: P | H46: P | J46: P | K46: P | L46: P | N46: P | O46: P | P46: P | Q46: P | S46: P | U46: P | V46: P | X46: P | Y46: P | Z46: P | AB46: P | AC46: P | AD46: P | AE46: P | AF46: P | AG46: =COUNTIF(E46:AF46,"P") -> 21 | AH46: =COUNTIF(E46:AF46,"A") -> 0
A47: 43 | B47: 357 | C47: Sania | D47: 7th | E47: P | G47: A | H47: P | J47: A | K47: A | L47: P | N47: P | O47: P | P47: P | Q47: P | S47: A | U47: P | V47: P | X47: P | Y47: A | Z47: P | AB47: P | AC47: A | AD47: P | AE47: P | AF47: P | AG47: =COUNTIF(E47:AF47,"P") -> 15 | AH47: =COUNTIF(E47:AF47,"A") -> 6
A48: 44 | B48: 623 | C48: Seema | D48: 7th | E48: A | G48: P | H48: P | J48: P | K48: P | L48: P | N48: P | O48: P | P48: P | Q48: P | S48: P | U48: P | V48: P | X48: P | Y48: P | Z48: P | AB48: P | AC48: P | AD48: P | AE48: P | AF48: P | AG48: =COUNTIF(E48:AF48,"P") -> 20 | AH48: =COUNTIF(E48:AF48,"A") -> 1
A49: 45 | C49: Tamana | D49: 7th | E49: P | G49: P | H49: P | J49: A | K49: P | L49: P | N49: P | O49: A | P49: P | Q49: P | S49: P | U49: P | V49: P | X49: P | Y49: P | Z49: P | AB49: P | AC49: P | AD49: P | AE49: P | AF49: P | AG49: =COUNTIF(E49:AF49,"P") -> 19 | AH49: =COUNTIF(E49:AF49,"A") -> 2

Sheet Class-VIII
A1: Goverment high school (SJCHS)
A2: Monthly Attendence Month of February-2025
A3: S.No | B3: GR | C3: Student Name | D3: Father Name | E3: Class | F3: =TEXT(F4,"ddd") -> Sat | G3: =TEXT(G4,"ddd") -> Sun | H3: =TEXT(H4,"ddd") -> Mon | I3: =TEXT(I4,"ddd") -> Tue | J3: =TEXT(J4,"ddd") -> Wed | K3: =TEXT(K4,"ddd") -> Thu | L3: =TEXT(L4,"ddd") -> Fri | M3: =TEXT(M4,"ddd") -> Sat | ... AG3: =TEXT(AG4,"ddd") -> Fri | AH3: Present | AI3: Absent | AJ3: Year 2024
F4: 45689 | G4: 45690 | H4: 45691 | I4: 45692 | J4: 45693 | K4: 45694 | L4: 45695 | M4: 45696 | N4: 45697 | O4: 45698 | P4: 45699 | Q4: 45700 | R4: 45701 | S4: 45702 | T4: 45703 | U4: 45704 | V4: 45705 | W4: 45706 | X4: 45707 | Y4: 45708 | Z4: 45709 | AA4: 45710 | AB4: 45711 | AC4: 45712 | AD4: 45713 | AE4: 45714 | AF4: 45715 | AG4: 45716 | AJ4: Total days | AK4: =SUM(AK5:AK8) -> 30
A5: 1 | B5: 737 | C5: Azra | D5: Muhammad Usman | E5: 8th | F5: P | G5: SUNDAY - SUNDAY - SUNDAY - SUNDAY | H5: P | I5: P | J5: Kashmir Day - Kashmir Day - Kashmir Day | K5: P | L5: P | M5: P | N5: SUNDAY - SUNDAY - SUNDAY - SUNDAY | O5: P | P5: P | Q5: P | R5: P | S5: SHAB - E BARAAT - SHAB-E-BARAAT | T5: P | U5: SUNDAY - SUNDAY - SUNDAY - SUNDAY | V5: P | W5: P | X5: URS LAL SHAHBAZ QALANDAR | Y5: P | Z5: P | AA5: P | AB5: SUNDAY - SUNDAY - SUNDAY - SUNDAY | AC5: P | AD5: P | AE5: P | AF5: P | AG5: P | AH5: =COUNTIF(F5:AG5,"P") -> 21 | AI5: =COUNTIF(F5:AG5,"A") -> 0 | AJ5: Working days | AK5: 25
A6: 2 | B6: 734 | C6: Bisma | D6: Nisar Ahmed | E6: 8th | F6: P | H6: P | I6: P | K6: P | L6: P | M6: A | O6: P | P6: A | Q6: P | R6: P | T6: P | V6: A | W6: P | Y6: P | Z6: A | AA6: A | AC6: P | AD6: P | AE6: P | AF6: P | AG6: P | AH6: =COUNTIF(F6:AG6,"P") -> 16 | AI6: =COUNTIF(F6:AG6,"A") -> 5 | AJ6: Sunday | AK6: 4
A7: 3 | B7: 787 | C7: Amna | D7: Imran Ali | E7: 8th | F7: P | H7: P | I7: P | K7: P | L7: P | M7: P | O7: P | P7: P | Q7: P | R7: P | T7: P | V7: P | W7: P | Y7: P | Z7: P | AA7: P | AC7: P | AD7: P | AE7: P | AF7: P | AG7: P | AH7: =COUNTIF(F7:AG7,"P") -> 21 | AI7: =COUNTIF(F7:AG7,"A") -> 0 | AJ7: Iqbal Day | AK7: 1
A8: 4 | B8: 742 | C8: Hina | D8: Muhammad Ibrahim | E8: 8th | F8: A | H8: P | I8: P | K8: P | L8: P | M8: P | O8: P | P8: P | Q8: P | R8: P | T8: P | V8: P | W8: P | Y8: P | Z8: P | AA8: P | AC8: P | AD8: P | AE8: P | AF8: P | AG8: P | AH8: =COUNTIF(F8:AG8,"P") -> 20 | AI8: =COUNTIF(F8:AG8,"A") -> 1
A9: 5 | B9: 740 | C9: Iqra | D9: Faiz Muhammad | E9: 8th | F9: P | H9: P | I9: P | K9: A | L9: P | M9: P | O9: P | P9: P | Q9: P | R9: P | T9: P | V9: P | W9: P | Y9: P | Z9: P | AA9: P | AC9: P | AD9: P | AE9: P | AF9: L | AG9: P | AH9: =COUNTIF(F9:AG9,"P") -> 19 | AI9: =COUNTIF(F9:AG9,"A") -> 1
A10: 6 | B10: 738 | C10: Iqra | D10: Muhammad Usman | E10: 8th | F10: P | H10: P | I10: A | K10: A | L10: P | M10: P | O10: P | P10: P | Q10: P | R10: P | T10: P | V10: P | W10: A | Y10: A | Z10: P | AA10: P | AC10: P | AD10: P | AE10: P | AF10: A | AG10: P | AH10: =COUNTIF(F10:AG10,"P") -> 16 | AI10: =COUNTIF(F10:AG10,"A") -> 5
A11: 7 | B11: 739 | C11: Kanwal Naz | D11: Zahid Hussain | E11: 8th | F11: P | H11: P | I11: P | K11: P | L11: P | M11: P | O11: P | P11: L | Q11: P | R11: P | T11: P | V11: P | W11: P | Y11: P | Z11: P | AA11: P | AC11: P | AD11: P | AE11: P | AF11: P | AG11: P | AH11: =COUNTIF(F11:AG11,"P") -> 20 | AI11: =COUNTIF(F11:AG11,"A") -> 0 | AJ11: Present Days Detail
A12: 8 | B12: 743 | C12: Maria | D12: M. Rehman Abbasi | E12: 8th | F12: P | H12: P | I12: P | K12: P | L12: P | M12: P | O12: P | P12: P | Q12: P | R12: P | T12: P | V12: P | W12: P | Y12: P | Z12: P | AA12: P | AC12: P | AD12: P | AE12: P | AF12: P | AG12: P | AH12: =COUNTIF(F12:AG12,"P") -> 21 | AI12: =COUNTIF(F12:AG12,"A") -> 0 | AJ12: Detail | AK12: Boys | AL12: Girls | AM12: Total
A13: 9 | B13: 729 | C13: Murk | D13: Rana Bhutto | E13: 8th | F13: P | H13: P | I13: P | K13: P | L13: P | M13: P | O13: P | P13: P | Q13: P | R13: A | T13: A | V13: A | W13: A | Y13: A | Z13: A | AA13: A | AC13: A | AD13: A | AE13: A | AF13: A | AG13: A | AH13: =COUNTIF(F13:AG13,"P") -> 9 | AI13: =COUNTIF(F13:AG13,"A") -> 12 | AJ13: Due Present days | AK13: =19*$AK$5 -> 475 | AL13: =23*$AK$5 -> 575 | AM13: =SUM(AK13:AL13) -> 1050
A14: 10 | B14: 735 | C14: Noshina | D14: M. Qasim | E14: 8th | F14: P | H14: P | I14: P | K14: P | L14: A | M14: A | O14: A | P14: P | Q14: A | R14: P | T14: A | V14: A | W14: A | Y14: A | Z14: A | AA14: A | AC14: A | AD14: A | AE14: A | AF14: A | AG14: A | AH14: =COUNTIF(F14:AG14,"P") -> 6 | AI14: =COUNTIF(F14:AG14,"A") -> 15 | AJ14: Actual present days | AK14: =SUM(AH27:AH45) -> 288 | AL14: =SUM(AH5:AH26) -> 387 | AM14: =AK14+AL14 -> 675
A15: 11 | B15: 736 | C15: Shadab Aziz | D15: Abdul Aziz | E15: 8th | F15: P | H15: P | I15: P | K15: P | L15: P | M15: P | O15: P | P15: P | Q15: P | R15: P | T15: P | V15: P | W15: P | Y15: P | Z15: P | AA15: P | AC15: P | AD15: P | AE15: P | AF15: P | AG15: P | AH15: =COUNTIF(F15:AG15,"P") -> 21 | AI15: =COUNTIF(F15:AG15,"A") -> 0 | AJ15: % | AK15: =AK14/AK13 -> 0.60631579 | AL15: =AL14/AL13 -> 0.67304348 | AM15: =AM14/AM13 -> 0.64285714
A16: 12 | B16: 759 | C16: Shaista | D16: Abdul Wahid | E16: 8th | F16: P | H16: P | I16: P | K16: P | L16: P | M16: P | O16: P | P16: P | Q16: P | R16: A | T16: P | V16: P | W16: P | Y16: P | Z16: P | AA16: P | AC16: P | AD16: P | AE16: P | AF16: P | AG16: P | AH16: =COUNTIF(F16:AG16,"P") -> 20 | AI16: =COUNTIF(F16:AG16,"A") -> 1
A17: 13 | B17: 746 | C17: Shaista Rani | D17: M. Moosa | E17: 8th | F17: P | H17: P | I17: P | K17: P | L17: P | M17: P | O17: P | P17: P | Q17: P | R17: P | T17: P | V17: P | W17: P | Y17: P | Z17: P | AA17: P | AC17: P | AD17: P | AE17: P | AF17: P | AG17: P | AH17: =COUNTIF(F17:AG17,"P") -> 21 | AI17: =COUNTIF(F17:AG17,"A") -> 0
A18: 14 | B18: 745 | C18: Tasleem Rani | D18: M. Moosa | E18: 8th | F18: P | H18: P | I18: P | K18: P | L18: P | M18: P | O18: P | P18: P | Q18: P | R18: P | T18: A | V18: A | W18: P | Y18: P | Z18: P | AA18: P | AC18: P | AD18: P | AE18: P | AF18: P | AG18: P | AH18: =COUNTIF(F18:AG18,"P") -> 19 | AI18: =COUNTIF(F18:AG18,"A") -> 2
A19: 15 | B19: 731 | C19: Zarmina | D19: Gulbahar | E19: 8th | F19: P | H19: P | I19: P | K19: P | L19: P | M19: A | O19: A | P19: P | Q19: P | R19: P | T19: P | V19: P | W19: P | Y19: P | Z19: P | AA19: P | AC19: P | AD19: P | AE19: P | AF19: P | AG19: P | AH19: =COUNTIF(F19:AG19,"P") -> 19 | AI19: =COUNTIF(F19:AG19,"A") -> 2 | AJ19: Absent Days Details
A20: 16 | B20: 738 | C20: Iqra | D20: Younus | E20: 8th | F20: P | H20: P | I20: P | K20: P | L20: P | M20: P | O20: P | P20: P | Q20: P | R20: P | T20: P | V20: P | W20: P | Y20: P | Z20: P | AA20: P | AC20: P | AD20: P | AE20: P | AF20: P | AG20: P | AH20: =COUNTIF(F20:AG20,"P") -> 21 | AI20: =COUNTIF(F20:AG20,"A") -> 0 | AJ20: Detail | AK20: Boys | AL20: Girls | AM20: Total
A21: 17 | B21: 856 | C21: Naghma Naz | D21: Zahid Hussain | E21: 8th | F21: P | H21: P | I21: P | K21: P | L21: P | M21: P | O21: P | P21: P | Q21: A | R21: A | T21: A | V21: A | W21: A | Y21: A | Z21: A | AA21: P | AC21: P | AD21: P | AE21: P | AF21: P | AG21: P | AH21: =COUNTIF(F21:AG21,"P") -> 14 | AI21: =COUNTIF(F21:AG21,"A") -> 7 | AJ21: Due Present days | AK21: =19*$AK$5 -> 475 | AL21: =23*$AK$5 -> 575 | AM21: =AK21+AL21 -> 1050
A22: 18 | B22: 906 | C22: Dua | D22: Bahar Ali | E22: 8th | F22: P | H22: P | I22: A | K22: P | L22: P | M22: P | O22: P | P22: P | Q22: P | R22: P | T22: P | V22: P | W22: P | Y22: P | Z22: P | AA22: P | AC22: P | AD22: P | AE22: P | AF22: P | AG22: P | AH22: =COUNTIF(F22:AG22,"P") -> 20 | AI22: =COUNTIF(F22:AG22,"A") -> 1 | AJ22: Absent days | AK22: =AK21-AK14 -> 187 | AL22: =AL21-AL14 -> 188 | AM22: =AK22+AL22 -> 375
A23: 19 | B23: 866 | C23: Muskan | D23: Dildar Hussain | E23: 8th | F23: P | H23: P | I23: P | K23: P | L23: P | M23: P | O23: P | P23: A | Q23: P | R23: P | T23: P | V23: A | W23: A | Y23: A | Z23: A | AA23: A | AC23: A | AD23: A | AE23: P | AF23: P | AG23: P | AH23: =COUNTIF(F23:AG23,"P") -> 13 | AI23: =COUNTIF(F23:AG23,"A") -> 8
A24: 20 | B24: 846 | C24: Saira | D24: M. Salah | E24: 8th | F24: P | H24: P | I24: P | K24: P | L24: P | M24: P | O24: P | P24: P | Q24: P | R24: P | T24: A | V24: A | W24: A | Y24: P | Z24: P | AA24: P | AC24: P | AD24: P | AE24: P | AF24: P | AG24: P | AH24: =COUNTIF(F24:AG24,"P") -> 18 | AI24: =COUNTIF(F24:AG24,"A") -> 3
A25: 21 | B25: 857 | C25: Muskan | D25: Imran | E25: 8th | F25: P | H25: P | I25: P | K25: P | L25: P | M25: A | O25: P | P25: P | Q25: P | R25: P | T25: P | V25: P | W25: P | Y25: P | Z25: P | AA25: P | AC25: P | AD25: P | AE25: P | AF25: P | AG25: P | AH25: =COUNTIF(F25:AG25,"P") -> 20 | AI25: =COUNTIF(F25:AG25,"A") -> 1
A26: 22 | B26: 738 | C26: Iqra | D26: Awais | E26: 8th | F26: P | H26: P | I26: P | K26: P | L26: P | M26: A | O26: A | P26: A | Q26: A | R26: A | T26: A | V26: P | W26: P | Y26: P | Z26: P | AA26: P | AC26: P | AD26: P | AE26: A | AF26: A | AG26: A | AH26: =COUNTIF(F26:AG26,"P") -> 12 | AI26: =COUNTIF(F26:AG26,"A") -> 9
A27: 23 | B27: 730 | C27: Abdul Salam | D27: Abdul Rehman | E27: 8th | F27: P | H27: P | I27: P | K27: P | L27: P | M27: P | O27: P | P27: A | Q27: A | R27: A | T27: A | V27: A | W27: A | Y27: A | Z27: A | AA27: A | AC27: A | AD27: A | AE27: P | AF27: P | AG27: P | AH27: =COUNTIF(F27:AG27,"P") -> 10 | AI27: =COUNTIF(F27:AG27,"A") -> 11
A28: 24 | B28: 732 | C28: Ameer Ali | D28: Gulbahar Ali | E28: 8th | F28: A | H28: P | I28: P | K28: P | L28: P | M28: A | O28: P | P28: P | Q28: P | R28: P | T28: A | V28: P | W28: P | Y28: P | Z28: P | AA28: P | AC28: P | AD28: P | AE28: P | AF28: P | AG28: P | AH28: =COUNTIF(F28:AG28,"P") -> 18 | AI28: =COUNTIF(F28:AG28,"A") -> 3
A29: 25 | B29: 728 | C29: Faizan Ali | D29: Sohail Ahmed | E29: 8th | F29: P | H29: P | I29: P | K29: P | L29: P | M29: P | O29: P | P29: P | Q29: P | R29: P | T29: P | V29: P | W29: P | Y29: P | Z29: P | AA29: P | AC29: P | AD29: P | AE29: P | AF29: P | AG29: P | AH29: =COUNTIF(F29:AG29,"P") -> 21 | AI29: =COUNTIF(F29:AG29,"A") -> 0
A30: 26 | B30: 760 | C30: Ghaibi Khan | D30: Abdul Sattar | E30: 8th | F30: P | H30: P | I30: P | K30: P | L30: P | M30: P | O30: P | P30: P | Q30: P | R30: P | T30: P | V30: P | W30: A | Y30: P | Z30: P | AA30: P | AC30: P | AD30: P | AE30: P | AF30: P | AG30: P | AH30: =COUNTIF(F30:AG30,"P") -> 20 | AI30: =COUNTIF(F30:AG30,"A") -> 1
A31: 27 | B31: 741 | C31: Hasnain | D31: Lutufullah | E31: 8th | F31: P | H31: P | I31: P | K31: P | L31: P | M31: P | O31: P | P31: P | Q31: P | R31: P | T31: P | V31: P | W31: P | Y31: P | Z31: P | AA31: P | AC31: P | AD31: P | AE31: P | AF31: P | AG31: P | AH31: =COUNTIF(F31:AG31,"P") -> 21 | AI31: =COUNTIF(F31:AG31,"A") -> 0
A32: 28 | B32: 733 | C32: Kabeer Ahmed | D32: Shah M. | E32: 8th | F32: A | H32: A | I32: A | K32: P | L32: A | M32: A | O32: A | P32: A | Q32: A | R32: A | T32: A | V32: A | W32: A | Y32: A | Z32: A | AA32: A | AC32: A | AD32: A | AE32: A | AF32: A | AG32: A | AH32: =COUNTIF(F32:AG32,"P") -> 1 | AI32: =COUNTIF(F32:AG32,"A") -> 20
A33: 29 | B33: 744 | C33: M. Ahmed Khalid | D33: Khalid Hussain | E33: 8th | F33: P | H33: P | I33: P | K33: P | L33: P | M33: P | O33: P | P33: L | Q33: L | R33: L | T33: L | V33: P | W33: P | Y33: P | Z33: P | AA33: P | AC33: P | AD33: P | AE33: P | AF33: P | AG33: P | AH33: =COUNTIF(F33:AG33,"P") -> 17 | AI33: =COUNTIF(F33:AG33,"A") -> 0
A34: 30 | B34: 850 | C34: M. Rafi | D34: Abdul Jabbar | E34: 8th | F34: P | H34: P | I34: P | K34: P | L34: P | M34: P | O34: P | P34: P | Q34: P | R34: P | T34: P | V34: P | W34: P | Y34: A | Z34: P | AA34: P | AC34: P | AD34: P | AE34: P | AF34: P | AG34: P | AH34: =COUNTIF(F34:AG34,"P") -> 20 | AI34: =COUNTIF(F34:AG34,"A") -> 1
... A45: 41 | B45: 886 | C45: Salar | D45: Ghulam Aslam | E45: 8th | F45: P | H45: P | I45: P | K45: P | L45: P | M45: P | O45: P | P45: P | Q45: P | R45: P | T45: P | V45: P | W45: P | Y45: P | Z45: P | AA45: P | AC45: P | AD45: P | AE45: P | AF45: P | AG45: P | AH45: =COUNTIF(F45:AG45,"P") -> 21 | AI45: =COUNTIF(F45:AG45,"A") -> 0

Sheet Class-IX
A1: Goverment high school (SJCHS)
A2: Monthly Attendence Month of February-2025
A3: S.No | B3: GR | C3: Student Name | D3: Father Name | E3: Class | F3: =TEXT(F4,"ddd") -> Sat | G3: =TEXT(G4,"ddd") -> Sun | H3: =TEXT(H4,"ddd") -> Mon | I3: =TEXT(I4,"ddd") -> Tue | J3: =TEXT(J4,"ddd") -> Wed | K3: =TEXT(K4,"ddd") -> Thu | L3: =TEXT(L4,"ddd") -> Fri | M3: =TEXT(M4,"ddd") -> Sat | ... AG3: =TEXT(AG4,"ddd") -> Fri | AH3: Present | AI3: Absent | AJ3: Year 2024
F4: 45689 | G4: 45690 | H4: 45691 | I4: 45692 | J4: 45693 | K4: 45694 | L4: 45695 | M4: 45696 | N4: 45697 | O4: 45698 | P4: 45699 | Q4: 45700 | R4: 45701 | S4: 45702 | T4: 45703 | U4: 45704 | V4: 45705 | W4: 45706 | X4: 45707 | Y4: 45708 | Z4: 45709 | AA4: 45710 | AB4: 45711 | AC4: 45712 | AD4: 45713 | AE4: 45714 | AF4: 45715 | AG4: 45716 | AJ4: Total days | AK4: =SUM(AK5:AK8) -> 30
A5: 1 | B5: 651 | C5: Asim | D5: M. Haneef | E5: 9TH | F5: P | G5: SUNDAY - SUNDAY - SUNDAY - SUNDAY | H5: P | I5: P | J5: Kashmir Day - Kashmir Day - Kashmir Day | K5: P | L5: P | M5: A | N5: SUNDAY - SUNDAY - SUNDAY - SUNDAY | O5: P | P5: P | Q5: P | R5: P | S5: SHAB - E BARAAT - SHAB-E-BARAAT | T5: A | U5: SUNDAY - SUNDAY - SUNDAY - SUNDAY | V5: P | W5: A | X5: URS LAL SHAHBAZ QALANDAR | Y5: P | Z5: P | AA5: P | AB5: SUNDAY - SUNDAY - SUNDAY - SUNDAY | AC5: P | AD5: P | AE5: P | AF5: P | AG5: P | AH5: =COUNTIF(F5:AG5,"P") -> 18 | AI5: =COUNTIF(F5:AG5,"A") -> 3 | AJ5: Working days | AK5: 25
A6: 2 | B6: 652 | C6: Haseeb ullah | D6: Hafeezullah Abro | E6: 9TH | F6: A | H6: A | I6: A | K6: A | L6: A | M6: A | O6: P | P6: P | Q6: L | R6: P | T6: P | V6: P | W6: A | Y6: P | Z6: P | AA6: P | AC6: P | AD6: P | AE6: P | AF6: P | AG6: P | AH6: =COUNTIF(F6:AG6,"P") -> 13 | AI6: =COUNTIF(F6:AG6,"A") -> 7 | AJ6: Sunday | AK6: 4
A7: 3 | B7: 653 | C7: Moez | D7: Munawar Ali Bhatti | E7: 9TH | F7: P | H7: P | I7: P | K7: P | L7: P | M7: A | O7: P | P7: P | Q7: P | R7: A | T7: P | V7: P | W7: P | Y7: P | Z7: P | AA7: A | AC7: P | AD7: P | AE7: P | AF7: P | AG7: P | AH7: =COUNTIF(F7:AG7,"P") -> 18 | AI7: =COUNTIF(F7:AG7,"A") -> 3 | AJ7: Iqbal Day | AK7: 1
A8: 4 | B8: 654 | C8: Mudassir | D8: Gulzar Ahmed | E8: 9TH | F8: P | H8: P | I8: P | K8: P | L8: P | M8: P | O8: P | P8: P | Q8: P | R8: P | T8: P | V8: P | W8: P | Y8: P | Z8: P | AA8: P | AC8: P | AD8: P | AE8: P | AF8: P | AG8: P | AH8: =COUNTIF(F8:AG8,"P") -> 21 | AI8: =COUNTIF(F8:AG8,"A") -> 0
A9: 5 | B9: 655 | C9: Taha | D9: Nisar Ahmed | E9: 9TH | F9: P | H9: P | I9: P | K9: P | L9: P | M9: A | O9: A | P9: P | Q9: P | R9: P | T9: A | V9: P | W9: P | Y9: P | Z9: P | AA9: P | AC9: P | AD9: P | AE9: P | AF9: P | AG9: A | AH9: =COUNTIF(F9:AG9,"P") -> 17 | AI9: =COUNTIF(F9:AG9,"A") -> 4
A10: 6 | B10: 656 | C10: Nawab Khan | D10: M. Khan | E10: 9TH | F10: P | H10: P | I10: P | K10: P | L10: P | M10: A | O10: P | P10: P | Q10: P | R10: P | T10: P | V10: P | W10: P | Y10: P | Z10: P | AA10: P | AC10: P | AD10: P | AE10: P | AF10: A | AG10: P | AH10: =COUNTIF(F10:AG10,"P") -> 19 | AI10: =COUNTIF(F10:AG10,"A") -> 2
A11: 7 | B11: 657 | C11: Meesum Abbas | D11: Waheed ali | E11: 9TH | F11: P | H11: P | I11: P | K11: P | L11: A | M11: A | O11: P | P11: P | Q11: P | R11: P | T11: A | V11: P | W11: P | Y11: P | Z11: P | AA11: A | AC11: P | AD11: P | AE11: P | AF11: A | AG11: A | AH11: =COUNTIF(F11:AG11,"P") -> 15 | AI11: =COUNTIF(F11:AG11,"A") -> 6 | AJ11: Present Days Detail
A12: 8 | B12: 658 | C12: Manzar Hussain | D12: Ghulam Murtaza | E12: 9TH | F12: P | H12: P | I12: P | K12: P | L12: P | M12: P | O12: P | P12: A | Q12: P | R12: P | T12: P | V12: P | W12: P | Y12: P | Z12: P | AA12: P | AC12: P | AD12: P | AE12: P | AF12: P | AG12: A | AH12: =COUNTIF(F12:AG12,"P") -> 19 | AI12: =COUNTIF(F12:AG12,"A") -> 2 | AJ12: Detail | AK12: Boys | AL12: Girls | AM12: Total
A13: 9 | B13: 659 | C13: Noorullah | D13: Abdul Jabbar | E13: 9TH | F13: P | H13: P | I13: P | K13: P | L13: P | M13: P | O13: P | P13: P | Q13: P | R13: P | T13: P | V13: P | W13: P | Y13: P | Z13: P | AA13: P | AC13: P | AD13: P | AE13: P | AF13: P | AG13: P | AH13: =COUNTIF(F13:AG13,"P") -> 21 | AI13: =COUNTIF(F13:AG13,"A") -> 0 | AJ13: Due Present days | AK13: =16*$AK$5 -> 400 | AL13: =19*$AK$5 -> 475 | AM13: =SUM(AK13:AL13) -> 875
A14: 10 | B14: 660 | C14: Saif ur Rehman | D14: Imran Ahmed | E14: 9TH | F14: P | H14: P | I14: P | K14: L | L14: P | M14: P | O14: P | P14: P | Q14: P | R14: P | T14: P | V14: P | W14: P | Y14: P | Z14: P | AA14: P | AC14: P | AD14: P | AE14: P | AF14: P | AG14: P | AH14: =COUNTIF(F14:AG14,"P") -> 20 | AI14: =COUNTIF(F14:AG14,"A") -> 0 | AJ14: Actual present days | AK14: =SUM(AH5:AH20) -> 271 | AL14: =SUM(AH21:AH39) -> 288 | AM14: =AK14+AL14 -> 559
A15: 11 | B15: 661 | C15: Shafique | D15: Rafique Ahmed | E15: 9TH | F15: A | H15: P | I15: P | K15: P | L15: P | M15: A | O15: P | P15: P | Q15: P | R15: P | T15: P | V15: P | W15: P | Y15: P | Z15: P | AA15: P | AC15: P | AD15: P | AE15: P | AF15: P | AG15: A | AH15: =COUNTIF(F15:AG15,"P") -> 18 | AI15: =COUNTIF(F15:AG15,"A") -> 3 | AJ15: % | AK15: =AK14/AK13 -> 0.6775 | AL15: =AL14/AL13 -> 0.60631579 | AM15: =AM14/AM13 -> 0.63885714
A16: 12 | B16: 662 | C16: M.Murtaqeem | D16: Shams | E16: 9TH | F16: P | H16: P | I16: P | K16: P | L16: P | M16: P | O16: P | P16: P | Q16: P | R16: A | T16: P | V16: A | W16: P | Y16: P | Z16: P | AA16: P | AC16: P | AD16: P | AE16: P | AF16: P | AG16: P | AH16: =COUNTIF(F16:AG16,"P") -> 19 | AI16: =COUNTIF(F16:AG16,"A") -> 2
A17: 13 | B17: 663 | C17: Shaban | D17: Allah Dino | E17: 9TH | F17: P | H17: P | I17: P | K17: P | L17: P | M17: P | O17: P | P17: A | Q17: P | R17: P | T17: A | V17: P | W17: P | Y17: P | Z17: P | AA17: P | AC17: P | AD17: P | AE17: P | AF17: P | AG17: P | AH17: =COUNTIF(F17:AG17,"P") -> 19 | AI17: =COUNTIF(F17:AG17,"A") -> 2
A18: 14 | B18: 664 | C18: M. Sufian | D18: Imran | E18: 9TH | F18: P | H18: P | I18: P | K18: P | L18: P | M18: P | O18: P | P18: P | Q18: P | R18: P | T18: P | V18: P | W18: P | Y18: P | Z18: P | AA18: P | AC18: P | AD18: P | AE18: P | AF18: A | AG18: P | AH18: =COUNTIF(F18:AG18,"P") -> 20 | AI18: =COUNTIF(F18:AG18,"A") -> 1
A19: 15 | B19: 665 | C19: M. Shayan | D19: Jawad Ahmed | E19: 9TH | F19: A | H19: A | I19: A | K19: A | L19: A | M19: A | O19: A | P19: A | Q19: A | R19: A | T19: A | V19: A | W19: A | Y19: A | Z19: A | AA19: A | AC19: A | AD19: A | AE19: A | AF19: A | AG19: A | AH19: =COUNTIF(F19:AG19,"P") -> 0 | AI19: =COUNTIF(F19:AG19,"A") -> 21 | AJ19: Absent Days Details
A20: 16 | B20: 666 | C20: Ahsan Ali | E20: 9TH | F20: A | H20: P | I20: P | K20: P | L20: A | M20: P | O20: P | P20: P | Q20: P | R20: P | T20: A | V20: A | W20: A | Y20: P | Z20: A | AA20: A | AC20: P | AD20: P | AE20: P | AF20: P | AG20: P | AH20: =COUNTIF(F20:AG20,"P") -> 14 | AI20: =COUNTIF(F20:AG20,"A") -> 7 | AJ20: Detail | AK20: Boys | AL20: Girls | AM20: Total
A21: 17 | B21: 523 | C21: Haleema | D21: Qalandar Bakhsh | E21: 9TH | F21: L | H21: L | I21: L | K21: L | L21: L | M21: L | O21: A | P21: P | Q21: P | R21: P | T21: A | V21: P | W21: P | Y21: A | Z21: P | AA21: A | AC21: P | AD21: P | AE21: A | AF21: A | AG21: A | AH21: =COUNTIF(F21:AG21,"P") -> 8 | AI21: =COUNTIF(F21:AG21,"A") -> 7 | AJ21: Due Present days | AK21: =16*$AK$5 -> 400 | AL21: =19*$AK$5 -> 475 | AM21: =AK21+AL21 -> 875
A22: 18 | B22: 524 | C22: Maheen Zulfiqar | D22: Zulfiqar Ali | E22: 9TH | F22: L | H22: L | I22: P | K22: A | L22: P | M22: P | O22: P | P22: P | Q22: P | R22: P | T22: A | V22: P | W22: P | Y22: A | Z22: P | AA22: A | AC22: A | AD22: A | AE22: A | AF22: A | AG22: A | AH22: =COUNTIF(F22:AG22,"P") -> 10 | AI22: =COUNTIF(F22:AG22,"A") -> 9 | AJ22: Absent days | AK22: =AK21-AK14 -> 129 | AL22: =AL21-AL14 -> 187 | AM22: =AK22+AL22 -> 316
A23: 19 | B23: 525 | C23: Qandeel Zehra | D23: Waheed Ali | E23: 9TH | F23: L | H23: L | I23: L | K23: L | L23: L | M23: L | O23: L | P23: L | Q23: L | R23: L | T23: L | V23: L | W23: L | Y23: L | Z23: L | AA23: L | AC23: P | AD23: P | AE23: P | AF23: P | AG23: P | AH23: =COUNTIF(F23:AG23,"P") -> 5 | AI23: =COUNTIF(F23:AG23,"A") -> 0 | AJ23: % | AK23: =AK22/AK21 -> 0.3225 | AL23: =AL22/AL21 -> 0.39368421 | AM23: =AM22/AM21 -> 0.36114286
A24: 20 | B24: 526 | C24: Sanam | D24: Manzoor Ahmed Memon | E24: 9TH | F24: P | H24: P | I24: A | K24: P | L24: P | M24: P | O24: P | P24: A | Q24: P | R24: P | T24: P | V24: P | W24: P | Y24: A | Z24: P | AA24: P | AC24: P | AD24: P | AE24: P | AF24: P | AG24: P | AH24: =COUNTIF(F24:AG24,"P") -> 18 | AI24: =COUNTIF(F24:AG24,"A") -> 3
A25: 21 | B25: 527 | C25: Zainab | D25: Sultan Ahmed | E25: 9TH | F25: P | H25: P | I25: P | K25: P | L25: P | M25: A | O25: P | P25: P | Q25: P | R25: P | T25: P | V25: P | W25: P | Y25: P | Z25: A | AA25: P | AC25: P | AD25: P | AE25: P | AF25: P | AG25: P | AH25: =COUNTIF(F25:AG25,"P") -> 19 | AI25: =COUNTIF(F25:AG25,"A") -> 2
A26: 22 | B26: 528 | C26: Asia | D26: M. Khan | E26: 9TH | F26: P | H26: P | I26: P | K26: P | L26: P | M26: P | O26: P | P26: P | Q26: P | R26: P | T26: P | V26: P | W26: P | Y26: P | Z26: P | AA26: P | AC26: P | AD26: P | AE26: P | AF26: P | AG26: P | AH26: =COUNTIF(F26:AG26,"P") -> 21 | AI26: =COUNTIF(F26:AG26,"A") -> 0
A27: 23 | B27: 529 | C27: Tooba | D27: Yasir Ahmed | E27: 9TH | F27: P | H27: P | I27: P | K27: P | L27: P | M27: P | O27: P | P27: P | Q27: P | R27: P | T27: P | V27: P | W27: L | Y27: P | Z27: P | AA27: P | AC27: P | AD27: P | AE27: P | AF27: P | AG27: P | AH27: =COUNTIF(F27:AG27,"P") -> 20 | AI27: =COUNTIF(F27:AG27,"A") -> 0
A28: 24 | B28: 530 | C28: Afsheen | D28: Ubaidullah | E28: 9TH | F28: P | H28: P | I28: P | K28: P | L28: P | M28: P | O28: P | P28: P | Q28: P | R28: P | T28: P | V28: P | W28: P | Y28: P | Z28: P | AA28: P | AC28: P | AD28: P | AE28: P | AF28: P | AG28: P | AH28: =COUNTIF(F28:AG28,"P") -> 21 | AI28: =COUNTIF(F28:AG28,"A") -> 0
A29: 25 | B29: 531 | C29: Nosheen | D29: Ubaidullah | E29: 9TH | F29: P | H29: A | I29: A | K29: A | L29: A | M29: A | O29: P | P29: P | Q29: P | R29: P | T29: P | V29: P | W29: P | Y29: P | Z29: P | AA29: P | AC29: P | AD29: P | AE29: P | AF29: P | AG29: P | AH29: =COUNTIF(F29:AG29,"P") -> 16 | AI29: =COUNTIF(F29:AG29,"A") -> 5
A30: 26 | B30: 532 | C30: Khair Un Nisa | D30: Syed Qutab Ali Shah | E30: 9TH | F30: P | H30: P | I30: P | K30: P | L30: P | M30: P | O30: P | P30: P | Q30: P | R30: P | T30: P | V30: P | W30: P | Y30: P | Z30: P | AA30: P | AC30: P | AD30: P | AE30: P | AF30: P | AG30: P | AH30: =COUNTIF(F30:AG30,"P") -> 21 | AI30: =COUNTIF(F30:AG30,"A") -> 0
A31: 27 | B31: 533 | C31: Maryam | D31: Mukhtiyar | E31: 9TH | F31: A | H31: A | I31: A | K31: A | L31: A | M31: A | O31: A | P31: A | Q31: A | R31: A | T31: A | V31: A | W31: A | Y31: A | Z31: A | AA31: A | AC31: A | AD31: A | AE31: A | AF31: A | AG31: A | AH31: =COUNTIF(F31:AG31,"P") -> 0 | AI31: =COUNTIF(F31:AG31,"A") -> 21
A32: 28 | B32: 534 | C32: Salwa | D32: Imran Ahmed | E32: 9TH | F32: P | H32: P | I32: P | K32: P | L32: P | M32: P | O32: P | P32: P | Q32: P | R32: P | T32: A | V32: A | W32: P | Y32: P | Z32: P | AA32: P | AC32: P | AD32: P | AE32: P | AF32: P | AG32: P | AH32: =COUNTIF(F32:AG32,"P") -> 19 | AI32: =COUNTIF(F32:AG32,"A") -> 2
A33: 29 | B33: 535 | C33: Madina | D33: Yasir Arfat | E33: 9TH | F33: A | H33: A | I33: A | K33: A | L33: A | M33: A | O33: A | P33: A | Q33: A | R33: A | T33: A | V33: A | W33: A | Y33: A | Z33: A | AA33: A | AC33: A | AD33: A | AE33: A | AF33: A | AG33: A | AH33: =COUNTIF(F33:AG33,"P") -> 0 | AI33: =COUNTIF(F33:AG33,"A") -> 21
A34: 30 | B34: 536 | C34: Farasha | D34: Javed Ali | E34: 9TH | F34: P | H34: P | I34: P | K34: P | L34: P | M34: P | O34: P | P34: P | Q34: P | R34: L | T34: P | V34: P | W34: P | Y34: P | Z34: P | AA34: P | AC34: P | AD34: P | AE34: P | AF34: P | AG34: P | AH34: =COUNTIF(F34:AG34,"P") -> 20 | AI34: =COUNTIF(F34:AG34,"A") -> 0
A35: 31 | B35: 537 | C35: Tayyaba | D35: Hafeezullah | E35: 9TH | F35: P | H35: P | I35: P | K35: P | L35: P | M35: P | O35: L | P35: L | Q35: L | R35: P | T35: P | V35: P | W35: P | Y35: P | Z35: P | AA35: P | AC35: P | AD35: P | AE35: P | AF35: P | AG35: P | AH35: =COUNTIF(F35:AG35,"P") -> 18 | AI35: =COUNTIF(F35:AG35,"A") -> 0
A36: 32 | B36: 538 | C36: Ayesha | D36: Mebhoob abro | E36: 9TH | F36: P | H36: P | I36: P | K36: P | L36: L | M36: P | O36: P | P36: P | Q36: P | R36: A | T36: P | V36: P | W36: P | Y36: P | Z36: P | AA36: P | AC36: P | AD36: A | AE36: P | AF36: P | AG36: A | AH36: =COUNTIF(F36:AG36,"P") -> 17 | AI36: =COUNTIF(F36:AG36,"A") -> 3
A37: 33 | B37: 539 | C37: Kashaf Kanwal | E37: 9TH | F37: P | H37: P | I37: L | K37: P | L37: P | M37: P | O37: P | P37: P | Q37: P | R37: P | T37: P | V37: P | W37: P | Y37: P | Z37: P | AA37: P | AC37: P | AD37: P | AE37: P | AF37: P | AG37: P | AH37: =COUNTIF(F37:AG37,"P") -> 20 | AI37: =COUNTIF(F37:AG37,"A") -> 0
A38: 34 | B38: 540 | C38: Sidra | D38: Fida Hussain | E38: 9TH | F38: P | H38: P | I38: P | K38: P | L38: P | M38: P | O38: A | P38: A | Q38: A | R38: A | T38: P | V38: A | W38: P | Y38: P | Z38: P | AA38: P | AC38: P | AD38: P | AE38: A | AF38: P | AG38: A | AH38: =COUNTIF(F38:AG38,"P") -> 14 | AI38: =COUNTIF(F38:AG38,"A") -> 7
A39: 35 | B39: 541 | C39: Saima | D39: M. Suleman | E39: 9TH | F39: p | H39: P | I39: P | K39: P | L39: P | M39: P | O39: P | P39: P | Q39: P | R39: P | T39: P | V39: P | W39: P | Y39: P | Z39: P | AA39: P | AC39: P | AD39: P | AE39: P | AF39: P | AG39: P | AH39: =COUNTIF(F39:AG39,"P") -> 21 | AI39: =COUNTIF(F39:AG39,"A") -> 0
