Workbook

Sheet Attandance
A3: Employee Attendance Sheet | D3: =TEXT(D4,"ddd") -> Tue | E3: =TEXT(E4,"ddd") -> Wed | F3: =TEXT(F4,"ddd") -> Thu | G3: =TEXT(G4,"ddd") -> Fri | H3: =TEXT(H4,"ddd") -> Sat | I3: =TEXT(I4,"ddd") -> Sun | J3: =TEXT(J4,"ddd") -> Mon | K3: =TEXT(K4,"ddd") -> Tue | ... AH3: =TEXT(AH4,"ddd") -> Thu | AI3: Result
A4: S No | B4: Name of Employee | C4: Designation | D4: 45566 | E4: 45567 | F4: 45568 | G4: 45569 | H4: 45570 | I4: 45571 | J4: 45572 | K4: 45573 | L4: 45574 | M4: 45575 | N4: 45576 | O4: 45577 | P4: 45578 | Q4: 45579 | R4: 45580 | S4: 45581 | T4: 45582 | U4: 45583 | V4: 45584 | W4: 45585 | X4: 45586 | Y4: 45587 | Z4: 45588 | AA4: 45589 | AB4: 45590 | AC4: 45591 | AD4: 45592 | AE4: 45593 | AF4: 45594 | AG4: 45595 | AH4: 45596 | AI4: P | AJ4: A | AK4: L | AL4: SUN | AM4: P.DAYS
A5: =IF(B5="","",1) -> 1 | B5: Miss Saika | C5: Teacher | D5: P | E5: P | F5: P | G5: P | H5: P | J5: P | K5: P | L5: P | M5: P | N5: P | O5: P | Q5: P | R5: P | S5: P | T5: P | U5: P | V5: P | X5: P | Y5: P | Z5: P | AA5: P | AB5: P | AC5: P | AE5: P | AF5: P | AG5: P | AH5: P | AI5: =COUNTIF(D5:AH5,"P") -> 27 | AJ5: =COUNTIF(D5:AH5,"A") -> 0 | AK5: =COUNTIF(D5:AH5,"L") -> 0 | AL5: =COUNTBLANK(D5:AH5) -> 4 | AM5: =AI5+AK5+AL5 -> 31
A6: =IF(B6="","",A5+1) -> 2 | B6: Miss Shahzana | C6: Teacher | D6: P | E6: P | F6: P | G6: P | H6: P | J6: P | K6: P | L6: P | M6: P | N6: P | O6: P | Q6: P | R6: P | S6: P | T6: P | U6: P | V6: P | X6: P | Y6: P | Z6: P | AA6: P | AB6: P | AC6: P | AE6: P | AF6: P | AG6: P | AH6: P | AI6: =COUNTIF(D6:AH6,"P") -> 27 | AJ6: =COUNTIF(D6:AH6,"A") -> 0 | AK6: =COUNTIF(D6:AH6,"L") -> 0 | AL6: =COUNTBLANK(D6:AH6) -> 4 | AM6: =AI6+AK6+AL6 -> 31
A7: =IF(B7="","",A6+1) -> 3 | B7: Miss Tooba | C7: Teacher | D7: P | E7: P | F7: P | G7: P | H7: P | J7: P | K7: P | L7: P | M7: P | N7: P | O7: P | Q7: P | R7: P | S7: P | T7: P | U7: P | V7: P | X7: P | Y7: P | Z7: P | AA7: L | AB7: A | AC7: A | AD7: A | AE7: A | AF7: A | AG7: A | AH7: A | AI7: =COUNTIF(D7:AH7,"P") -> 20 | AJ7: =COUNTIF(D7:AH7,"A") -> 7 | AK7: =COUNTIF(D7:AH7,"L") -> 1 | AL7: =COUNTBLANK(D7:AH7) -> 3 | AM7: =AI7+AK7+AL7 -> 24
A8: =IF(B8="","",A7+1) -> 4 | B8: Miss Parwish Fatima | C8: Teacher | D8: P | E8: P | F8: P | G8: P | H8: P | J8: P | K8: P | L8: P | M8: P | N8: P | O8: P | Q8: L | R8: A | S8: P | T8: P | U8: P | V8: P | X8: P | Y8: P | Z8: A | AA8: P | AB8: P | AC8: P | AE8: P | AF8: P | AG8: P | AH8: P | AI8: =COUNTIF(D8:AH8,"P") -> 24 | AJ8: =COUNTIF(D8:AH8,"A") -> 2 | AK8: =COUNTIF(D8:AH8,"L") -> 1 | AL8: =COUNTBLANK(D8:AH8) -> 4 | AM8: =AI8+AK8+AL8 -> 29
A9: =IF(B9="","",A8+1) -> 5 | B9: Miss Shahdab Kanwal | C9: Teacher | D9: P | E9: P | F9: P | G9: P | H9: P | J9: P | K9: P | L9: L | M9: P | N9: P | O9: P | Q9: P | R9: P | S9: P | T9: A | U9: P | V9: P | X9: P | Y9: P | Z9: P | AA9: P | AB9: P | AC9: A | AD9: A | AE9: A | AF9: A | AG9: P | AH9: P | AI9: =COUNTIF(D9:AH9,"P") -> 22 | AJ9: =COUNTIF(D9:AH9,"A") -> 5 | AK9: =COUNTIF(D9:AH9,"L") -> 1 | AL9: =COUNTBLANK(D9:AH9) -> 3 | AM9: =AI9+AK9+AL9 -> 26
A10: =IF(B10="","",A9+1) -> 6 | B10: Miss Saba | C10: Teacher | D10: P | E10: P | F10: P | G10: P | H10: P | J10: P | K10: P | L10: P | M10: P | N10: P | O10: P | Q10: P | R10: P | S10: P | T10: P | U10: P | V10: P | X10: P | Y10: P | Z10: P | AA10: P | AB10: P | AC10: P | AE10: P | AF10: P | AG10: P | AH10: P | AI10: =COUNTIF(D10:AH10,"P") -> 27 | AJ10: =COUNTIF(D10:AH10,"A") -> 0 | AK10: =COUNTIF(D10:AH10,"L") -> 0 | AL10: =COUNTBLANK(D10:AH10) -> 4 | AM10: =AI10+AK10+AL10 -> 31
A11: =IF(B11="","",A10+1) -> 7 | B11: Miss Shaila Bhatti | C11: Teacher | D11: P | E11: P | F11: P | G11: P | H11: P | J11: P | K11: P | L11: P | M11: P | N11: P | O11: P | Q11: P | R11: P | S11: P | T11: P | U11: P | V11: P | X11: P | Y11: P | Z11: P | AA11: P | AB11: P | AC11: P | AE11: P | AF11: P | AG11: P | AH11: P | AI11: =COUNTIF(D11:AH11,"P") -> 27 | AJ11: =COUNTIF(D11:AH11,"A") -> 0 | AK11: =COUNTIF(D11:AH11,"L") -> 0 | AL11: =COUNTBLANK(D11:AH11) -> 4 | AM11: =AI11+AK11+AL11 -> 31
A12: 8 | B12: Hussan Bano | C12: EC Director | D12: P | E12: P | F12: P | G12: P | H12: P | J12: P | K12: P | L12: P | M12: P | N12: P | O12: P | Q12: P | R12: P | S12: P | T12: P | U12: P | V12: P | X12: P | Y12: P | Z12: P | AA12: P | AB12: P | AC12: P | AE12: P | AF12: P | AG12: P | AH12: P | AI12: =COUNTIF(D12:AH12,"P") -> 27 | AJ12: =COUNTIF(D12:AH12,"A") -> 0 | AK12: =COUNTIF(D12:AH12,"L") -> 0 | AL12: =COUNTBLANK(D12:AH12) -> 4 | AM12: =AI12+AK12+AL12 -> 31
A13: 9 | B13: Sir Fayyaz Muhammad | C13: IT Teacher | D13: P | E13: P | F13: P | G13: P | H13: P | J13: P | K13: P | L13: P | M13: P | N13: P | O13: P | Q13: P | R13: P | S13: P | T13: P | U13: P | V13: P | X13: P | Y13: P | Z13: P | AA13: P | AB13: P | AC13: P | AE13: P | AF13: P | AG13: P | AH13: P | AI13: =COUNTIF(D13:AH13,"P") -> 27 | AJ13: =COUNTIF(D13:AH13,"A") -> 0 | AK13: =COUNTIF(D13:AH13,"L") -> 0 | AL13: =COUNTBLANK(D13:AH13) -> 4 | AM13: =AI13+AK13+AL13 -> 31
A17: Employee Attendance Sheet | D17: =TEXT(D18,"ddd") -> Tue | E17: =TEXT(E18,"ddd") -> Wed | F17: =TEXT(F18,"ddd") -> Thu | G17: =TEXT(G18,"ddd") -> Fri | H17: =TEXT(H18,"ddd") -> Sat | I17: =TEXT(I18,"ddd") -> Sun | J17: =TEXT(J18,"ddd") -> Mon | K17: =TEXT(K18,"ddd") -> Tue | ... AH17: =TEXT(AH18,"ddd") -> Thu | AI17: Result
A18: S No | B18: Name of Employee | C18: Designation | D18: 45566 | E18: 45567 | F18: 45568 | G18: 45569 | H18: 45570 | I18: 45571 | J18: 45572 | K18: 45573 | L18: 45574 | M18: 45575 | N18: 45576 | O18: 45577 | P18: 45578 | Q18: 45579 | R18: 45580 | S18: 45581 | T18: 45582 | U18: 45583 | V18: 45584 | W18: 45585 | X18: 45586 | Y18: 45587 | Z18: 45588 | AA18: 45589 | AB18: 45590 | AC18: 45591 | AD18: 45592 | AE18: 45593 | AF18: 45594 | AG18: 45595 | AH18: 45596 | AI18: P | AJ18: A | AK18: L | AL18: SUN | AM18: P.DAYS
A19: =IF(B19="","",1) -> 1 | B19: Syeda Samiya | C19: Co-Ordinator | D19: P | E19: P | F19: P | G19: P | H19: P | J19: P | K19: P | L19: P | M19: P | N19: P | O19: P | Q19: P | R19: P | S19: P | T19: P | U19: P | V19: P | X19: P | Y19: L | Z19: P | AA19: P | AB19: P | AC19: P | AE19: P | AF19: P | AG19: P | AH19: P | AI19: =COUNTIF(D19:AH19,"P") -> 26 | AJ19: =COUNTIF(D19:AH19,"A") -> 0 | AK19: =COUNTIF(D19:AH19,"L") -> 1 | AL19: =COUNTBLANK(D19:AH19) -> 4 | AM19: =AI19+AK19+AL19 -> 31
A20: =IF(B20="","",A19+1) -> 2 | B20: Naeem Ahmed | C20: Guard | D20: P | E20: P | F20: P | G20: P | H20: P | J20: P | K20: P | L20: P | M20: P | N20: P | O20: P | Q20: P | R20: P | S20: P | T20: P | U20: P | V20: P | X20: P | Y20: P | Z20: P | AA20: P | AB20: P | AC20: P | AE20: P | AF20: P | AG20: P | AH20: P | AI20: =COUNTIF(D20:AH20,"P") -> 27 | AJ20: =COUNTIF(D20:AH20,"A") -> 0 | AK20: =COUNTIF(D20:AH20,"L") -> 0 | AL20: =COUNTBLANK(D20:AH20) -> 4 | AM20: =AI20+AK20+AL20 -> 31
A21: =IF(B21="","",A20+1) -> 3 | B21: Ijaz Ahmed | C21: Gardner | D21: P | E21: P | F21: P | G21: P | H21: P | J21: P | K21: P | L21: P | M21: P | N21: P | O21: P | Q21: P | R21: P | S21: P | T21: P | U21: P | V21: P | X21: P | Y21: P | Z21: P | AA21: P | AB21: P | AC21: P | AE21: P | AF21: P | AG21: P | AH21: P | AI21: =COUNTIF(D21:AH21,"P") -> 27 | AJ21: =COUNTIF(D21:AH21,"A") -> 0 | AK21: =COUNTIF(D21:AH21,"L") -> 0 | AL21: =COUNTBLANK(D21:AH21) -> 4 | AM21: =AI21+AK21+AL21 -> 31
A22: =IF(B22="","",A21+1) -> 4 | B22: Kazu | C22: Maid | D22: P | E22: P | F22: P | G22: P | H22: P | J22: P | K22: A | L22: A | M22: A | N22: A | O22: A | P22: A | Q22: A | R22: A | S22: A | T22: A | U22: A | V22: A | W22: A | X22: A | Y22: A | Z22: A | AA22: A | AB22: A | AC22: A | AD22: A | AE22: A | AF22: A | AG22: A | AH22: A | AI22: =COUNTIF(D22:AH22,"P") -> 6 | AJ22: =COUNTIF(D22:AH22,"A") -> 24 | AK22: =COUNTIF(D22:AH22,"L") -> 0 | AL22: =COUNTBLANK(D22:AH22) -> 1 | AM22: =AI22+AK22+AL22 -> 7
A23: =IF(B23="","",A22+1) -> 5 | B23: Tahira Bibi | C23: Maid | D23: P | E23: P | F23: P | G23: P | H23: P | J23: P | K23: P | L23: P | M23: P | N23: P | O23: P | Q23: P | R23: P | S23: P | T23: P | U23: P | V23: P | X23: P | Y23: P | Z23: P | AA23: P | AB23: P | AC23: P | AE23: P | AF23: P | AG23: P | AH23: P | AI23: =COUNTIF(D23:AH23,"P") -> 27 | AJ23: =COUNTIF(D23:AH23,"A") -> 0 | AK23: =COUNTIF(D23:AH23,"L") -> 0 | AL23: =COUNTBLANK(D23:AH23) -> 4 | AM23: =AI23+AK23+AL23 -> 31
A24: 6 | B24: Haleema | C24: Maid | D24: - | E24: - | F24: - | G24: - | H24: - | J24: - | K24: - | L24: - | M24: - | N24: - | O24: - | Q24: - | R24: - | S24: - | T24: - | U24: - | V24: - | X24: - | Y24: P | Z24: P | AA24: P | AB24: P | AC24: P | AE24: P | AF24: P | AG24: P | AH24: P | AI24: =COUNTIF(D24:AH24,"P") -> 9 | AJ24: =COUNTIF(D24:AH24,"A") -> 0 | AK24: =COUNTIF(D24:AH24,"L") -> 0 | AL24: =COUNTBLANK(D24:AH24) -> 4 | AM24: =AI24+AK24+AL24 -> 13
A25: 7 | B25: Rimsha Bibi | C25: Cleaner | D25: P | E25: P | F25: P | G25: P | H25: P | J25: P | K25: P | L25: P | M25: P | N25: P | O25: P | Q25: P | R25: P | S25: P | T25: P | U25: P | V25: P | X25: P | Y25: P | Z25: P | AA25: P | AB25: P | AC25: P | AE25: P | AF25: P | AG25: P | AH25: P | AI25: =COUNTIF(D25:AH25,"P") -> 27 | AJ25: =COUNTIF(D25:AH25,"A") -> 0 | AK25: =COUNTIF(D25:AH25,"L") -> 0 | AL25: =COUNTBLANK(D25:AH25) -> 4 | AM25: =AI25+AK25+AL25 -> 31

Sheet Salary Sheet
A1: Salary Sheet for the Month October 2024
A2: Government High School Sindhi Jamaat Cooperative Housing Society, Bin Qasim Town Karachi
A4: Teaching Staff
A6: Name | B6: Father Name | C6: Designation | D6: Program | E6: Date of Joining | F6: CNIC NO | G6: Account No | H6: Current Salary | I6: Attandance | M6: Conveyance Allowance | N6: NET SALARY
I7: Total Days | J7: P. Days | K7: A. Days | L7: Leave
A9: Saika | B9: Sikandar Jamali | C9: Teacher | D9: EMO | E9: 44774 | F9: 42501-7160658-6 | G9: 0003936568281601 | H9: 22000 | I9: 31 | J9: =Attandance!AM5 -> 31 | K9: =Attandance!AJ5 -> 0 | L9: =Attandance!AK5 -> 0 | N9: =(H9/31)*J9 -> 22000
A10: Shehzana | B10: Jamil Ur Rehman | C10: Teacher | D10: EMO | E10: 44774 | F10: 42301-0658911-0 | G10: 0003936570321601 | H10: 18000 | I10: 31 | J10: =Attandance!AM6 -> 31 | K10: =Attandance!AJ6 -> 0 | L10: =Attandance!AK6 -> 0 | N10: =(H10/31)*J10 -> 18000
A11: Tooba | B11: Mir Muhammad | C11: Teacher | D11: EMO | E11: 44774 | F11: 42501-8210999-2 | G11: 0003636572792701 | H11: 15000 | I11: 31 | J11: 24 | K11: 7 | L11: =Attandance!AK7 -> 1 | N11: 11500
A12: Parwish Fatima | B12: Amir Abbas Dasti | C12: Teacher | D12: EMO | E12: 45198 | F12: 42201-7487104-2 | G12: 0003938883651001 | H12: 15000 | I12: 31 | J12: 29 | K12: =Attandance!AJ8 -> 2 | L12: =Attandance!AK8 -> 1 | N12: =(H12/30)*J12 -> 14500
A13: Shahdab Kanwal | B13: Ali Asghar | C13: Teacher | D13: EMO | E13: 45229 | F13: 42501-1527894-9 | G13: 0003939502581601 | H13: 15000 | I13: 31 | J13: 25 | K13: 5 | L13: =Attandance!AK9 -> 1 | N13: =(H13/30)*J13 -> 12500
A14: Saba | B14: Deen Muhammad | C14: Teacher | D14: EMO | E14: 45323 | F14: 43203-9105637-2 | G14: 0003935968441600 | H14: 25000 | I14: 31 | J14: =Attandance!AM10 -> 31 | K14: =Attandance!AJ10 -> 0 | L14: =Attandance!AK10 -> 0 | N14: =(H14/31)*J14 -> 25000
A15: Shaila Bhatti | B15: Shahmeer Khan | C15: Teacher | D15: EMO | E15: 45536 | F15: 42201-9679408-6 | G15: N/A | H15: 20000 | I15: 31 | J15: =Attandance!AM11 -> 31 | K15: =Attandance!AJ11 -> 0 | L15: =Attandance!AK11 -> 0 | N15: =(H15/31)*J15 -> 20000
A16: Hussan Bano | B16: Muhammad Mashooq | C16: EC Director | D16: EMO | E16: 45566 | F16: 42301-5768818-8 | G16: N/A | H16: 30000 | I16: 31 | J16: =Attandance!AM12 -> 31 | K16: =Attandance!AJ12 -> 0 | L16: =Attandance!AK12 -> 0 | N16: =(H16/31)*J16 -> 30000
A17: Fayyaz Muhammad | B17: Fida Muhammad | C17: IT Teacher | D17: EMO | E17: 45559 | F17: 42501-951762207 | G17: 01230104183142 | H17: 28000 | I17: 31 | J17: =Attandance!AM13 -> 31 | K17: =Attandance!AJ13 -> 0 | L17: =Attandance!AK13 -> 0 | N17: =(H17/31)*J17 -> 28000
A20: Non-Teaching Staff
A22: Name | B22: Father Name | C22: Designation | D22: Program | E22: Date of Joining | F22: CNIC NO | G22: Account No | H22: Current Salary | I22: Attandance | M22: Conveyance Allowance | N22: NET SALARY
I23: Total Days | J23: P. Days | K23: A. Days | L23: Leave
A25: Syeda Samiya | B25: Syed Nayab Naqvi | C25: Co-Ordinator | D25: EMO | E25: 44475 | F25: 41304 8178382 2 | G25: 0003936568281601 | H25: 60000 | I25: 31 | J25: 30 | K25: 0 | L25: 1 | M25: 25000 | N25: =(H25/30)*J25+M25 -> 85000
A26: Naeem Ahmed | B26: Sahab Dino | C26: Guard | D26: EMO | E26: 45468 | F26: 45203-9721947-3 | G26: 0003936570321601 | H26: 24000 | I26: 31 | J26: =Attandance!AM20 -> 31 | K26: =Attandance!AJ20 -> 0 | L26: =Attandance!AK20 -> 0 | N26: =(H26/31)*J26 -> 24000
A27: Ijaz Ahmed | B27: Muhammad Ali | C27: Gardner | D27: EMO | E27: 45505 | F27: 42501-5817372-7 | G27: 0003636572792701 | H27: 8000 | I27: 31 | J27: =Attandance!AM21 -> 31 | K27: =Attandance!AJ21 -> 0 | L27: =Attandance!AK21 -> 0 | N27: =(H27/31)*J27 -> 8000
A28: Kazu | B28: Yousuf Panwar | C28: Maid | D28: EMO | E28: 44743 | F28: 41408 8263862 8 | G28: 0003938883651001 | H28: 15000 | I28: 31 | J28: =Attandance!AM22 -> 7 | K28: =Attandance!AJ22 -> 24 | L28: =Attandance!AK22 -> 0 | N28: =(H28/30)*J28 -> 3500
A29: Tahira Bibi | B29: Abdul Majeed | C29: Maid | D29: EMO | E29: 44967 | F29: 31201 6578084 1 | G29: N/A | H29: 15000 | I29: 31 | J29: =Attandance!AM23 -> 31 | K29: =Attandance!AJ23 -> 0 | L29: =Attandance!AK23 -> 0 | N29: =(H29/31)*J29 -> 15000
A30: Haleema | B30: Abdul Sattar | C30: Maid | D30: EMO | E30: 45587 | F30: 41105-4725771-0 | G30: N/A | H30: 15000 | I30: 31 | J30: 9 | K30: =Attandance!AJ24 -> 0 | L30: =Attandance!AK24 -> 0 | N30: =(H30/30)*J30 -> 4500
A31: Rimsha Bibi | B31: Abdul Majeed | C31: Cleaner | D31: EMO | E31: 44959 | F31: 31201 2460819 2 | G31: N/A | H31: 15000 | I31: 31 | J31: =Attandance!AM25 -> 31 | K31: =Attandance!AJ25 -> 0 | L31: =Attandance!AK25 -> 0 | N31: =(H31/31)*J31 -> 15000
