Workbook

Sheet Compile Sheet-November-2024
A4: Class | B4: Total Enrolment & Attendance November-24
B5: Boys | C5: Girls | D5: Total | E5: total working Days | F5: Total working days-Boys | G5: Total working days-Girls | H5: Total working days-All | I5: P-Days Boys | J5: P-Days Girls | K5: P-Days All | L5: Percentage-Girls | M5: Percentage-Boys | N5: Percentage-Boys | O5: Total average
A6: ECE (ROSE) | B6: 27 | C6: 27 | D6: =SUM(B6:C6) -> 54 | E6: 24 | F6: =B6*E6 -> 648 | G6: =C6*E6 -> 648 | H6: =SUM(F6:G6) -> 1296 | I6: ='ECE (Daffodils)'!V14 -> 0 | J6: ='ECE (Daffodils)'!#REF! -> #REF! | K6: =SUM(I6:J6) -> #REF! | L6: =J6/G6 -> #REF! | M6: =I6/F6 -> 0 | N6: =K6/H6 -> #REF! | O6: =AVERAGE(L6:M6) -> #REF!
A7: ECE (Daffodils) | B7: 31 | C7: 25 | D7: =SUM(B7:C7) -> 56 | E7: 24 | F7: =B7*E7 -> 744 | G7: =C7*E7 -> 600 | H7: =SUM(F7:G7) -> 1344 | I7: ='Class-1'!V14 -> 0 | J7: ='Class-1'!W14 -> A | K7: =SUM(I7:J7) -> 0 | L7: =J7/G7 -> #VALUE! | M7: =I7/F7 -> 0 | N7: =K7/H7 -> 0 | O7: =AVERAGE(L7:M7) -> #VALUE!
A8: One | B8: 32 | C8: 24 | D8: =SUM(B8:C8) -> 56 | E8: 24 | F8: =B8*E8 -> 768 | G8: =C8*E8 -> 576 | H8: =SUM(F8:G8) -> 1344 | I8: ='Class-2'!V13 -> 0 | J8: ='Class-2'!#REF! -> #REF! | K8: =SUM(I8:J8) -> #REF! | L8: =J8/G8 -> #REF! | M8: =I8/F8 -> 0 | N8: =K8/H8 -> #REF! | O8: =AVERAGE(L8:M8) -> #REF!
A9: Two | B9: 26 | C9: 26 | D9: =SUM(B9:C9) -> 52 | E9: 24 | F9: =B9*E9 -> 624 | G9: =C9*E9 -> 624 | H9: =SUM(F9:G9) -> 1248 | I9: ='Class-3'!V14 -> 0 | J9: ='Class-3'!#REF! -> #REF! | K9: =SUM(I9:J9) -> #REF! | L9: =J9/G9 -> #REF! | M9: =I9/F9 -> 0 | N9: =K9/H9 -> #REF! | O9: =AVERAGE(L9:M9) -> #REF!
A10: Three | B10: 28 | C10: 24 | D10: =SUM(B10:C10) -> 52 | E10: 24 | F10: =B10*E10 -> 672 | G10: =C10*E10 -> 576 | H10: =SUM(F10:G10) -> 1248 | I10: ='Class-4'!V13 -> 0 | J10: ='Class-4'!#REF! -> #REF! | K10: =SUM(I10:J10) -> #REF! | L10: =J10/G10 -> #REF! | M10: =I10/F10 -> 0 | N10: =K10/H10 -> #REF! | O10: =AVERAGE(L10:M10) -> #REF!
A11: Four | B11: 21 | C11: 32 | D11: =SUM(B11:C11) -> 53 | E11: 24 | F11: =B11*E11 -> 504 | G11: =C11*E11 -> 768 | H11: =SUM(F11:G11) -> 1272 | I11: ='Class-5'!Z14 -> 248 | J11: ='Class-5'!AA14 -> 230 | K11: =SUM(I11:J11) -> 478 | L11: =J11/G11 -> 0.29947917 | M11: =I11/F11 -> 0.49206349 | N11: =K11/H11 -> 0.37578616 | O11: =AVERAGE(L11:M11) -> 0.39577133
A12: Five | B12: 23 | C12: 23 | D12: =SUM(B12:C12) -> 46 | E12: 24 | F12: =B12*E12 -> 552 | G12: =C12*E12 -> 552 | H12: =SUM(F12:G12) -> 1104 | I12: ='Class-6'!Z14 -> 239 | J12: ='Class-6'!AA14 -> 201 | K12: =SUM(I12:J12) -> 440 | L12: =J12/G12 -> 0.36413043 | M12: =I12/F12 -> 0.43297101 | N12: =K12/H12 -> 0.39855072 | O12: =AVERAGE(L12:M12) -> 0.39855072
A13: Six | B13: 17 | C13: 28 | D13: =SUM(B13:C13) -> 45 | E13: 24 | F13: =B13*E13 -> 408 | G13: =C13*E13 -> 672 | H13: =SUM(F13:G13) -> 1080 | I13: ='Class-7'!Z14 -> 157 | J13: ='Class-7'!AA14 -> 302 | K13: =SUM(I13:J13) -> 459 | L13: =J13/G13 -> 0.44940476 | M13: =I13/F13 -> 0.38480392 | N13: =K13/H13 -> 0.425 | O13: =AVERAGE(L13:M13) -> 0.41710434
A14: Seven | B14: 29 | C14: 19 | D14: =SUM(B14:C14) -> 48 | E14: 24 | F14: =B14*E14 -> 696 | G14: =C14*E14 -> 456 | H14: =SUM(F14:G14) -> 1152 | I14: ='class-8'!Z14 -> 288 | J14: ='class-8'!AA14 -> 138 | K14: =SUM(I14:J14) -> 426 | L14: =J14/G14 -> 0.30263158 | M14: =I14/F14 -> 0.4137931 | N14: =K14/H14 -> 0.36979167 | O14: =AVERAGE(L14:M14) -> 0.35821234
A15: Eight | B15: 19 | C15: 23 | D15: =SUM(B15:C15) -> 42 | E15: 24 | F15: =B15*E15 -> 456 | G15: =C15*E15 -> 552 | H15: =SUM(F15:G15) -> 1008 | I15: ='class-9'!Z14 -> 128 | J15: ='class-9'!AA14 -> 200 | K15: =SUM(I15:J15) -> 328 | L15: =J15/G15 -> 0.36231884 | M15: =I15/F15 -> 0.28070175 | N15: =K15/H15 -> 0.32539683 | O15: =AVERAGE(L15:M15) -> 0.3215103
A16: Ninth | B16: 16 | C16: 19 | D16: =SUM(B16:C16) -> 35 | E16: 24 | F16: =B16*E16 -> 384 | G16: =C16*E16 -> 456 | H16: =SUM(F16:G16) -> 840 | I16: ='class-10'!Z14 -> 128 | J16: ='class-10'!AA14 -> 106 | K16: =SUM(I16:J16) -> 234 | L16: =J16/G16 -> 0.23245614 | M16: =I16/F16 -> 0.33333333 | N16: =K16/H16 -> 0.27857143 | O16: =AVERAGE(L16:M16) -> 0.28289474
A17: Total | B17: =SUM(B6:B16) -> 269 | C17: =SUM(C6:C16) -> 270 | D17: =SUM(D6:D16) -> 539 | E17: =SUM(E6:E16) -> 264 | F17: =SUM(F6:F16) -> 6456 | G17: =SUM(G6:G16) -> 6480 | H17: =SUM(H6:H16) -> 12936 | I17: =SUM(I6:I16) -> 1188 | ... K17: =SUM(K6:K16) -> #REF! | L17: =J17/G17 -> #REF! | M17: =I17/F17 -> 0.18401487 | N17: =AVERAGE(N6:N16) -> #REF! | O17: =AVERAGE(O6:O16) -> #REF!
A18: % | B18: 1 | C18: 1 | D18: 1 | E18: 1 | F18: 1 | G18: 1 | H18: 1 | I18: =I17/F17 -> 0.18401487 | J18: =J17/G17 -> #REF! | K18: =K17/H17 -> #REF! | L18: 0.54 | M18: 0.56 | N18: 0.55 | O18: =AVERAGE(L17:M17) -> #REF!

Sheet ECE ROSE
A1: Goverment high school (SJCHS)
A2: Monthly Attendence Month of AUGUST-2025
A3: S.No | B3: GR | C3: Student Name | D3: Father Name | E3: Class | F3: =TEXT(F4,"ddd") -> Fri | G3: =TEXT(G4,"ddd") -> Sat | H3: =TEXT(H4,"ddd") -> Sun | I3: =TEXT(I4,"ddd") -> Mon | J3: =TEXT(J4,"ddd") -> Tue | K3: =TEXT(K4,"ddd") -> Wed | L3: =TEXT(L4,"ddd") -> Thu | M3: =TEXT(M4,"ddd") -> Fri | ... V3: =TEXT(V4,"ddd") -> Sun | W3: Present | X3: Absent | Y3: Year 2024
F4: 45870 | G4: 45871 | H4: 45872 | I4: 45873 | J4: 45874 | K4: 45875 | L4: 45876 | M4: 45877 | N4: 45878 | O4: 45879 | P4: 45880 | Q4: 45881 | R4: 45882 | S4: 45883 | T4: 45884 | U4: 45885 | V4: 45886 | Y4: Total days | Z4: =SUM(Z5:Z8) -> 17
A5: 1 | C5: Mir Ghulam Mustafa Bhutto | D5: Abdul Khaliq Bhutto | E5: ECE ROSE | F5: P | G5: P | H5: SUNDAY - SUNDAY - SUNDAY - SUNDAY - SUNDAY - | I5: A | J5: P | K5: P | L5: P | M5: P | N5: URS SHAH ABDUL LATIF BITHAI | O5: SUNDAY - SUNDAY - SUNDAY - SUNDAY - SUNDAY - | P5: P | Q5: A | R5: P | S5: INDEPENDENCE DAY | T5: P | U5: P | V5: SUNDAY - SUNDAY - SUNDAY - SUNDAY - SUNDAY - | W5: =COUNTIF(F5:V5,"P") -> 10 | X5: =COUNTIF(F5:V5,"A") -> 2 | Y5: Working days | Z5: 12
A6: 2 | C6: Airah Alber | D6: Abdul Alber | E6: ECE ROSE | F6: P | G6: P | I6: P | J6: P | K6: P | L6: P | M6: A | P6: P | Q6: P | R6: P | T6: P | U6: P | W6: =COUNTIF(F6:V6,"P") -> 11 | X6: =COUNTIF(F6:V6,"A") -> 1 | Y6: Sunday | Z6: 3
A7: 3 | C7: Meerum | D7: Razaullah | E7: ECE ROSE | F7: A | G7: P | I7: P | J7: P | K7: P | L7: P | M7: P | P7: P | Q7: P | R7: P | T7: P | U7: P | W7: =COUNTIF(F7:V7,"P") -> 11 | X7: =COUNTIF(F7:V7,"A") -> 1 | Y7: Off Days | Z7: 2
A8: 4 | C8: Marwa Bibi | D8: Naqeeb Ullah | E8: ECE ROSE | F8: P | G8: P | I8: P | J8: P | K8: P | L8: P | M8: P | P8: P | Q8: P | R8: A | T8: P | U8: P | W8: =COUNTIF(F8:V8,"P") -> 11 | X8: =COUNTIF(F8:V8,"A") -> 1
A9: 5 | C9: Muhammad Huzzaifa | D9: Zain Ullah | E9: ECE ROSE | F9: P | G9: P | I9: P | J9: A | K9: P | L9: P | M9: P | P9: P | Q9: P | R9: P | T9: P | U9: P | W9: =COUNTIF(F9:V9,"P") -> 11 | X9: =COUNTIF(F9:V9,"A") -> 1
A10: 6 | C10: Mustaqim Hussain | D10: Zafar Hussain | E10: ECE ROSE | F10: P | G10: A | I10: P | J10: P | K10: P | L10: P | M10: P | P10: A | Q10: P | R10: P | T10: A | U10: P | W10: =COUNTIF(F10:V10,"P") -> 9 | X10: =COUNTIF(F10:V10,"A") -> 3
A11: 7 | C11: Irshad | D11: Shafiq Shah | E11: ECE ROSE | F11: P | G11: P | I11: P | J11: P | K11: P | L11: P | M11: P | P11: P | Q11: P | R11: P | T11: P | U11: P | W11: =COUNTIF(F11:V11,"P") -> 12 | X11: =COUNTIF(F11:V11,"A") -> 0 | Y11: Present Days Detail
A12: 8 | C12: Aon Ali | D12: Imran Ali | E12: ECE ROSE | F12: P | G12: P | I12: A | J12: P | K12: P | L12: P | M12: P | P12: P | Q12: P | R12: P | T12: P | U12: P | W12: =COUNTIF(F12:V12,"P") -> 11 | X12: =COUNTIF(F12:V12,"A") -> 1 | Y12: Detail | Z12: Boys | AA12: Girls | AB12: Total
A13: 9 | C13: Ajwa Rashid | D13: Rashid Hussain | E13: ECE ROSE | F13: P | G13: P | I13: P | J13: P | K13: A | L13: P | M13: P | P13: P | Q13: P | R13: P | T13: P | U13: P | W13: =COUNTIF(F13:V13,"P") -> 11 | X13: =COUNTIF(F13:V13,"A") -> 1 | Y13: Due Present days | Z13: =29*$Z$5 -> 348 | AA13: =25*$Z$5 -> 300 | AB13: =SUM(Z13:AA13) -> 648
A14: 10 | C14: Muhammad Ramzan | D14: Abdul Karim | E14: ECE ROSE | F14: P | G14: P | I14: P | J14: P | K14: P | L14: P | M14: P | P14: P | Q14: P | R14: P | T14: P | U14: P | W14: =COUNTIF(F14:V14,"P") -> 12 | X14: =COUNTIF(F14:V14,"A") -> 0 | Y14: Actual present days | Z14: =SUM(W29:W31) -> 33 | AA14: =SUM(W5:W28) -> 264 | AB14: =Z14+AA14 -> 297
A15: 11 | C15: Airah Meer | D15: Tanveer Ahmed Jamali | E15: ECE ROSE | F15: P | G15: P | I15: P | J15: P | K15: P | L15: P | M15: A | P15: P | Q15: A | R15: P | T15: P | U15: P | W15: =COUNTIF(F15:V15,"P") -> 10 | X15: =COUNTIF(F15:V15,"A") -> 2 | Y15: % | Z15: =Z14/Z13 -> 0.094827586 | AA15: =AA14/AA13 -> 0.88 | AB15: =AB14/AB13 -> 0.45833333
A16: 12 | C16: Zeeshan Ali | D16: Ahsan Ali | E16: ECE ROSE | F16: A | G16: P | I16: P | J16: P | K16: P | L16: P | M16: P | P16: P | Q16: P | R16: P | T16: P | U16: P | W16: =COUNTIF(F16:V16,"P") -> 11 | X16: =COUNTIF(F16:V16,"A") -> 1
A17: 13 | C17: Farhan Ali | D17: Akbar Ali | E17: ECE ROSE | F17: P | G17: P | I17: P | J17: A | K17: P | L17: P | M17: P | P17: P | Q17: P | R17: P | T17: P | U17: P | W17: =COUNTIF(F17:V17,"P") -> 11 | X17: =COUNTIF(F17:V17,"A") -> 1
A18: 14 | C18: Muhammad Qaiser | D18: Muhammad Qasim Mugheri | E18: ECE ROSE | F18: P | G18: P | I18: P | J18: P | K18: P | L18: P | M18: P | P18: P | Q18: P | R18: P | T18: P | U18: P | W18: =COUNTIF(F18:V18,"P") -> 12 | X18: =COUNTIF(F18:V18,"A") -> 0
A19: 15 | C19: Zoya | D19: Zahid Ali | E19: ECE ROSE | F19: P | G19: P | I19: P | J19: P | K19: P | L19: P | M19: P | P19: P | Q19: P | R19: P | T19: P | U19: P | W19: =COUNTIF(F19:V19,"P") -> 12 | X19: =COUNTIF(F19:V19,"A") -> 0 | Y19: Absent Days Details
A20: 16 | C20: Bibi Batool | D20: Syed Shahid Ali Shah | E20: ECE ROSE | F20: P | G20: A | I20: P | J20: P | K20: P | L20: A | M20: P | P20: P | Q20: P | R20: A | T20: P | U20: P | W20: =COUNTIF(F20:V20,"P") -> 9 | X20: =COUNTIF(F20:V20,"A") -> 3 | Y20: Detail | Z20: Boys | AA20: Girls | AB20: Total
A21: 17 | C21: Hooriya | D21: Sajid Jamali | E21: ECE ROSE | F21: P | G21: P | I21: P | J21: P | K21: P | L21: P | M21: P | P21: P | Q21: P | R21: P | T21: P | U21: P | W21: =COUNTIF(F21:V21,"P") -> 12 | X21: =COUNTIF(F21:V21,"A") -> 0 | Y21: Due Present days | Z21: =29*$Z$5 -> 348 | AA21: =25*$Z$5 -> 300 | AB21: =Z21+AA21 -> 648
A22: 18 | C22: Arwa Fatima | D22: Muhammad Bilawal | E22: ECE ROSE | F22: P | G22: P | I22: P | J22: P | K22: P | L22: P | M22: P | P22: P | Q22: P | R22: P | T22: P | U22: P | W22: =COUNTIF(F22:V22,"P") -> 12 | X22: =COUNTIF(F22:V22,"A") -> 0 | Y22: Absent days | Z22: =Z21-Z14 -> 315 | AA22: =AA21-AA14 -> 36 | AB22: =Z22+AA22 -> 351
A23: 19 | C23: Muhammad Siddiq | D23: Ghulam Nabi | E23: ECE ROSE | F23: A | G23: P | I23: P | J23: P | K23: A | L23: P | M23: P | P23: P | Q23: P | R23: P | T23: P | U23: P | W23: =COUNTIF(F23:V23,"P") -> 10 | X23: =COUNTIF(F23:V23,"A") -> 2 | Y23: % | Z23: =Z22/Z21 -> 0.90517241 | AA23: =AA22/AA21 -> 0.12 | AB23: =AB22/AB21 -> 0.54166667
A24: 20 | C24: Waseem | D24: Abdul Sattar | E24: ECE ROSE | F24: P | G24: P | I24: P | J24: P | K24: P | L24: P | M24: P | P24: P | Q24: P | R24: P | T24: P | U24: P | W24: =COUNTIF(F24:V24,"P") -> 12 | X24: =COUNTIF(F24:V24,"A") -> 0
A25: 21 | C25: Ariyan | D25: Aman Badshah | E25: ECE ROSE | F25: P | G25: A | I25: P | J25: P | K25: P | L25: P | M25: P | P25: P | Q25: P | R25: P | T25: P | U25: P | W25: =COUNTIF(F25:V25,"P") -> 11 | X25: =COUNTIF(F25:V25,"A") -> 1
A26: 22 | C26: Inaya Fatima | D26: Ijaz Ahmed | E26: ECE ROSE | F26: P | G26: P | I26: P | J26: P | K26: P | L26: A | M26: P | P26: P | Q26: P | R26: P | T26: P | U26: P | W26: =COUNTIF(F26:V26,"P") -> 11 | X26: =COUNTIF(F26:V26,"A") -> 1
A27: 23 | C27: Aqib | E27: ECE ROSE | F27: P | G27: A | I27: P | J27: P | K27: P | L27: P | M27: P | P27: P | Q27: P | R27: P | T27: P | U27: P | W27: =COUNTIF(F27:V27,"P") -> 11 | X27: =COUNTIF(F27:V27,"A") -> 1
A28: 24 | C28: Ariyan | D28: Ismail | E28: ECE ROSE | F28: P | G28: P | I28: P | J28: P | K28: P | L28: P | M28: P | P28: P | Q28: P | R28: A | T28: P | U28: P | W28: =COUNTIF(F28:V28,"P") -> 11 | X28: =COUNTIF(F28:V28,"A") -> 1
A29: 25 | C29: Zainab Haneef | D29: Haneef Qadir | E29: ECE ROSE | F29: P | G29: P | I29: P | J29: P | K29: A | L29: P | M29: P | P29: P | Q29: P | R29: P | T29: P | U29: P | W29: =COUNTIF(F29:V29,"P") -> 11 | X29: =COUNTIF(F29:V29,"A") -> 1
A30: 26 | C30: Zainab | D30: Muhammad Ameen | E30: ECE ROSE | F30: A | G30: P | I30: P | J30: P | K30: P | L30: P | M30: P | P30: P | Q30: P | R30: P | T30: P | U30: P | W30: =COUNTIF(F30:V30,"P") -> 11 | X30: =COUNTIF(F30:V30,"A") -> 1
A31: 27 | C31: Zara Fatima | E31: ECE ROSE | F31: P | G31: P | I31: P | J31: P | K31: P | L31: P | M31: A | P31: P | Q31: P | R31: P | T31: P | U31: P | W31: =COUNTIF(F31:V31,"P") -> 11 | X31: =COUNTIF(F31:V31,"A") -> 1

Sheet ECE (Daffodils)
A1: Goverment high school (SJCHS)
A2: Monthly Attendence Month of AUGUST-2025
A3: S.No | B3: GR | C3: Student Name | D3: Father Name | E3: Class | F3: =TEXT(F4,"ddd") -> Fri | G3: =TEXT(G4,"ddd") -> Sat | H3: =TEXT(H4,"ddd") -> Sun | I3: =TEXT(I4,"ddd") -> Mon | J3: =TEXT(J4,"ddd") -> Tue | K3: =TEXT(K4,"ddd") -> Wed | L3: =TEXT(L4,"ddd") -> Thu | M3: =TEXT(M4,"ddd") -> Fri | ... V3: =TEXT(V4,"ddd") -> Sun | W3: Present | X3: Absent | Y3: Year 2024
F4: 45870 | G4: 45871 | H4: 45872 | I4: 45873 | J4: 45874 | K4: 45875 | L4: 45876 | M4: 45877 | N4: 45878 | O4: 45879 | P4: 45880 | Q4: 45881 | R4: 45882 | S4: 45883 | T4: 45884 | U4: 45885 | V4: 45886 | Y4: Total days | Z4: =SUM(Z5:Z8) -> 17
A5: 1 | B5: 112 | C5: Eman | D5: Shahnawaz Khan | E5: ECE | F5: A | G5: P | H5: SUNDAY - SUNDAY - SUNDAY - SUNDAY - SUNDAY - SUNDAY | I5: P | J5: P | K5: P | L5: P | M5: P | N5: URS SHAH ABDUL LATIF BITHAI | O5: SUNDAY - SUNDAY - SUNDAY - SUNDAY - SUNDAY - SUNDAY | P5: P | Q5: P | R5: P | S5: INDEPENDENCE DAY | T5: P | U5: P | V5: SUNDAY - SUNDAY - SUNDAY - SUNDAY - SUNDAY - SUNDAY | W5: =COUNTIF(F5:V5,"P") -> 11 | X5: =COUNTIF(F5:V5,"A") -> 1 | Y5: Working days | Z5: 12
A6: 2 | B6: 135 | C6: Masooma | D6: Faiq Ali | E6: ECE | F6: P | G6: P | I6: P | J6: A | K6: P | L6: P | M6: P | P6: P | Q6: P | R6: P | T6: P | U6: P | W6: =COUNTIF(F6:V6,"P") -> 11 | X6: =COUNTIF(F6:V6,"A") -> 1 | Y6: Sunday | Z6: 3
A7: 3 | B7: 137 | C7: Hafsa Batool | D7: Gul Mohammad Chandio | E7: ECE | F7: P | G7: A | I7: P | J7: P | K7: P | L7: P | M7: P | P7: P | Q7: P | R7: A | T7: P | U7: P | W7: =COUNTIF(F7:V7,"P") -> 10 | X7: =COUNTIF(F7:V7,"A") -> 2 | Y7: Off days | Z7: 2
A8: 4 | B8: 173 | C8: Hoor Fatima | D8: Shahid Ali | E8: ECE | F8: P | G8: P | I8: P | J8: P | K8: P | L8: P | M8: P | P8: P | Q8: P | R8: P | T8: A | U8: P | W8: =COUNTIF(F8:V8,"P") -> 11 | X8: =COUNTIF(F8:V8,"A") -> 1
A9: 5 | B9: 143 | C9: Kinza | D9: Aijaz Ali | E9: ECE | F9: A | G9: P | I9: P | J9: P | K9: A | L9: P | M9: P | P9: P | Q9: P | R9: P | T9: P | U9: P | W9: =COUNTIF(F9:V9,"P") -> 10 | X9: =COUNTIF(F9:V9,"A") -> 2
A10: 6 | B10: 146 | C10: Fatima Ansari | D10: Ayaz Ali Ansari | E10: ECE | F10: A | G10: P | I10: P | J10: P | K10: P | L10: P | M10: P | P10: A | Q10: P | R10: P | T10: P | U10: P | W10: =COUNTIF(F10:V10,"P") -> 10 | X10: =COUNTIF(F10:V10,"A") -> 2
A11: 7 | B11: 148 | C11: Zil-e-Huma | D11: Abdul Qayoom | E11: ECE | F11: P | G11: P | I11: P | J11: P | K11: P | L11: P | M11: P | P11: P | Q11: P | R11: P | T11: P | U11: P | W11: =COUNTIF(F11:V11,"P") -> 12 | X11: =COUNTIF(F11:V11,"A") -> 0 | Y11: Present Days Detail
A12: 8 | B12: 150 | C12: Ayat Fatima | D12: Imran Hussain | E12: ECE | F12: P | G12: P | I12: P | J12: P | K12: P | L12: P | M12: P | P12: P | Q12: P | R12: P | T12: P | U12: P | W12: =COUNTIF(F12:V12,"P") -> 12 | X12: =COUNTIF(F12:V12,"A") -> 0 | Y12: Detail | Z12: Boys | AA12: Girls | AB12: Total
A13: 9 | B13: 151 | C13: Aqsa | D13: Ahsan Ali | E13: ECE | F13: A | G13: P | I13: P | J13: P | K13: P | L13: A | M13: P | P13: P | Q13: A | R13: P | T13: P | U13: P | W13: =COUNTIF(F13:V13,"P") -> 9 | X13: =COUNTIF(F13:V13,"A") -> 3 | Y13: Due Present days | Z13: =29*$Z$5 -> 348 | AA13: =25*$Z$5 -> 300 | AB13: =SUM(Z13:AA13) -> 648
A14: 10 | B14: 160 | C14: Safa | D14: Dil Murad | E14: ECE | F14: P | G14: P | I14: P | J14: P | K14: P | L14: P | M14: P | P14: P | Q14: P | R14: P | T14: A | U14: P | W14: =COUNTIF(F14:V14,"P") -> 11 | X14: =COUNTIF(F14:V14,"A") -> 1 | Y14: Actual present days | Z14: =SUM(W29:W57) -> 324 | AA14: =SUM(W5:W28) -> 260 | AB14: =Z14+AA14 -> 584
A15: 11 | B15: 161 | C15: Hifza | D15: Zakir Ali | E15: ECE | F15: P | G15: P | I15: P | J15: P | K15: P | L15: P | M15: P | P15: P | Q15: P | R15: P | T15: P | U15: P | W15: =COUNTIF(F15:V15,"P") -> 12 | X15: =COUNTIF(F15:V15,"A") -> 0 | Y15: % | Z15: =Z14/Z13 -> 0.93103448 | AA15: =AA14/AA13 -> 0.86666667 | AB15: =AB14/AB13 -> 0.90123457
A16: 12 | B16: 162 | C16: Zameeran | D16: Babar Ali | E16: ECE | F16: P | G16: A | I16: P | J16: P | K16: P | L16: P | M16: P | P16: P | Q16: P | R16: A | T16: P | U16: P | W16: =COUNTIF(F16:V16,"P") -> 10 | X16: =COUNTIF(F16:V16,"A") -> 2
A17: 13 | B17: 163 | C17: Parwisha | D17: Sarfaraz Ahmed | E17: ECE | F17: P | G17: P | I17: P | J17: P | K17: A | L17: P | M17: P | P17: P | Q17: P | R17: P | T17: P | U17: P | W17: =COUNTIF(F17:V17,"P") -> 11 | X17: =COUNTIF(F17:V17,"A") -> 1
A18: 14 | B18: 166 | C18: Aiza | D18: Irshad-Ul-Haq | E18: ECE | F18: P | G18: P | I18: P | J18: P | K18: P | L18: P | M18: P | P18: P | Q18: P | R18: P | T18: P | U18: P | W18: =COUNTIF(F18:V18,"P") -> 12 | X18: =COUNTIF(F18:V18,"A") -> 0
A19: 15 | B19: 168 | C19: Shazia | D19: Rashid Ali | E19: ECE | F19: A | G19: P | I19: P | J19: P | K19: P | L19: P | M19: P | P19: A | Q19: P | R19: P | T19: P | U19: P | W19: =COUNTIF(F19:V19,"P") -> 10 | X19: =COUNTIF(F19:V19,"A") -> 2 | Y19: Absent Days Details
A20: 16 | B20: 170 | C20: Ume Farwa | D20: Meer Ameer-u-Din | E20: ECE | F20: P | G20: P | I20: P | J20: P | K20: P | L20: A | M20: P | P20: P | Q20: P | R20: P | T20: P | U20: P | W20: =COUNTIF(F20:V20,"P") -> 11 | X20: =COUNTIF(F20:V20,"A") -> 1 | Y20: Detail | Z20: Boys | AA20: Girls | AB20: Total
A21: 17 | B21: 171 | C21: Ume Rubab | D21: Mohsin Ali | E21: ECE | F21: P | G21: P | I21: P | J21: P | K21: P | L21: P | M21: P | P21: P | Q21: P | R21: P | T21: P | U21: P | W21: =COUNTIF(F21:V21,"P") -> 12 | X21: =COUNTIF(F21:V21,"A") -> 0 | Y21: Due Present days | Z21: =29*$Z$5 -> 348 | AA21: =25*$Z$5 -> 300 | AB21: =Z21+AA21 -> 648
A22: 18 | B22: 172 | C22: Khatija | D22: M. Afzal | E22: ECE | F22: P | G22: A | I22: P | J22: P | K22: P | L22: P | M22: P | P22: P | Q22: A | R22: P | T22: P | U22: P | W22: =COUNTIF(F22:V22,"P") -> 10 | X22: =COUNTIF(F22:V22,"A") -> 2 | Y22: Absent days | Z22: =Z21-Z14 -> 24 | AA22: =AA21-AA14 -> 40 | AB22: =Z22+AA22 -> 64
A23: 19 | B23: 180 | C23: Fiza | D23: Ahmed | E23: ECE | F23: P | G23: P | I23: P | J23: P | K23: A | L23: P | M23: P | P23: P | Q23: P | R23: P | T23: P | U23: P | W23: =COUNTIF(F23:V23,"P") -> 11 | X23: =COUNTIF(F23:V23,"A") -> 1 | Y23: % | Z23: =Z22/Z21 -> 0.068965517 | AA23: =AA22/AA21 -> 0.13333333 | AB23: =AB22/AB21 -> 0.098765432
A24: 20 | B24: 181 | C24: Eshaal | D24: M. Fahad | E24: ECE | F24: P | G24: P | I24: P | J24: A | K24: P | L24: P | M24: P | P24: P | Q24: P | R24: P | T24: P | U24: P | W24: =COUNTIF(F24:V24,"P") -> 11 | X24: =COUNTIF(F24:V24,"A") -> 1
A25: 21 | B25: 195 | C25: Rija Batool | D25: Ghulam Mehdi | E25: ECE | F25: A | G25: P | I25: P | J25: P | K25: P | L25: P | M25: A | P25: P | Q25: P | R25: P | T25: P | U25: P | W25: =COUNTIF(F25:V25,"P") -> 10 | X25: =COUNTIF(F25:V25,"A") -> 2
A26: 22 | B26: 183 | C26: Mustirah | D26: Faisal | E26: ECE | F26: P | G26: P | I26: P | J26: P | K26: P | L26: A | M26: P | P26: P | Q26: A | R26: P | T26: P | U26: A | W26: =COUNTIF(F26:V26,"P") -> 9 | X26: =COUNTIF(F26:V26,"A") -> 3
A27: 23 | B27: 170 | C27: Hoorain Noor | D27: Muhammad Akram | E27: ECE | F27: P | G27: P | I27: P | J27: P | K27: P | L27: P | M27: P | P27: P | Q27: P | R27: P | T27: P | U27: P | W27: =COUNTIF(F27:V27,"P") -> 12 | X27: =COUNTIF(F27:V27,"A") -> 0
A28: 1 | B28: 189 | C28: Zakria | D28: Iqramudin | E28: ECE | F28: P | G28: P | I28: P | J28: P | K28: P | L28: P | M28: P | P28: P | Q28: P | R28: P | T28: P | U28: P | W28: =COUNTIF(F28:V28,"P") -> 12 | X28: =COUNTIF(F28:V28,"A") -> 0
A29: 2 | B29: 99 | C29: Rehan Ali | D29: Abdul Rehman | E29: ECE | F29: A | G29: P | I29: P | J29: P | K29: P | L29: P | M29: P | P29: P | Q29: P | R29: P | T29: P | U29: P | W29: =COUNTIF(F29:V29,"P") -> 11 | X29: =COUNTIF(F29:V29,"A") -> 1
A30: 3 | B30: 98 | C30: Dilkash | D30: Faraz Hussain | E30: ECE | F30: P | G30: P | I30: P | J30: A | K30: P | L30: P | M30: P | P30: P | Q30: A | R30: P | T30: P | U30: P | W30: =COUNTIF(F30:V30,"P") -> 10 | X30: =COUNTIF(F30:V30,"A") -> 2
A31: 4 | B31: 136 | C31: Ali | D31: Saddam Hussain | E31: ECE | F31: P | G31: P | I31: A | J31: P | K31: P | L31: P | M31: P | P31: P | Q31: P | R31: P | T31: P | U31: P | W31: =COUNTIF(F31:V31,"P") -> 11 | X31: =COUNTIF(F31:V31,"A") -> 1
A32: 5 | B32: 139 | C32: Mohammad Aliyan | D32: Shabir Ahmed Bhutto | E32: ECE | F32: P | G32: P | I32: P | J32: P | K32: P | L32: P | M32: P | P32: P | Q32: P | R32: P | T32: P | U32: P | W32: =COUNTIF(F32:V32,"P") -> 12 | X32: =COUNTIF(F32:V32,"A") -> 0
A33: 6 | B33: 142 | C33: Muhammad Sahil | D33: Irshad Ali | E33: ECE | F33: A | G33: P | I33: P | J33: P | K33: P | L33: A | M33: P | P33: P | Q33: P | R33: P | T33: P | U33: P | W33: =COUNTIF(F33:V33,"P") -> 10 | X33: =COUNTIF(F33:V33,"A") -> 2
A34: 7 | B34: 144 | C34: Zaryab Sultan | D34: Muhammad Zaman | E34: ECE | F34: P | G34: P | I34: P | J34: P | K34: P | L34: P | M34: P | P34: P | Q34: P | R34: P | T34: P | U34: P | W34: =COUNTIF(F34:V34,"P") -> 12 | X34: =COUNTIF(F34:V34,"A") -> 0
A35: 8 | B35: 145 | C35: M. Ibrahim | D35: Fayaz Ali Ansari | E35: ECE | F35: P | G35: P | I35: P | J35: P | K35: P | L35: P | M35: P | P35: P | Q35: P | R35: P | T35: A | U35: P | W35: =COUNTIF(F35:V35,"P") -> 11 | X35: =COUNTIF(F35:V35,"A") -> 1
... A47: 20 | B47: 197 | C47: M. Raheel | D47: masoor ali | E47: ECE | F47: P | G47: P | I47: P | J47: P | K47: P | L47: A | M47: P | P47: P | Q47: P | R47: P | T47: P | U47: P | W47: =COUNTIF(F47:V47,"P") -> 11 | X47: =COUNTIF(F47:V47,"A") -> 1
A48: 21 | B48: 182 | C48: Amanullah | D48: Sajid Ahmed | E48: ECE | F48: P | G48: P | I48: P | J48: P | K48: P | L48: P | M48: P | P48: P | Q48: P | R48: P | T48: P | U48: P | W48: =COUNTIF(F48:V48,"P") -> 12 | X48: =COUNTIF(F48:V48,"A") -> 0 | Y48: 6+
A49: 22 | B49: 186 | C49: Ahmed Ali | D49: Asghar Ali | E49: ECE | F49: P | G49: P | I49: P | J49: P | K49: P | L49: P | M49: P | P49: P | Q49: P | R49: P | T49: P | U49: P | W49: =COUNTIF(F49:V49,"P") -> 12 | X49: =COUNTIF(F49:V49,"A") -> 0
A50: 23 | B50: 188 | C50: M. Qasim | D50: Abdul Hameed | E50: ECE | F50: P | G50: P | I50: P | J50: P | K50: A | L50: P | M50: P | P50: P | Q50: P | R50: P | T50: A | U50: P | W50: =COUNTIF(F50:V50,"P") -> 10 | X50: =COUNTIF(F50:V50,"A") -> 2
A51: 24 | B51: 184 | C51: Saifullah | D51: Farooq Ali | E51: ECE | F51: P | G51: P | I51: P | J51: P | K51: P | L51: P | M51: P | P51: P | Q51: P | R51: P | T51: P | U51: P | W51: =COUNTIF(F51:V51,"P") -> 12 | X51: =COUNTIF(F51:V51,"A") -> 0
A52: 25 | B52: 185 | C52: Ali Usman | D52: Ali | E52: ECE | F52: P | G52: P | I52: P | J52: P | K52: P | L52: P | M52: P | P52: P | Q52: P | R52: P | T52: P | U52: P | W52: =COUNTIF(F52:V52,"P") -> 12 | X52: =COUNTIF(F52:V52,"A") -> 0
A53: 26 | B53: 186 | C53: Ali Sher | D53: Rajab Ali | E53: ECE | F53: P | G53: P | I53: A | J53: P | K53: A | L53: P | M53: P | P53: A | Q53: P | R53: P | T53: P | U53: P | W53: =COUNTIF(F53:V53,"P") -> 9 | X53: =COUNTIF(F53:V53,"A") -> 3
A54: 27 | B54: 187 | C54: Abdullah | D54: Jameel Hussain | E54: ECE | F54: P | G54: P | I54: P | J54: P | K54: P | L54: P | M54: P | P54: P | Q54: P | R54: P | T54: P | U54: P | W54: =COUNTIF(F54:V54,"P") -> 12 | X54: =COUNTIF(F54:V54,"A") -> 0
A55: 28 | B55: 188 | C55: Israr | D55: Zulfiqar Ali | E55: ECE | F55: P | G55: P | I55: P | J55: P | K55: P | L55: P | M55: P | P55: P | Q55: P | R55: P | T55: P | U55: P | W55: =COUNTIF(F55:V55,"P") -> 12 | X55: =COUNTIF(F55:V55,"A") -> 0
A56: 29 | B56: 177 | C56: Abdul Hadi | D56: Muhammad Akram | E56: ECE | F56: P | G56: P | I56: P | J56: P | K56: P | L56: P | M56: P | P56: P | Q56: P | R56: P | T56: P | U56: A | W56: =COUNTIF(F56:V56,"P") -> 11 | X56: =COUNTIF(F56:V56,"A") -> 1
A57: 30 | B57: 191 | C57: Shahbaz Ali | D57: Muhammad Ibrahim | E57: ECE | F57: P | G57: P | I57: P | J57: A | K57: P | L57: P | M57: P | P57: P | Q57: P | R57: P | T57: P | U57: P | W57: =COUNTIF(F57:V57,"P") -> 11 | X57: =COUNTIF(F57:V57,"A") -> 1
A58: 31 | C58: Israr | D58: Jan Muhammad | E58: ECE | F58: P | G58: P | I58: P | J58: P | K58: P | L58: P | M58: P | P58: P | Q58: A | R58: P | T58: P | U58: P | W58: =COUNTIF(F58:V58,"P") -> 11 | X58: =COUNTIF(F58:V58,"A") -> 1

Sheet Class-1
A1: Goverment high school (SJCHS)
A2: Monthly Attendence Month of MAY-2025
A3: S.No | B3: GR | C3: Student Name | D3: Father Name | E3: Class | F3: =TEXT(F4,"ddd") -> Fri | G3: =TEXT(G4,"ddd") -> Sat | H3: =TEXT(H4,"ddd") -> Sun | I3: =TEXT(I4,"ddd") -> Mon | J3: =TEXT(J4,"ddd") -> Tue | K3: =TEXT(K4,"ddd") -> Wed | L3: =TEXT(L4,"ddd") -> Thu | M3: =TEXT(M4,"ddd") -> Fri | ... W3: =TEXT(W4,"ddd") -> Mon | X3: Present | Y3: Absent | Z3: Year 2024
F4: 45870 | G4: 45871 | H4: 45872 | I4: 45873 | J4: 45874 | K4: 45875 | L4: 45876 | M4: 45877 | N4: 45878 | O4: 45879 | P4: 45880 | Q4: 45881 | R4: 45882 | S4: 45883 | T4: 45884 | U4: 45885 | V4: 45886 | W4: 45887 | Z4: Total days | AA4: =SUM(AA5:AA8) -> 30
A5: 1 | B5: 106 | C5: Alishba Batool | D5: Irfan Ali | E5: ONE | F5: A | G5: A | H5: Sunday Sunday Sunday Sunday | I5: P | J5: P | K5: P | L5: P | M5: P | N5: URS SHAH ABDUL LATIF BITHAI | O5: Sunday Sunday Sunday Sunday | P5: P | Q5: P | R5: P | S5: INDEPENDENCE DAY | T5: P | U5: P | V5: Sunday Sunday Sunday Sunday | W5: A | X5: =COUNTIF(F5:W5,"P") -> 10 | Y5: =COUNTIF(F5:W5,"A") -> 3 | Z5: Working days | AA5: 26
A6: 2 | B6: 75 | C6: Amna | D6: Imtiaz Hussain | E6: ONE | F6: P | G6: P | I6: A | J6: P | K6: P | L6: P | M6: A | P6: P | Q6: P | R6: P | T6: P | U6: P | W6: P | X6: =COUNTIF(F6:W6,"P") -> 11 | Y6: =COUNTIF(F6:W6,"A") -> 2 | Z6: Sunday | AA6: 4
A7: 3 | B7: 109 | C7: Aniza Memon | D7: M. Qasim | E7: ONE | F7: A | G7: P | I7: P | J7: P | K7: P | L7: P | M7: P | P7: P | Q7: P | R7: P | T7: P | U7: P | W7: P | X7: =COUNTIF(F7:W7,"P") -> 12 | Y7: =COUNTIF(F7:W7,"A") -> 1
A8: 4 | B8: 49 | C8: Areeba | D8: Altaf Hussain | E8: ONE | F8: A | G8: A | I8: P | J8: P | K8: P | L8: P | M8: P | P8: P | Q8: A | R8: P | T8: P | U8: P | W8: P | X8: =COUNTIF(F8:W8,"P") -> 10 | Y8: =COUNTIF(F8:W8,"A") -> 3
A9: 5 | B9: 104 | C9: Batool | D9: Amjad Ali | E9: ONE | F9: A | G9: A | I9: P | J9: A | K9: P | L9: P | M9: P | P9: P | Q9: P | R9: P | T9: P | U9: P | W9: P | X9: =COUNTIF(F9:W9,"P") -> 10 | Y9: =COUNTIF(F9:W9,"A") -> 3
A10: 6 | B10: 88 | C10: Dua | D10: Khalid Hussain | E10: ONE | F10: P | G10: A | I10: P | J10: P | K10: P | L10: P | M10: P | P10: P | Q10: P | R10: P | T10: A | U10: P | W10: P | X10: =COUNTIF(F10:W10,"P") -> 11 | Y10: =COUNTIF(F10:W10,"A") -> 2
A11: 7 | B11: 59 | C11: Faiza | D11: Liaqat Ali | E11: ONE | F11: A | G11: A | I11: P | J11: P | K11: P | L11: P | M11: A | P11: P | Q11: P | R11: P | T11: P | U11: P | W11: P | X11: =COUNTIF(F11:W11,"P") -> 10 | Y11: =COUNTIF(F11:W11,"A") -> 3 | Z11: Present Days Detail
A12: 8 | B12: 83 | C12: Fatima | D12: Aziz-ur-Rehman | E12: ONE | F12: A | G12: A | I12: P | J12: P | K12: P | L12: P | M12: P | P12: P | Q12: P | R12: P | T12: P | U12: P | W12: P | X12: =COUNTIF(F12:W12,"P") -> 11 | Y12: =COUNTIF(F12:W12,"A") -> 2 | Z12: Detail | AA12: Boys | AB12: Girls | AC12: Total
A13: 9 | B13: 89 | C13: Hafsa | D13: Hafeezullah | E13: ONE | F13: A | G13: A | I13: P | J13: P | K13: A | L13: P | M13: P | P13: P | Q13: P | R13: P | T13: P | U13: P | W13: P | X13: =COUNTIF(F13:W13,"P") -> 10 | Y13: =COUNTIF(F13:W13,"A") -> 3 | Z13: Due Present days | AA13: =32*$AA$5 -> 832 | AB13: =24*$AA$5 -> 624 | AC13: =SUM(AA13:AB13) -> 1456
A14: 10 | B14: 86 | C14: Insha Arzoo | D14: Meeral | E14: ONE | F14: A | G14: A | I14: P | J14: P | K14: P | L14: P | M14: P | P14: P | Q14: A | R14: P | T14: P | U14: P | W14: A | X14: =COUNTIF(F14:W14,"P") -> 9 | Y14: =COUNTIF(F14:W14,"A") -> 4 | Z14: Actual present days | AA14: =SUM(X31:X61) -> 317 | AB14: =SUM(X5:X30) -> 270 | AC14: =AA14+AB14 -> 587
A15: 11 | B15: 105 | C15: Kauser Fatima | D15: Amir Jamil | E15: ONE | F15: A | G15: A | I15: P | J15: P | K15: P | L15: P | M15: P | P15: A | Q15: P | R15: P | T15: P | U15: P | W15: P | X15: =COUNTIF(F15:W15,"P") -> 10 | Y15: =COUNTIF(F15:W15,"A") -> 3 | Z15: % | AA15: =AA14/AA13 -> 0.38100962 | AB15: =AB14/AB13 -> 0.43269231 | AC15: =AC14/AC13 -> 0.40315934
A16: 12 | B16: 84 | C16: Minha | D16: M. Luqman | E16: ONE | F16: A | G16: P | I16: P | J16: A | K16: P | L16: P | M16: P | P16: P | Q16: P | R16: P | T16: P | U16: P | W16: P | X16: =COUNTIF(F16:W16,"P") -> 11 | Y16: =COUNTIF(F16:W16,"A") -> 2
A17: 13 | B17: 85 | C17: Misbah Bhutto | D17: M. Azeem | E17: ONE | F17: A | G17: A | I17: P | J17: P | K17: P | L17: P | M17: A | P17: P | Q17: P | R17: A | T17: P | U17: P | W17: P | X17: =COUNTIF(F17:W17,"P") -> 9 | Y17: =COUNTIF(F17:W17,"A") -> 4
A18: 14 | B18: 102 | C18: Rimsha | D18: Meer Ameer-ud-Din | E18: ONE | F18: P | G18: A | I18: P | J18: P | K18: P | L18: P | M18: P | P18: P | Q18: P | R18: P | T18: P | U18: A | W18: P | X18: =COUNTIF(F18:W18,"P") -> 11 | Y18: =COUNTIF(F18:W18,"A") -> 2
A19: 15 | B19: 87 | C19: Sidra Batool | D19: Muhammad Khan | E19: ONE | F19: A | G19: A | I19: P | J19: P | K19: P | L19: P | M19: P | P19: P | Q19: P | R19: P | T19: P | U19: P | W19: P | X19: =COUNTIF(F19:W19,"P") -> 11 | Y19: =COUNTIF(F19:W19,"A") -> 2 | Z19: Absent Days Details
A20: 16 | B20: 71 | C20: Sidra | D20: Khalid Hussain | E20: ONE | F20: A | G20: A | I20: P | J20: P | K20: A | L20: P | M20: P | P20: P | Q20: A | R20: P | T20: P | U20: P | W20: A | X20: =COUNTIF(F20:W20,"P") -> 8 | Y20: =COUNTIF(F20:W20,"A") -> 5 | Z20: Detail | AA20: Boys | AB20: Girls | AC20: Total
A21: 17 | B21: 81 | C21: Taniya Bibi | D21: Wazir Ali | E21: ONE | F21: P | G21: A | I21: P | J21: P | K21: P | L21: P | M21: P | P21: P | Q21: P | R21: P | T21: P | U21: P | W21: P | X21: =COUNTIF(F21:W21,"P") -> 12 | Y21: =COUNTIF(F21:W21,"A") -> 1 | Z21: Due Present days | AA21: =32*$AA$5 -> 832 | AB21: =24*$AA$5 -> 624 | AC21: =AA21+AB21 -> 1456
A22: 18 | B22: 82 | C22: Tanzeela | D22: Hizbullah | E22: ONE | F22: A | G22: A | I22: P | J22: P | K22: P | L22: P | M22: P | P22: P | Q22: P | R22: P | T22: P | U22: P | W22: P | X22: =COUNTIF(F22:W22,"P") -> 11 | Y22: =COUNTIF(F22:W22,"A") -> 2 | Z22: Absent days | AA22: =AA21-AA14 -> 515 | AB22: =AB21-AB14 -> 354 | AC22: =AA22+AB22 -> 869
A23: 19 | B23: 68 | C23: Tayaba Fatima | D23: Waseem Ahmed | E23: ONE | F23: A | G23: P | I23: P | J23: P | K23: P | L23: A | M23: P | P23: A | Q23: P | R23: P | T23: P | U23: P | W23: P | X23: =COUNTIF(F23:W23,"P") -> 10 | Y23: =COUNTIF(F23:W23,"A") -> 3 | Z23: % | AA23: =AA22/AA21 -> 0.61899038 | AB23: =AB22/AB21 -> 0.56730769 | AC23: =AC22/AC21 -> 0.59684066
A24: 20 | B24: 69 | C24: Tooba Noor | D24: M. Shareef | E24: ONE | F24: A | G24: A | I24: P | J24: P | K24: P | L24: P | M24: P | P24: P | Q24: P | R24: P | T24: P | U24: A | W24: P | X24: =COUNTIF(F24:W24,"P") -> 10 | Y24: =COUNTIF(F24:W24,"A") -> 3
A25: 21 | B25: 70 | C25: Umm-e-Kulsoom | D25: Shah Ali | E25: ONE | F25: A | G25: A | I25: P | J25: P | K25: P | L25: P | M25: P | P25: P | Q25: P | R25: P | T25: P | U25: P | W25: P | X25: 14 | Y25: =COUNTIF(F25:W25,"A") -> 2
A26: 22 | B26: 103 | C26: Zunaira | D26: Amjad Ali | E26: ONE | F26: A | G26: A | I26: P | J26: A | K26: P | L26: P | M26: P | P26: P | Q26: P | R26: P | T26: P | U26: P | W26: A | X26: =COUNTIF(F26:W26,"P") -> 9 | Y26: =COUNTIF(F26:W26,"A") -> 4
A27: 23 | B27: 149 | C27: Sahib Khatoon | D27: A. Qayoom | E27: ONE | F27: A | G27: A | I27: P | J27: P | K27: P | L27: P | M27: P | P27: P | Q27: P | R27: P | T27: P | U27: P | W27: P | X27: =COUNTIF(F27:W27,"P") -> 11 | Y27: =COUNTIF(F27:W27,"A") -> 2
A28: 24 | B28: 107 | C28: Mehrunisa | D28: Aijaz Ali | E28: ONE | F28: A | G28: A | I28: P | J28: P | K28: A | L28: P | M28: P | P28: P | Q28: A | R28: P | T28: P | U28: P | W28: A | X28: =COUNTIF(F28:W28,"P") -> 8 | Y28: =COUNTIF(F28:W28,"A") -> 5
A29: 25 | C29: Anusha | E29: ONE | F29: A | G29: A | I29: P | J29: P | K29: P | L29: P | M29: P | P29: P | Q29: P | R29: P | T29: A | U29: P | W29: P | X29: =COUNTIF(F29:W29,"P") -> 10 | Y29: =COUNTIF(F29:W29,"A") -> 3
A30: 26 | B30: 169 | C30: Parsa Batool | D30: Imran Ali | E30: ONE | F30: A | G30: A | I30: P | J30: P | K30: P | L30: P | M30: P | P30: P | Q30: P | R30: P | T30: P | U30: P | W30: P | X30: =COUNTIF(F30:W30,"P") -> 11 | Y30: =COUNTIF(F30:W30,"A") -> 2
A31: 1 | B31: 61 | C31: Abrar | D31: Jan Muhammad | E31: ONE | F31: P | G31: A | I31: P | J31: P | K31: A | L31: P | M31: P | P31: P | Q31: P | R31: P | T31: P | U31: P | W31: P | X31: =COUNTIF(F31:W31,"P") -> 11 | Y31: =COUNTIF(F31:W31,"A") -> 2
A32: 2 | B32: 79 | C32: Azan Shafeeque | D32: M. Shafeeque | E32: ONE | F32: A | G32: A | I32: P | J32: P | K32: P | L32: P | M32: P | P32: A | Q32: P | R32: P | T32: P | U32: P | W32: P | X32: =COUNTIF(F32:W32,"P") -> 10 | Y32: =COUNTIF(F32:W32,"A") -> 3
A33: 3 | B33: 16 | C33: Azan Fayaz | D33: Fayaz Hussain | E33: ONE | F33: A | G33: P | I33: A | J33: P | K33: P | L33: P | M33: P | P33: P | Q33: P | R33: P | T33: P | U33: P | W33: P | X33: =COUNTIF(F33:W33,"P") -> 11 | Y33: =COUNTIF(F33:W33,"A") -> 2
A34: 4 | B34: 78 | C34: Adil Ahmed | D34: Faiz Muhammad | E34: ONE | F34: A | G34: A | I34: P | J34: P | K34: P | L34: A | M34: P | P34: P | Q34: P | R34: P | T34: P | U34: A | W34: P | X34: =COUNTIF(F34:W34,"P") -> 9 | Y34: =COUNTIF(F34:W34,"A") -> 4
A35: 5 | B35: 76 | C35: Ab. Qudoos | D35: Sikandar | E35: ONE | F35: A | G35: A | I35: P | J35: P | K35: P | L35: P | M35: P | P35: P | Q35: P | R35: A | T35: P | U35: P | W35: A | X35: =COUNTIF(F35:W35,"P") -> 9 | Y35: =COUNTIF(F35:W35,"A") -> 4
A36: 6 | B36: 108 | C36: Arham | D36: Qasim Memon | E36: ONE | F36: A | G36: A | I36: P | J36: P | K36: P | L36: P | M36: P | P36: P | Q36: P | R36: P | T36: P | U36: P | W36: P | X36: =COUNTIF(F36:W36,"P") -> 11 | Y36: =COUNTIF(F36:W36,"A") -> 2
A37: 7 | B37: 131 | C37: Amar Farooque | D37: M. Farooque | E37: ONE | F37: A | G37: A | I37: P | J37: P | K37: A | L37: P | M37: P | P37: P | Q37: P | R37: P | T37: P | U37: P | W37: P | X37: =COUNTIF(F37:W37,"P") -> 10 | Y37: =COUNTIF(F37:W37,"A") -> 3
A38: 8 | B38: 101 | C38: Ashfaque | D38: M. Zubair | E38: ONE | F38: A | G38: A | I38: P | J38: P | K38: P | L38: P | M38: P | P38: P | Q38: A | R38: P | T38: P | U38: P | W38: P | X38: =COUNTIF(F38:W38,"P") -> 10 | Y38: =COUNTIF(F38:W38,"A") -> 3
A39: 9 | B39: 100 | C39: Fahad | D39: M. Maroof | E39: ONE | F39: A | G39: A | I39: P | J39: P | K39: P | L39: P | M39: P | P39: P | Q39: P | R39: P | T39: A | U39: P | W39: P | X39: =COUNTIF(F39:W39,"P") -> 10 | Y39: =COUNTIF(F39:W39,"A") -> 3
A40: 10 | B40: 90 | C40: Hussain | D40: Hafeezullah | E40: ONE | F40: A | G40: A | I40: P | J40: A | K40: P | L40: P | M40: P | P40: A | Q40: P | R40: P | T40: P | U40: P | W40: P | X40: =COUNTIF(F40:W40,"P") -> 9 | Y40: =COUNTIF(F40:W40,"A") -> 4
A41: 11 | B41: 73 | C41: Hassan Naveed | D41: Naveed Siddique | E41: ONE | F41: P | G41: A | I41: P | J41: P | K41: P | L41: P | M41: P | P41: P | Q41: P | R41: P | T41: P | U41: A | W41: P | X41: =COUNTIF(F41:W41,"P") -> 11 | Y41: =COUNTIF(F41:W41,"A") -> 2
... A61: 31 | B61: 97 | C61: Faheem | D61: M.Ibrahim | E61: ONE | F61: A | G61: A | I61: P | J61: A | K61: P | L61: P | M61: P | P61: P | Q61: P | R61: P | T61: P | U61: P | W61: P | X61: =COUNTIF(F61:W61,"P") -> 10 | Y61: =COUNTIF(F61:W61,"A") -> 3
A62: 32 | C62: Rayaan | E62: ONE | F62: A | G62: A | I62: P | J62: P | K62: P | L62: P | M62: P | P62: P | Q62: P | R62: P | T62: P | U62: P | W62: P | X62: =COUNTIF(F62:W62,"P") -> 11 | Y62: =COUNTIF(F62:W62,"A") -> 2
A63: 33 | C63: Shahzeb | D63: Ameer Saddam | E63: ONE | F63: P | G63: A | I63: P | J63: P | K63: P | L63: P | M63: P | P63: P | Q63: P | R63: P | T63: P | U63: P | W63: A | X63: =COUNTIF(F63:W63,"P") -> 11 | Y63: =COUNTIF(F63:W63,"A") -> 2

Sheet Class-2
A1: Goverment high school (SJCHS)
A2: Monthly Attendence Month of MAY-2025
A3: S.No | B3: GR | C3: Student Name | D3: Father Name | E3: Class | F3: =TEXT(F4,"ddd") -> Fri | G3: =TEXT(G4,"ddd") -> Sat | H3: =TEXT(H4,"ddd") -> Sun | I3: =TEXT(I4,"ddd") -> Mon | J3: =TEXT(J4,"ddd") -> Tue | K3: =TEXT(K4,"ddd") -> Wed | L3: =TEXT(L4,"ddd") -> Thu | M3: =TEXT(M4,"ddd") -> Fri | ... V3: =TEXT(V4,"ddd") -> Sun | W3: Present | X3: Absent | Y3: Year 2024
F4: 45870 | G4: 45871 | H4: 45872 | I4: 45873 | J4: 45874 | K4: 45875 | L4: 45876 | M4: 45877 | N4: 45878 | O4: 45879 | P4: 45880 | Q4: 45881 | R4: 45882 | S4: 45883 | T4: 45884 | U4: 45885 | V4: 45886 | Y4: Total days | Z4: =SUM(Z5:Z8) -> 30
A5: 1 | B5: 815 | C5: Anum | D5: M. Arif | E5: TWO | F5: P | G5: P | H5: Sunday Sunday Sunday sunday | I5: P | J5: P | K5: P | L5: P | M5: P | N5: URS SHAH ABDUL LATIF BITHAI | O5: Sunday Sunday Sunday sunday | P5: A | Q5: P | R5: P | S5: INDEPENDENCE DAY | T5: P | U5: P | V5: Sunday Sunday Sunday sunday | W5: =COUNTIF(F5:V5,"P") -> 11 | X5: =COUNTIF(F5:V5,"A") -> 1 | Y5: Working days | Z5: 26
A6: 2 | B6: 819 | C6: Amna | D6: Saeed Ahmed | E6: TWO | F6: A | G6: P | I6: A | J6: P | K6: P | L6: P | M6: P | P6: P | Q6: P | R6: P | T6: A | U6: P | W6: =COUNTIF(F6:V6,"P") -> 9 | X6: =COUNTIF(F6:V6,"A") -> 3 | Y6: Sunday | Z6: 4
A7: 3 | B7: 812 | C7: Adeeba | D7: Qurban Ali | E7: TWO | F7: P | G7: P | I7: P | J7: P | K7: P | L7: P | M7: P | P7: P | Q7: P | R7: P | T7: P | U7: P | W7: =COUNTIF(F7:V7,"P") -> 12 | X7: =COUNTIF(F7:V7,"A") -> 0
A8: 4 | B8: 801 | C8: Emaan Noor | D8: Noor Mohammad | E8: TWO | F8: P | G8: P | I8: P | J8: P | K8: A | L8: P | M8: P | P8: P | Q8: P | R8: P | T8: P | U8: P | W8: =COUNTIF(F8:V8,"P") -> 11 | X8: =COUNTIF(F8:V8,"A") -> 1
A9: 5 | B9: 828 | C9: Horain | D9: Saeed Ahmed | E9: TWO | F9: A | G9: P | I9: P | J9: P | K9: P | L9: P | M9: P | P9: P | Q9: P | R9: P | T9: P | U9: A | W9: =COUNTIF(F9:V9,"P") -> 10 | X9: =COUNTIF(F9:V9,"A") -> 2
A10: 6 | B10: 829 | C10: Hannah | D10: Luqman Ali | E10: TWO | F10: P | G10: P | I10: P | J10: P | K10: P | L10: P | M10: P | P10: A | Q10: P | R10: A | T10: P | U10: P | W10: =COUNTIF(F10:V10,"P") -> 10 | X10: =COUNTIF(F10:V10,"A") -> 2
A11: 7 | B11: 817 | C11: Hareem Fatima | D11: Deedar Ali | E11: TWO | F11: P | G11: P | I11: P | J11: P | K11: P | L11: P | M11: P | P11: P | Q11: P | R11: P | T11: P | U11: P | W11: =COUNTIF(F11:V11,"P") -> 12 | X11: =COUNTIF(F11:V11,"A") -> 0 | Y11: Detail | Z11: Boys | AA11: Girls | AB11: Total
A12: 8 | B12: 807 | C12: Maham Noor | D12: Zaheer Abbas | E12: TWO | F12: P | G12: P | I12: P | J12: P | K12: P | L12: P | M12: P | P12: P | Q12: P | R12: P | T12: P | U12: P | W12: =COUNTIF(F12:V12,"P") -> 12 | X12: =COUNTIF(F12:V12,"A") -> 0 | Y12: Due Present days | Z12: =32*$Z$5 -> 832 | AA12: =24*$Z$5 -> 624 | AB12: =SUM(Z12:AA12) -> 1456
A13: 9 | B13: 827 | C13: Maria | D13: Mehboob Ali | E13: TWO | F13: P | G13: P | I13: P | J13: P | K13: P | L13: P | M13: P | P13: P | Q13: P | R13: P | T13: A | U13: P | W13: =COUNTIF(F13:V13,"P") -> 11 | X13: =COUNTIF(F13:V13,"A") -> 1 | Y13: Actual present days | Z13: =SUM(W25:W54) -> 337 | AA13: =SUM(W5:W24) -> 221 | AB13: =Z13+AA13 -> 558
A14: 10 | B14: 802 | C14: Mehreen | D14: M. Maroof | E14: TWO | F14: P | G14: P | I14: P | J14: P | K14: P | L14: P | M14: P | P14: P | Q14: P | R14: A | T14: P | U14: P | W14: =COUNTIF(F14:V14,"P") -> 11 | X14: =COUNTIF(F14:V14,"A") -> 1 | Y14: % | Z14: =Z13/Z12 -> 0.40504808 | AA14: =AA13/AA12 -> 0.35416667 | AB14: =AB13/AB12 -> 0.38324176
A15: 11 | C15: Mahira | D15: Arbab Ali | E15: TWO | F15: P | G15: A | I15: P | J15: P | K15: P | L15: P | M15: A | P15: P | Q15: P | R15: P | T15: P | U15: P | W15: =COUNTIF(F15:V15,"P") -> 10 | X15: =COUNTIF(F15:V15,"A") -> 2
A16: 12 | B16: 836 | C16: Meerab | D16: Yasir Ahmed | E16: TWO | F16: P | G16: P | I16: P | J16: P | K16: P | L16: P | M16: P | P16: P | Q16: P | R16: P | T16: P | U16: P | W16: =COUNTIF(F16:V16,"P") -> 12 | X16: =COUNTIF(F16:V16,"A") -> 0
A17: 13 | B17: 835 | C17: Qudsia Zehra | D17: Waheed Ali | E17: TWO | F17: P | G17: P | I17: P | J17: A | K17: P | L17: P | M17: P | P17: A | Q17: P | R17: P | T17: P | U17: P | W17: =COUNTIF(F17:V17,"P") -> 10 | X17: =COUNTIF(F17:V17,"A") -> 2
A18: 14 | C18: Paras | D18: Sadam | E18: TWO | F18: P | G18: P | I18: P | J18: P | K18: P | L18: P | M18: P | P18: P | Q18: P | R18: P | T18: P | U18: P | W18: =COUNTIF(F18:V18,"P") -> 12 | X18: =COUNTIF(F18:V18,"A") -> 0 | Y18: Absent Days Details
A19: 15 | B19: 892 | C19: Thamna Batool | D19: Shehzad | E19: TWO | F19: P | G19: P | I19: P | J19: P | K19: P | L19: P | M19: P | P19: P | Q19: P | R19: P | T19: P | U19: P | W19: =COUNTIF(F19:V19,"P") -> 12 | X19: =COUNTIF(F19:V19,"A") -> 0 | Y19: Detail | Z19: Boys | AA19: Girls | AB19: Total
A20: 16 | B20: 838 | C20: Tamana Fatima | D20: Shehzad | E20: TWO | F20: P | G20: P | I20: P | J20: P | K20: P | L20: P | M20: P | P20: P | Q20: P | R20: P | T20: P | U20: P | W20: =COUNTIF(F20:V20,"P") -> 12 | X20: =COUNTIF(F20:V20,"A") -> 0 | Y20: Due Present days | Z20: =32*$Z$5 -> 832 | AA20: =24*$Z$5 -> 624 | AB20: =Z20+AA20 -> 1456
A21: 17 | B21: 808 | C21: Haram | D21: Moien Khan | E21: TWO | F21: P | G21: P | I21: P | J21: P | K21: A | L21: P | M21: P | P21: P | Q21: A | R21: P | T21: P | U21: A | W21: =COUNTIF(F21:V21,"P") -> 9 | X21: =COUNTIF(F21:V21,"A") -> 3 | Y21: Absent days | Z21: =Z20-Z13 -> 495 | AA21: =AA20-AA13 -> 403 | AB21: =Z21+AA21 -> 898
A22: 18 | B22: 823 | C22: Zaiba Bakhtawar | D22: Hameed | E22: TWO | F22: P | G22: P | I22: P | J22: P | K22: P | L22: P | M22: P | P22: P | Q22: P | R22: P | T22: P | U22: P | W22: =COUNTIF(F22:V22,"P") -> 12 | X22: =COUNTIF(F22:V22,"A") -> 0
A23: 19 | B23: 793 | C23: Zainab | D23: A. Aziz | E23: TWO | F23: P | G23: P | I23: P | J23: P | K23: P | L23: P | M23: P | P23: P | Q23: P | R23: P | T23: P | U23: P | W23: =COUNTIF(F23:V23,"P") -> 12 | X23: =COUNTIF(F23:V23,"A") -> 0
A24: 20 | B24: 811 | C24: Zainab | D24: Zulfiqar | E24: TWO | F24: A | G24: P | I24: P | J24: P | K24: P | L24: P | M24: P | P24: P | Q24: P | R24: P | T24: P | U24: P | W24: =COUNTIF(F24:V24,"P") -> 11 | X24: =COUNTIF(F24:V24,"A") -> 1
A25: 1 | B25: 824 | C25: Arsalan | D25: Zulfiqar | E25: TWO | F25: P | G25: P | I25: P | J25: P | K25: A | L25: P | M25: P | P25: P | Q25: A | R25: P | T25: A | U25: P | W25: =COUNTIF(F25:V25,"P") -> 9 | X25: =COUNTIF(F25:V25,"A") -> 3
A26: 2 | B26: 791 | C26: Arsalan | D26: Faheem | E26: TWO | F26: P | G26: A | I26: P | J26: P | K26: P | L26: P | M26: P | P26: P | Q26: P | R26: P | T26: P | U26: P | W26: =COUNTIF(F26:V26,"P") -> 11 | X26: =COUNTIF(F26:V26,"A") -> 1
A27: 3 | B27: 809 | C27: Ahmed Nawaz | D27: Ali Nawaz | E27: TWO | F27: P | G27: P | I27: A | J27: P | K27: P | L27: P | M27: P | P27: P | Q27: P | R27: P | T27: P | U27: P | W27: =COUNTIF(F27:V27,"P") -> 11 | X27: =COUNTIF(F27:V27,"A") -> 1
A28: 4 | B28: 837 | C28: A. Malik | D28: Sohail | E28: TWO | F28: P | G28: P | I28: P | J28: P | K28: P | L28: P | M28: P | P28: P | Q28: P | R28: P | T28: P | U28: P | W28: =COUNTIF(F28:V28,"P") -> 12 | X28: =COUNTIF(F28:V28,"A") -> 0
A29: 5 | B29: 798 | C29: Abdullah | D29: Imtiaz | E29: TWO | F29: P | G29: P | I29: P | J29: P | K29: P | L29: P | M29: P | P29: P | Q29: P | R29: P | T29: P | U29: A | W29: =COUNTIF(F29:V29,"P") -> 11 | X29: =COUNTIF(F29:V29,"A") -> 1
A30: 6 | B30: 816 | C30: Aqeel | D30: A. Ghaffar | E30: TWO | F30: P | G30: P | I30: P | J30: P | K30: P | L30: P | M30: P | P30: P | Q30: P | R30: P | T30: P | U30: P | W30: =COUNTIF(F30:V30,"P") -> 12 | X30: =COUNTIF(F30:V30,"A") -> 0
A31: 7 | C31: A. Qadir | D31: A. Hammad | E31: TWO | F31: P | G31: A | I31: P | J31: A | K31: P | L31: P | M31: P | P31: A | Q31: P | R31: P | T31: P | U31: P | W31: =COUNTIF(F31:V31,"P") -> 9 | X31: =COUNTIF(F31:V31,"A") -> 3
A32: 8 | B32: 795 | C32: Asghar Ali | D32: Akbar Ali | E32: TWO | F32: P | G32: P | I32: P | J32: P | K32: P | L32: P | M32: P | P32: P | Q32: P | R32: P | T32: P | U32: P | W32: =COUNTIF(F32:V32,"P") -> 12 | X32: =COUNTIF(F32:V32,"A") -> 0
A33: 9 | B33: 821 | C33: Hasaan | D33: Manzoor | E33: TWO | F33: P | G33: P | I33: P | J33: P | K33: P | L33: P | M33: P | P33: P | Q33: P | R33: P | T33: A | U33: P | W33: =COUNTIF(F33:V33,"P") -> 11 | X33: =COUNTIF(F33:V33,"A") -> 1
A34: 10 | B34: 776 | C34: Hammad | D34: Rehmatullah | E34: TWO | F34: P | G34: P | I34: P | J34: P | K34: P | L34: P | M34: P | P34: P | Q34: P | R34: P | T34: P | U34: P | W34: =COUNTIF(F34:V34,"P") -> 12 | X34: =COUNTIF(F34:V34,"A") -> 0
A35: 11 | B35: 820 | C35: Hammad | D35: Shahid | E35: TWO | F35: A | G35: P | I35: P | J35: P | K35: A | L35: P | M35: P | P35: P | Q35: A | R35: P | T35: P | U35: P | W35: =COUNTIF(F35:V35,"P") -> 9 | X35: =COUNTIF(F35:V35,"A") -> 3
A36: 12 | B36: 832 | C36: Hussain | D36: A. Bakar | E36: TWO | F36: P | G36: P | I36: P | J36: P | K36: P | L36: P | M36: P | P36: P | Q36: P | R36: P | T36: P | U36: P | W36: =COUNTIF(F36:V36,"P") -> 12 | X36: =COUNTIF(F36:V36,"A") -> 0
A37: 13 | B37: 818 | C37: Haseeb | D37: Saeed | E37: TWO | F37: P | G37: P | I37: P | J37: P | K37: P | L37: P | M37: P | P37: P | Q37: P | R37: P | T37: P | U37: P | W37: =COUNTIF(F37:V37,"P") -> 12 | X37: =COUNTIF(F37:V37,"A") -> 0
A38: 14 | C38: Ismail | D38: M. Raheem | E38: TWO | F38: P | G38: P | I38: P | J38: P | K38: P | L38: P | M38: P | P38: P | Q38: P | R38: P | T38: P | U38: P | W38: =COUNTIF(F38:V38,"P") -> 12 | X38: =COUNTIF(F38:V38,"A") -> 0
A39: 15 | B39: 825 | C39: M. Salar | D39: Saeed Ahmed | E39: TWO | F39: P | G39: P | I39: P | J39: P | K39: P | L39: A | M39: P | P39: P | Q39: P | R39: P | T39: P | U39: P | W39: =COUNTIF(F39:V39,"P") -> 11 | X39: =COUNTIF(F39:V39,"A") -> 1
A40: 16 | B40: 831 | C40: M. Umer | D40: A. Bakar | E40: TWO | F40: P | G40: P | I40: P | J40: P | K40: P | L40: P | M40: P | P40: P | Q40: A | R40: P | T40: P | U40: P | W40: =COUNTIF(F40:V40,"P") -> 11 | X40: =COUNTIF(F40:V40,"A") -> 1
A41: 17 | B41: 833 | C41: M. Mashab | D41: Hafizullah | E41: TWO | F41: P | G41: P | I41: P | J41: P | K41: P | L41: P | M41: P | P41: P | Q41: P | R41: P | T41: P | U41: P | W41: =COUNTIF(F41:V41,"P") -> 12 | X41: =COUNTIF(F41:V41,"A") -> 0
A42: 18 | B42: 830 | C42: M. Salman | D42: Waheed | E42: TWO | F42: P | G42: P | I42: P | J42: A | K42: P | L42: P | M42: P | P42: P | Q42: P | R42: P | T42: P | U42: P | W42: =COUNTIF(F42:V42,"P") -> 11 | X42: =COUNTIF(F42:V42,"A") -> 1
A43: 19 | B43: 813 | C43: M. Mairaj | D43: Sajad | E43: TWO | F43: P | G43: P | I43: P | J43: P | K43: P | L43: P | M43: P | P43: P | Q43: P | R43: P | T43: A | U43: P | W43: =COUNTIF(F43:V43,"P") -> 11 | X43: =COUNTIF(F43:V43,"A") -> 1
A44: 20 | C44: M. Talha | D44: Umair | E44: TWO | F44: P | G44: P | I44: P | J44: P | K44: P | L44: P | M44: P | P44: P | Q44: P | R44: P | T44: P | U44: P | W44: =COUNTIF(F44:V44,"P") -> 12 | X44: =COUNTIF(F44:V44,"A") -> 0
A45: 21 | B45: 804 | C45: M. Mudasir | D45: Hisbullah | E45: TWO | F45: P | G45: P | I45: P | J45: P | K45: P | L45: P | M45: P | P45: P | Q45: P | R45: P | T45: A | U45: P | W45: =COUNTIF(F45:V45,"P") -> 11 | X45: =COUNTIF(F45:V45,"A") -> 1
A46: 22 | B46: 794 | C46: M. Mubashir | D46: Meer Ameer | E46: TWO | F46: P | G46: P | I46: P | J46: A | K46: P | L46: P | M46: P | P46: P | Q46: P | R46: P | T46: P | U46: P | W46: =COUNTIF(F46:V46,"P") -> 11 | X46: =COUNTIF(F46:V46,"A") -> 1
A47: 23 | B47: 826 | C47: Muzzamil | D47: Mehboob | E47: TWO | F47: P | G47: P | I47: P | J47: P | K47: P | L47: P | M47: P | P47: P | Q47: P | R47: P | T47: P | U47: P | W47: =COUNTIF(F47:V47,"P") -> 12 | X47: =COUNTIF(F47:V47,"A") -> 0
A48: 24 | B48: 803 | C48: Muzammil | D48: Rana Bhutto | E48: TWO | F48: P | G48: P | I48: P | J48: P | K48: P | L48: P | M48: P | P48: P | Q48: P | R48: P | T48: P | U48: A | W48: =COUNTIF(F48:V48,"P") -> 11 | X48: =COUNTIF(F48:V48,"A") -> 1
A49: 25 | B49: 810 | C49: M. Taha | D49: Maqsood Ahmed | E49: TWO | F49: P | G49: P | I49: P | J49: P | K49: P | L49: A | M49: P | P49: P | Q49: P | R49: P | T49: P | U49: P | W49: =COUNTIF(F49:V49,"P") -> 11 | X49: =COUNTIF(F49:V49,"A") -> 1
A50: 26 | B50: 834 | C50: M. Azaan | D50: Akhtiar | E50: TWO | F50: P | G50: P | I50: P | J50: P | K50: P | L50: P | M50: P | P50: P | Q50: P | R50: P | T50: P | U50: P | W50: =COUNTIF(F50:V50,"P") -> 12 | X50: =COUNTIF(F50:V50,"A") -> 0
A51: 27 | B51: 806 | C51: Tanzaib Ali | D51: Shahid Ali | E51: TWO | F51: P | G51: P | I51: P | J51: P | K51: P | L51: P | M51: P | P51: P | Q51: P | R51: P | T51: P | U51: A | W51: =COUNTIF(F51:V51,"P") -> 11 | X51: =COUNTIF(F51:V51,"A") -> 1
A52: 28 | B52: 799 | C52: Umer | D52: Amaan | E52: TWO | F52: P | G52: P | I52: P | J52: P | K52: A | L52: P | M52: P | P52: P | Q52: P | R52: P | T52: P | U52: P | W52: =COUNTIF(F52:V52,"P") -> 11 | X52: =COUNTIF(F52:V52,"A") -> 1
A53: 29 | B53: 805 | C53: Tameer hussain | D53: Hafeezullah | E53: TWO | F53: P | G53: P | I53: P | J53: P | K53: P | L53: P | M53: P | P53: P | Q53: P | R53: P | T53: P | U53: P | W53: =COUNTIF(F53:V53,"P") -> 12 | X53: =COUNTIF(F53:V53,"A") -> 0
A54: 30 | C54: Zain Ali | D54: Altaf Hussian | E54: TWO | F54: P | G54: P | I54: P | J54: P | K54: P | L54: P | M54: P | P54: P | Q54: P | R54: P | T54: P | U54: P | W54: =COUNTIF(F54:V54,"P") -> 12 | X54: =COUNTIF(F54:V54,"A") -> 0

Sheet Class-3
A1: Goverment High School (SJCHS)
A2: Monthly Attendence Month of MAY-2025
A3: S.No | B3: GR | C3: Student Name | D3: Father Name | E3: Class | F3: =TEXT(F4,"ddd") -> Fri | G3: =TEXT(G4,"ddd") -> Sat | H3: =TEXT(H4,"ddd") -> Sun | I3: =TEXT(I4,"ddd") -> Mon | J3: =TEXT(J4,"ddd") -> Tue | K3: =TEXT(K4,"ddd") -> Wed | L3: =TEXT(L4,"ddd") -> Thu | M3: =TEXT(M4,"ddd") -> Fri | ... V3: =TEXT(V4,"ddd") -> Sun | W3: Present | X3: Absent | Y3: Year 2024
F4: 45870 | G4: 45871 | H4: 45872 | I4: 45873 | J4: 45874 | K4: 45875 | L4: 45876 | M4: 45877 | N4: 45878 | O4: 45879 | P4: 45880 | Q4: 45881 | R4: 45882 | S4: 45883 | T4: 45884 | U4: 45885 | V4: 45886 | Y4: Total days | Z4: =SUM(Z5:Z8) -> 30
A5: 1 | B5: 772 | C5: Abiha Zehra | D5: Ab. Mateen | E5: Three | F5: A | G5: P | H5: SUNDAY SUNDAY SUNDAY SUNDAY | I5: P | J5: P | K5: P | L5: P | M5: P | N5: URS SHAH ABDUL LATIF BITHAI | O5: SUNDAY SUNDAY SUNDAY SUNDAY | P5: P | Q5: P | R5: P | S5: INDEPENDENCE DAY | T5: A | U5: P | V5: SUNDAY SUNDAY SUNDAY SUNDAY | W5: =COUNTIF(F5:V5,"P") -> 10 | X5: =COUNTIF(F5:V5,"A") -> 2 | Y5: Working days | Z5: 26
A6: 2 | B6: 673 | C6: Aleena Zia | D6: Khuda Baksh | E6: Three | F6: P | G6: P | I6: A | J6: P | K6: A | L6: P | M6: P | P6: P | Q6: P | R6: P | T6: P | U6: P | W6: =COUNTIF(F6:V6,"P") -> 10 | X6: =COUNTIF(F6:V6,"A") -> 2 | Y6: Sunday | Z6: 4
A7: 3 | B7: 6523 | C7: Anumta Jamali | D7: Zaheer Abbas | E7: Three | F7: P | G7: P | I7: P | J7: P | K7: P | L7: P | M7: P | P7: P | Q7: A | R7: P | T7: P | U7: P | W7: =COUNTIF(F7:V7,"P") -> 11 | X7: =COUNTIF(F7:V7,"A") -> 1
A8: 4 | B8: 665 | C8: Ayat | D8: Faiq Ali | E8: Three | F8: P | G8: P | I8: P | J8: P | K8: P | L8: P | M8: P | P8: P | Q8: P | R8: P | T8: P | U8: P | W8: =COUNTIF(F8:V8,"P") -> 12 | X8: =COUNTIF(F8:V8,"A") -> 0
A9: 5 | B9: 656 | C9: Ayesha | D9: Ali Muhammad | E9: Three | F9: P | G9: A | I9: P | J9: P | K9: A | L9: P | M9: P | P9: P | Q9: P | R9: P | T9: P | U9: A | W9: =COUNTIF(F9:V9,"P") -> 9 | X9: =COUNTIF(F9:V9,"A") -> 3
A10: 6 | B10: 910 | C10: Ayesha | D10: Zulfiqar | E10: Three | F10: P | G10: P | I10: P | J10: P | K10: P | L10: P | M10: P | P10: P | Q10: P | R10: P | T10: P | U10: P | W10: =COUNTIF(F10:V10,"P") -> 12 | X10: =COUNTIF(F10:V10,"A") -> 0
A11: 7 | B11: 679 | C11: Dua | D11: Akbar Ali | E11: Three | F11: P | G11: A | I11: P | J11: P | K11: P | L11: P | M11: P | P11: P | Q11: P | R11: P | T11: P | U11: P | W11: =COUNTIF(F11:V11,"P") -> 11 | X11: =COUNTIF(F11:V11,"A") -> 1 | Y11: Present Days Detail
A12: 8 | B12: 675 | C12: Fiza | D12: Akbar Ali | E12: Three | F12: P | G12: P | I12: P | J12: A | K12: P | L12: P | M12: P | P12: P | Q12: P | R12: P | T12: P | U12: P | W12: =COUNTIF(F12:V12,"P") -> 11 | X12: =COUNTIF(F12:V12,"A") -> 1 | Y12: Detail | Z12: Boys | AA12: Girls | AB12: Total
A13: 9 | B13: 774 | C13: Jannat Fatima | D13: Zulfiqar | E13: Three | F13: P | G13: P | I13: P | J13: P | K13: P | L13: A | M13: P | P13: P | Q13: P | R13: P | T13: P | U13: P | W13: =COUNTIF(F13:V13,"P") -> 11 | X13: =COUNTIF(F13:V13,"A") -> 1 | Y13: Due Present days | Z13: =26*$Z$5 -> 676 | AA13: =26*$Z$5 -> 676 | AB13: =SUM(Z13:AA13) -> 1352
A14: 10 | B14: 655 | C14: Kashaf | D14: Abdul Rehman | E14: Three | F14: P | G14: A | I14: P | J14: P | K14: P | L14: P | M14: P | P14: P | Q14: P | R14: A | T14: P | U14: A | W14: =COUNTIF(F14:V14,"P") -> 9 | X14: =COUNTIF(F14:V14,"A") -> 3 | Y14: Actual present days | Z14: =SUM(W29:W52) -> 266 | AA14: =SUM(W5:W28) -> 263 | AB14: =Z14+AA14 -> 529
A15: 11 | B15: 653 | C15: Kashish | D15: M. Noman | E15: Three | F15: P | G15: P | I15: P | J15: P | K15: P | L15: P | M15: P | P15: P | Q15: P | R15: P | T15: P | U15: P | W15: =COUNTIF(F15:V15,"P") -> 12 | X15: =COUNTIF(F15:V15,"A") -> 0 | Y15: % | Z15: =Z14/Z13 -> 0.39349112 | AA15: =AA14/AA13 -> 0.38905325 | AB15: =AB14/AB13 -> 0.39127219
A16: 12 | B16: 657 | C16: Masooma | D16: M. Raheem | E16: Three | F16: A | G16: P | I16: P | J16: P | K16: A | L16: P | M16: P | P16: P | Q16: P | R16: P | T16: P | U16: P | W16: =COUNTIF(F16:V16,"P") -> 10 | X16: =COUNTIF(F16:V16,"A") -> 2
A17: 13 | B17: 672 | C17: Muneeza | D17: Mir Amirudin | E17: Three | F17: P | G17: P | I17: P | J17: P | K17: P | L17: P | M17: P | P17: P | Q17: P | R17: P | T17: P | U17: P | W17: =COUNTIF(F17:V17,"P") -> 12 | X17: =COUNTIF(F17:V17,"A") -> 0
A18: 14 | B18: 702 | C18: Nayyara | D18: Khalid Hussain | E18: Three | F18: P | G18: P | I18: P | J18: P | K18: P | L18: P | M18: P | P18: P | Q18: P | R18: P | T18: P | U18: P | W18: =COUNTIF(F18:V18,"P") -> 12 | X18: =COUNTIF(F18:V18,"A") -> 0
A19: 15 | B19: 659 | C19: Rashida | D19: Sajjad Ahmed | E19: Three | F19: P | G19: P | I19: P | J19: P | K19: P | L19: P | M19: P | P19: P | Q19: P | R19: P | T19: P | U19: P | W19: =COUNTIF(F19:V19,"P") -> 12 | X19: =COUNTIF(F19:V19,"A") -> 0 | Y19: Absent Days Details
A20: 16 | B20: 661 | C20: Rubab Zahra | D20: Abdul Aziz | E20: Three | F20: P | G20: P | I20: P | J20: A | K20: P | L20: P | M20: P | P20: P | Q20: A | R20: P | T20: P | U20: P | W20: =COUNTIF(F20:V20,"P") -> 10 | X20: =COUNTIF(F20:V20,"A") -> 2 | Y20: Detail | Z20: Boys | AA20: Girls | AB20: Total
A21: 17 | B21: 522 | C21: Soha Jamali | D21: Sajid Ali | E21: Three | F21: A | G21: A | I21: P | J21: P | K21: P | L21: P | M21: P | P21: P | Q21: P | R21: P | T21: P | U21: P | W21: =COUNTIF(F21:V21,"P") -> 10 | X21: =COUNTIF(F21:V21,"A") -> 2 | Y21: Due Present days | Z21: =26*$Z$5 -> 676 | AA21: =26*$Z$5 -> 676 | AB21: =Z21+AA21 -> 1352
A22: 18 | B22: 654 | C22: Sehar Fatima | D22: Altaf Hussain | E22: Three | F22: P | G22: P | I22: P | J22: P | K22: P | L22: P | M22: P | P22: P | Q22: P | R22: P | T22: P | U22: P | W22: =COUNTIF(F22:V22,"P") -> 12 | X22: =COUNTIF(F22:V22,"A") -> 0 | Y22: Absent days | Z22: =Z21-Z14 -> 410 | AA22: =AA21-AA14 -> 413 | AB22: =Z22+AA22 -> 823
A23: 19 | B23: 660 | C23: Saba | D23: Asif | E23: Three | F23: P | G23: P | I23: P | J23: P | K23: P | L23: A | M23: P | P23: P | Q23: P | R23: P | T23: P | U23: P | W23: =COUNTIF(F23:V23,"P") -> 11 | X23: =COUNTIF(F23:V23,"A") -> 1 | Y23: % | Z23: =Z22/Z21 -> 0.60650888 | AA23: =AA22/AA21 -> 0.61094675 | AB23: =AB22/AB21 -> 0.60872781
A24: 20 | B24: 841 | C24: Sehrish | D24: Fida Hussain | E24: Three | F24: P | G24: P | I24: P | J24: P | K24: P | L24: P | M24: P | P24: P | Q24: A | R24: P | T24: P | U24: P | W24: =COUNTIF(F24:V24,"P") -> 11 | X24: =COUNTIF(F24:V24,"A") -> 1
A25: 21 | B25: 676 | C25: Tahreem Fatima | D25: Khalid Hussain | E25: Three | F25: A | G25: P | I25: P | J25: P | K25: P | L25: P | M25: P | P25: P | Q25: P | R25: P | T25: P | U25: P | W25: =COUNTIF(F25:V25,"P") -> 11 | X25: =COUNTIF(F25:V25,"A") -> 1
A26: 22 | B26: 658 | C26: Taskeen | D26: Amjad Ali | E26: Three | F26: P | G26: P | I26: P | J26: P | K26: A | L26: P | M26: P | P26: P | Q26: P | R26: P | T26: P | U26: P | W26: =COUNTIF(F26:V26,"P") -> 11 | X26: =COUNTIF(F26:V26,"A") -> 1
A27: 23 | C27: Muntasha Almas | E27: Three | F27: P | G27: P | I27: P | J27: P | K27: P | L27: P | M27: P | P27: P | Q27: P | R27: P | T27: P | U27: P | W27: =COUNTIF(F27:V27,"P") -> 12 | X27: =COUNTIF(F27:V27,"A") -> 0
A28: 24 | B28: 785 | C28: Zainab | D28: Sikandar | E28: Three | F28: P | G28: P | I28: P | J28: P | K28: P | L28: P | M28: P | P28: P | Q28: A | R28: P | T28: P | U28: P | W28: =COUNTIF(F28:V28,"P") -> 11 | X28: =COUNTIF(F28:V28,"A") -> 1
A29: 1 | B29: 700 | C29: Abdul Rehman | D29: Sajid Ali | E29: Three | F29: A | G29: P | I29: P | J29: A | K29: P | L29: P | M29: P | P29: P | Q29: P | R29: P | T29: P | U29: P | W29: =COUNTIF(F29:V29,"P") -> 10 | X29: =COUNTIF(F29:V29,"A") -> 2
A30: 2 | B30: 680 | C30: Abdul Wahab | D30: Abdul Hafeez | E30: Three | F30: P | G30: P | I30: P | J30: P | K30: P | L30: P | M30: P | P30: P | Q30: P | R30: P | T30: P | U30: P | W30: =COUNTIF(F30:V30,"P") -> 12 | X30: =COUNTIF(F30:V30,"A") -> 0
A31: 3 | B31: 650 | C31: Abdullah | D31: Riazuddin | E31: Three | F31: P | G31: P | I31: P | J31: P | K31: P | L31: P | M31: P | P31: A | Q31: P | R31: P | T31: P | U31: P | W31: =COUNTIF(F31:V31,"P") -> 11 | X31: =COUNTIF(F31:V31,"A") -> 1
A32: 4 | B32: 911 | C32: Burair Abbas | D32: Azhar Abbas | E32: Three | F32: P | G32: P | I32: P | J32: P | K32: P | L32: P | M32: P | P32: P | Q32: P | R32: P | T32: P | U32: P | W32: =COUNTIF(F32:V32,"P") -> 12 | X32: =COUNTIF(F32:V32,"A") -> 0
A33: 5 | B33: 683 | C33: Faizan | D33: Lutfullah | E33: Three | F33: P | G33: P | I33: P | J33: P | K33: A | L33: P | M33: P | P33: P | Q33: P | R33: P | T33: P | U33: P | W33: =COUNTIF(F33:V33,"P") -> 11 | X33: =COUNTIF(F33:V33,"A") -> 1
A34: 6 | B34: 662 | C34: Fayaz | D34: Samano Khan | E34: Three | F34: A | G34: P | I34: P | J34: P | K34: P | L34: P | M34: P | P34: P | Q34: P | R34: P | T34: P | U34: P | W34: =COUNTIF(F34:V34,"P") -> 11 | X34: =COUNTIF(F34:V34,"A") -> 1
A35: 7 | B35: 681 | C35: Ghulam Abbas | D35: Kamran Ali | E35: Three | F35: P | G35: A | I35: P | J35: P | K35: P | L35: P | M35: P | P35: P | Q35: A | R35: P | T35: P | U35: P | W35: =COUNTIF(F35:V35,"P") -> 10 | X35: =COUNTIF(F35:V35,"A") -> 2
A36: 8 | B36: 664 | C36: Ghulam Mehdi | D36: Rizwan | E36: Three | F36: P | G36: P | I36: P | J36: P | K36: P | L36: P | M36: P | P36: P | Q36: P | R36: P | T36: P | U36: P | W36: =COUNTIF(F36:V36,"P") -> 12 | X36: =COUNTIF(F36:V36,"A") -> 0
A37: 9 | B37: 663 | C37: Hammad Ali | D37: Sajjad Ali | E37: Three | F37: P | G37: P | I37: P | J37: P | K37: P | L37: A | M37: P | P37: P | Q37: P | R37: P | T37: P | U37: P | W37: =COUNTIF(F37:V37,"P") -> 11 | X37: =COUNTIF(F37:V37,"A") -> 1
A38: 10 | B38: 771 | C38: Haris | D38: Akbar Ali | E38: Three | F38: P | G38: P | I38: P | J38: P | K38: P | L38: P | M38: P | P38: P | Q38: P | R38: P | T38: P | U38: P | W38: =COUNTIF(F38:V38,"P") -> 12 | X38: =COUNTIF(F38:V38,"A") -> 0
A39: 11 | B39: 773 | C39: Hussain | D39: Zaheer Abbas | E39: Three | F39: P | G39: A | I39: P | J39: P | K39: P | L39: P | M39: P | P39: P | Q39: P | R39: A | T39: P | U39: P | W39: =COUNTIF(F39:V39,"P") -> 10 | X39: =COUNTIF(F39:V39,"A") -> 2
... A49: 21 | B49: 677 | C49: Samiullah | D49: Mohammad Shareef | E49: Three | F49: A | G49: P | I49: P | J49: P | K49: P | L49: P | M49: P | P49: P | Q49: P | R49: P | T49: P | U49: P | W49: =COUNTIF(F49:V49,"P") -> 11 | X49: =COUNTIF(F49:V49,"A") -> 1
A50: 22 | C50: Umar | D50: Irfan Ali | E50: Three | F50: P | G50: P | I50: P | J50: P | K50: A | L50: P | M50: P | P50: P | Q50: A | R50: P | T50: P | U50: P | W50: =COUNTIF(F50:V50,"P") -> 10 | X50: =COUNTIF(F50:V50,"A") -> 2
A51: 23 | C51: Ihram khan | E51: Three | F51: P | G51: P | I51: P | J51: P | K51: P | L51: P | M51: P | P51: P | Q51: P | R51: P | T51: P | U51: P | W51: =COUNTIF(F51:V51,"P") -> 12 | X51: =COUNTIF(F51:V51,"A") -> 0
A52: 24 | B52: 783 | C52: Zain | D52: Zahid Ali | E52: Three | F52: P | G52: P | I52: P | J52: P | K52: P | L52: P | M52: P | P52: A | Q52: P | R52: P | T52: P | U52: P | W52: =COUNTIF(F52:V52,"P") -> 11 | X52: =COUNTIF(F52:V52,"A") -> 1

Sheet Class-4
A1: Goverment high school (SJCHS)
A2: Monthly Attendence Month of MAY-2025
A3: S.No | B3: GR | C3: Student Name | D3: Father Name | E3: Class | F3: =TEXT(F4,"ddd") -> Fri | G3: =TEXT(G4,"ddd") -> Sat | H3: =TEXT(H4,"ddd") -> Sun | I3: =TEXT(I4,"ddd") -> Mon | J3: =TEXT(J4,"ddd") -> Tue | K3: =TEXT(K4,"ddd") -> Wed | L3: =TEXT(L4,"ddd") -> Thu | M3: =TEXT(M4,"ddd") -> Fri | ... V3: =TEXT(V4,"ddd") -> Sun | W3: Present | X3: Absent | Y3: Year 2024
F4: 45870 | G4: 45871 | H4: 45872 | I4: 45873 | J4: 45874 | K4: 45875 | L4: 45876 | M4: 45877 | N4: 45878 | O4: 45879 | P4: 45880 | Q4: 45881 | R4: 45882 | S4: 45883 | T4: 45884 | U4: 45885 | V4: 45886 | Y4: Total days | Z4: =SUM(Z5:Z7) -> 26
A5: 1 | B5: 646 | C5: Abbas Ali | D5: Deedar Ali | E5: Four | F5: P | G5: P | H5: Sunday Sunday Sunday Sunday | I5: P | J5: P | K5: P | L5: P | M5: A | N5: URS SHAH ABDUL LATIF BITHAI | O5: Sunday Sunday Sunday Sunday | P5: A | Q5: P | R5: P | S5: INDEPENDENCE DAY | T5: P | U5: P | V5: Sunday Sunday Sunday Sunday | W5: =COUNTIF(F5:V5,"P") -> 10 | X5: =COUNTIF(F5:V5,"A") -> 2 | Y5: Working days | Z5: 26
A6: 2 | B6: 684 | C6: Abdul Rahim | D6: Abdul Hafeez | E6: Four | F6: A | G6: P | I6: P | J6: P | K6: P | L6: P | M6: P | P6: P | Q6: P | R6: P | T6: P | U6: P | W6: =COUNTIF(F6:V6,"P") -> 11 | X6: =COUNTIF(F6:V6,"A") -> 1
A7: 3 | B7: 551 | C7: Abdullah | D7: Munawar Ali | E7: Four | F7: P | G7: P | I7: P | J7: P | K7: P | L7: P | M7: P | P7: P | Q7: P | R7: P | T7: P | U7: P | W7: =COUNTIF(F7:V7,"P") -> 12 | X7: =COUNTIF(F7:V7,"A") -> 0
A8: 4 | B8: 490 | C8: Abdul Qudoos | D8: Waheed Ahmed | E8: Four | F8: P | G8: P | I8: P | J8: P | K8: P | L8: P | M8: P | P8: P | Q8: A | R8: P | T8: P | U8: P | W8: =COUNTIF(F8:V8,"P") -> 11 | X8: =COUNTIF(F8:V8,"A") -> 1
A9: 5 | B9: 647 | C9: Ali Haider | D9: Akber Ali | E9: Four | F9: P | G9: A | I9: P | J9: P | K9: P | L9: P | M9: A | P9: P | Q9: P | R9: P | T9: P | U9: P | W9: =COUNTIF(F9:V9,"P") -> 10 | X9: =COUNTIF(F9:V9,"A") -> 2
A10: 6 | B10: 908 | C10: Atteeque ur Rehman | D10: Raffique Ahmed | E10: Four | F10: P | G10: P | I10: P | J10: P | K10: P | L10: P | M10: P | P10: P | Q10: P | R10: P | T10: P | U10: P | W10: =COUNTIF(F10:V10,"P") -> 12 | X10: =COUNTIF(F10:V10,"A") -> 0 | Y10: Present Days Detail
A11: 7 | B11: 585 | C11: Aqib Ali | D11: Abdul Ghaffar | E11: Four | F11: P | G11: P | I11: P | J11: P | K11: P | L11: P | M11: P | P11: P | Q11: P | R11: P | T11: P | U11: P | W11: =COUNTIF(F11:V11,"P") -> 12 | X11: =COUNTIF(F11:V11,"A") -> 0 | Y11: Detail | Z11: Boys | AA11: Girls | AB11: Total
A12: 8 | B12: 555 | C12: Ayaz Ali | D12: Arbab Ali | E12: Four | F12: P | G12: P | I12: P | J12: P | K12: P | L12: A | M12: P | P12: P | Q12: P | R12: A | T12: P | U12: P | W12: =COUNTIF(F12:V12,"P") -> 10 | X12: =COUNTIF(F12:V12,"A") -> 2 | Y12: Due Present days | Z12: =28*$Z$5 -> 728 | AA12: =24*$Z$5 -> 624 | AB12: =SUM(Z12:AA12) -> 1352
A13: 9 | B13: 691 | C13: Azan | D13: Nisar Ahmed | E13: Four | F13: A | G13: P | I13: P | J13: P | K13: P | L13: P | M13: P | P13: P | Q13: P | R13: P | T13: P | U13: P | W13: =COUNTIF(F13:V13,"P") -> 11 | X13: =COUNTIF(F13:V13,"A") -> 1 | Y13: Actual present days | Z13: =SUM(W5:W29) -> 277 | AA13: =SUM(W31:W53) -> 250 | AB13: =Z13+AA13 -> 527
A14: 10 | B14: 913 | C14: Muhammad Essa | D14: Sajid Ali | E14: Four | F14: P | G14: P | I14: P | J14: P | K14: P | L14: P | M14: P | P14: P | Q14: A | R14: P | T14: P | U14: P | W14: =COUNTIF(F14:V14,"P") -> 11 | X14: =COUNTIF(F14:V14,"A") -> 1 | Y14: % | Z14: =Z13/Z12 -> 0.38049451 | AA14: =AA13/AA12 -> 0.40064103 | AB14: =AB13/AB12 -> 0.3897929
A15: 11 | B15: 528 | C15: Faizan Ahmed | D15: Riaz Ahmed | E15: Four | F15: P | G15: P | I15: P | J15: P | K15: P | L15: P | M15: P | P15: P | Q15: P | R15: P | T15: P | U15: P | W15: =COUNTIF(F15:V15,"P") -> 12 | X15: =COUNTIF(F15:V15,"A") -> 0
A16: 12 | B16: 689 | C16: Haider Ali | D16: Imran Ali | E16: Four | F16: P | G16: P | I16: P | J16: P | K16: A | L16: P | M16: P | P16: P | Q16: P | R16: P | T16: P | U16: P | W16: =COUNTIF(F16:V16,"P") -> 11 | X16: =COUNTIF(F16:V16,"A") -> 1
A17: 13 | B17: 648 | C17: Meer Alam | D17: Dil Murad | E17: Four | F17: P | G17: P | I17: P | J17: P | K17: P | L17: P | M17: P | P17: P | Q17: P | R17: P | T17: P | U17: P | W17: =COUNTIF(F17:V17,"P") -> 12 | X17: =COUNTIF(F17:V17,"A") -> 0
A18: 14 | B18: 578 | C18: M. Ahsan | D18: M. Arif | E18: Four | F18: P | G18: A | I18: P | J18: P | K18: P | L18: P | M18: P | P18: A | Q18: P | R18: P | T18: P | U18: P | W18: =COUNTIF(F18:V18,"P") -> 10 | X18: =COUNTIF(F18:V18,"A") -> 2 | Y18: Absent Days Details
A19: 15 | B19: 573 | C19: M. Qasim | D19: Mohsin Ali | E19: Four | F19: P | G19: P | I19: P | J19: A | K19: P | L19: P | M19: P | P19: P | Q19: P | R19: P | T19: P | U19: P | W19: =COUNTIF(F19:V19,"P") -> 11 | X19: =COUNTIF(F19:V19,"A") -> 1 | Y19: Detail | Z19: Boys | AA19: Girls | AB19: Total
A20: 16 | B20: 479 | C20: M. Shayan | D20: Zulfiqar Ali | E20: Four | F20: P | G20: P | I20: P | J20: P | K20: P | L20: P | M20: P | P20: P | Q20: P | R20: P | T20: P | U20: P | W20: =COUNTIF(F20:V20,"P") -> 12 | X20: =COUNTIF(F20:V20,"A") -> 0 | Y20: Due Present days | Z20: =28*$Z$5 -> 728 | AA20: =24*$Z$5 -> 624 | AB20: =Z20+AA20 -> 1352
A21: 17 | B21: 575 | C21: M. Zawiyar | D21: Zulfiqar Ali Mangi | E21: Four | F21: P | G21: P | I21: P | J21: P | K21: P | L21: P | M21: P | P21: P | Q21: P | R21: P | T21: P | U21: P | W21: =COUNTIF(F21:V21,"P") -> 12 | X21: =COUNTIF(F21:V21,"A") -> 0 | Y21: Absent days | Z21: =Z20-Z13 -> 451 | AA21: =AA20-AA13 -> 374 | AB21: =Z21+AA21 -> 825
A22: 18 | B22: 586 | C22: Muneer Ahmed | D22: Ghous Bux | E22: Four | F22: P | G22: P | I22: P | J22: P | K22: P | L22: P | M22: P | P22: P | Q22: A | R22: P | T22: P | U22: P | W22: =COUNTIF(F22:V22,"P") -> 11 | X22: =COUNTIF(F22:V22,"A") -> 1 | Y22: % | Z22: =Z21/Z20 -> 0.61950549 | AA22: =AA21/AA20 -> 0.59935897 | AB22: =AB21/AB20 -> 0.6102071
A23: 19 | B23: 580 | C23: Saif Ali | D23: Riaz uddin Qureshi | E23: Four | F23: P | G23: A | I23: P | J23: P | K23: A | L23: P | M23: P | P23: P | Q23: P | R23: P | T23: P | U23: P | W23: =COUNTIF(F23:V23,"P") -> 10 | X23: =COUNTIF(F23:V23,"A") -> 2
A24: 20 | B24: 583 | C24: Shah Fahad | D24: M. Ibrahim | E24: Four | F24: P | G24: P | I24: P | J24: P | K24: P | L24: P | M24: P | P24: P | Q24: P | R24: P | T24: P | U24: A | W24: =COUNTIF(F24:V24,"P") -> 11 | X24: =COUNTIF(F24:V24,"A") -> 1
A25: 21 | B25: 480 | C25: Shehbaz Ali | D25: Zaheer Abbas | E25: Four | F25: P | G25: P | I25: P | J25: P | K25: P | L25: P | M25: P | P25: P | Q25: P | R25: P | T25: P | U25: P | W25: =COUNTIF(F25:V25,"P") -> 12 | X25: =COUNTIF(F25:V25,"A") -> 0
A26: 22 | B26: 576 | C26: Zain Ali | D26: Zaheer Abbas | E26: Four | F26: A | G26: P | I26: P | J26: P | K26: P | L26: P | M26: P | P26: P | Q26: A | R26: P | T26: P | U26: P | W26: =COUNTIF(F26:V26,"P") -> 10 | X26: =COUNTIF(F26:V26,"A") -> 2
A27: 23 | B27: 685 | C27: Zain Zulfiqar | D27: Zulfiqar Qureshi | E27: Four | F27: P | G27: P | I27: P | J27: P | K27: P | L27: A | M27: P | P27: P | Q27: P | R27: P | T27: P | U27: P | W27: =COUNTIF(F27:V27,"P") -> 11 | X27: =COUNTIF(F27:V27,"A") -> 1
A28: 24 | B28: 688 | C28: Zeeshan | D28: Muneer Ahmed | E28: Four | F28: P | G28: P | I28: P | J28: P | K28: P | L28: P | M28: P | P28: P | Q28: P | R28: P | T28: P | U28: A | W28: =COUNTIF(F28:V28,"P") -> 11 | X28: =COUNTIF(F28:V28,"A") -> 1
A29: 25 | B29: 546 | C29: Zeeshan | D29: M. Hussain | E29: Four | F29: P | G29: P | I29: P | J29: P | K29: P | L29: P | M29: P | P29: A | Q29: P | R29: P | T29: P | U29: P | W29: =COUNTIF(F29:V29,"P") -> 11 | X29: =COUNTIF(F29:V29,"A") -> 1
A30: 26 | B30: 472 | C30: Ali Jan | D30: M. Shafique somroo | E30: Four | F30: A | G30: P | I30: P | J30: A | K30: P | L30: P | M30: P | P30: P | Q30: P | R30: P | T30: P | U30: P | W30: =COUNTIF(F30:V30,"P") -> 10 | X30: =COUNTIF(F30:V30,"A") -> 2
A31: 1 | B31: 544 | C31: Anjuman | D31: Ab. Ghaffar | E31: Four | F31: P | G31: P | I31: P | J31: P | K31: P | L31: P | M31: P | P31: P | Q31: A | R31: P | T31: A | U31: P | W31: =COUNTIF(F31:V31,"P") -> 10 | X31: =COUNTIF(F31:V31,"A") -> 2
A32: 2 | B32: 780 | C32: Ayeza | D32: M. Ameen Solangi | E32: Four | F32: P | G32: P | I32: P | J32: P | K32: P | L32: P | M32: P | P32: P | Q32: P | R32: P | T32: P | U32: P | W32: =COUNTIF(F32:V32,"P") -> 12 | X32: =COUNTIF(F32:V32,"A") -> 0
A33: 3 | B33: 844 | C33: Bushra | D33: Farhan | E33: Four | F33: P | G33: A | I33: A | J33: P | K33: P | L33: P | M33: P | P33: P | Q33: P | R33: P | T33: P | U33: P | W33: =COUNTIF(F33:V33,"P") -> 10 | X33: =COUNTIF(F33:V33,"A") -> 2
A34: 4 | B34: 569 | C34: Dua Batool | D34: Muneer Ahmed Tahiri | E34: Four | F34: P | G34: P | I34: P | J34: P | K34: P | L34: P | M34: P | P34: P | Q34: P | R34: P | T34: P | U34: P | W34: =COUNTIF(F34:V34,"P") -> 12 | X34: =COUNTIF(F34:V34,"A") -> 0
... A53: 23 | B53: 572 | C53: Zainab Batool | D53: Mohsin Ali | E53: Four | F53: P | G53: P | I53: A | J53: P | K53: P | L53: P | M53: P | P53: P | Q53: P | R53: P | T53: A | U53: P | W53: =COUNTIF(F53:V53,"P") -> 10 | X53: =COUNTIF(F53:V53,"A") -> 2
A54: 24 | C54: Hooriya | E54: Four | F54: P | G54: P | I54: P | J54: P | K54: P | L54: P | M54: P | P54: P | Q54: P | R54: P | T54: P | U54: P | W54: =COUNTIF(F54:V54,"P") -> 12 | X54: =COUNTIF(F54:V54,"A") -> 0
A55: 25 | B55: 694 | C55: Ghulam sakina | D55: Raffique Ahmed | E55: Four | F55: P | G55: P | I55: P | J55: P | K55: P | L55: P | M55: P | P55: P | Q55: P | R55: P | T55: P | U55: P | W55: =COUNTIF(F55:V55,"P") -> 12 | X55: =COUNTIF(F55:V55,"A") -> 0
A56: 26 | B56: 612 | C56: Zoya Ahsan | D56: Ahsan ali | E56: Four | F56: P | G56: P | I56: A | J56: P | K56: P | L56: P | M56: P | P56: P | Q56: P | R56: P | T56: A | U56: P | W56: =COUNTIF(F56:V56,"P") -> 10 | X56: =COUNTIF(F56:V56,"A") -> 2

Sheet Class-5
A1: Goverment high school (SJCHS)
A2: Monthly Attendence Month of MAY-2025
A3: S.No | B3: GR | C3: Student Name | D3: Father Name | E3: Class | F3: =TEXT(F4,"ddd") -> Fri | G3: =TEXT(G4,"ddd") -> Sat | H3: =TEXT(H4,"ddd") -> Sun | I3: =TEXT(I4,"ddd") -> Mon | J3: =TEXT(J4,"ddd") -> Tue | K3: =TEXT(K4,"ddd") -> Wed | L3: =TEXT(L4,"ddd") -> Thu | M3: =TEXT(M4,"ddd") -> Fri | ... V3: =TEXT(V4,"ddd") -> Sun | W3: Present | X3: Absent | Y3: Year 2024
F4: 45870 | G4: 45871 | H4: 45872 | I4: 45873 | J4: 45874 | K4: 45875 | L4: 45876 | M4: 45877 | N4: 45878 | O4: 45879 | P4: 45880 | Q4: 45881 | R4: 45882 | S4: 45883 | T4: 45884 | U4: 45885 | V4: 45886 | Y4: Total days | Z4: =SUM(Z5:Z8) -> 30
A5: 1 | B5: 527 | C5: Aqeel Ahmed | D5: Najeebullah | E5: Five | F5: A | G5: P | H5: SUNDAY SUNDAY SUNDAY SUNDAY SUNDAY | I5: P | J5: P | K5: P | L5: P | M5: P | N5: URS SHAH ABDUL LATIF BITHAI | O5: SUNDAY SUNDAY SUNDAY SUNDAY SUNDAY | P5: P | Q5: P | R5: P | S5: INDEPENDENCE DAY | T5: P | U5: P | V5: SUNDAY SUNDAY SUNDAY SUNDAY SUNDAY | W5: =COUNTIF(F5:V5,"P") -> 11 | X5: =COUNTIF(F5:V5,"A") -> 1 | Y5: Working days | Z5: 26
A6: 2 | B6: 549 | C6: Dost M. | D6: M. Usman | E6: Five | F6: P | G6: P | I6: P | J6: P | K6: P | L6: A | M6: P | P6: A | Q6: P | R6: P | T6: P | U6: P | W6: =COUNTIF(F6:V6,"P") -> 10 | X6: =COUNTIF(F6:V6,"A") -> 2 | Y6: Sunday | Z6: 4
A7: 3 | B7: 865 | C7: Hamadullah | D7: Abrar Hussain | E7: Five | F7: P | G7: P | I7: P | J7: P | K7: P | L7: P | M7: P | P7: P | Q7: P | R7: A | T7: P | U7: A | W7: =COUNTIF(F7:V7,"P") -> 10 | X7: =COUNTIF(F7:V7,"A") -> 2
A8: 4 | B8: 593 | C8: Imdad Ali | D8: Hamid Ali | E8: Five | F8: P | G8: A | I8: P | J8: P | K8: P | L8: A | M8: P | P8: P | Q8: P | R8: P | T8: P | U8: P | W8: =COUNTIF(F8:V8,"P") -> 10 | X8: =COUNTIF(F8:V8,"A") -> 2
A9: 5 | B9: 548 | C9: M. Suleman | D9: Usman | E9: Five | F9: P | G9: P | I9: P | J9: P | K9: P | L9: A | M9: P | P9: P | Q9: A | R9: P | T9: P | U9: P | W9: =COUNTIF(F9:V9,"P") -> 10 | X9: =COUNTIF(F9:V9,"A") -> 2
A10: 6 | B10: 447 | C10: M. Faisal | D10: Abdull Sattar | E10: Five | F10: P | G10: P | I10: P | J10: P | K10: P | L10: P | M10: P | P10: P | Q10: P | R10: P | T10: P | U10: P | W10: =COUNTIF(F10:V10,"P") -> 12 | X10: =COUNTIF(F10:V10,"A") -> 0
A11: 7 | B11: 501 | C11: Muzammil | D11: Deedar Ali | E11: Five | F11: P | G11: P | I11: P | J11: A | K11: P | L11: P | M11: P | P11: P | Q11: A | R11: P | T11: P | U11: P | W11: =COUNTIF(F11:V11,"P") -> 10 | X11: =COUNTIF(F11:V11,"A") -> 2 | Y11: Present Days Detail
A12: 8 | B12: 497 | C12: Tanveer Ali | D12: Wazeer Ali | E12: Five | F12: P | G12: P | I12: P | J12: P | K12: P | L12: P | M12: P | P12: P | Q12: P | R12: P | T12: P | U12: P | W12: =COUNTIF(F12:V12,"P") -> 12 | X12: =COUNTIF(F12:V12,"A") -> 0 | Y12: Detail | Z12: Boys | AA12: Girls | AB12: Total
A13: 9 | B13: 550 | C13: Zain | D13: Zaheer Ahmed | E13: Five | F13: P | G13: A | I13: P | J13: P | K13: A | L13: P | M13: P | P13: P | Q13: P | R13: P | T13: P | U13: P | W13: =COUNTIF(F13:V13,"P") -> 10 | X13: =COUNTIF(F13:V13,"A") -> 2 | Y13: Due Present days | Z13: =21*$Z$5 -> 546 | AA13: =32*$Z$5 -> 832 | AB13: =SUM(Z13:AA13) -> 1378
A14: 10 | B14: 595 | C14: Zain-ul-Abdin | D14: Dill Murad | E14: Five | F14: P | G14: P | I14: P | J14: P | K14: P | L14: P | M14: P | P14: P | Q14: P | R14: A | T14: P | U14: P | W14: =COUNTIF(F14:V14,"P") -> 11 | X14: =COUNTIF(F14:V14,"A") -> 1 | Y14: Actual present days | Z14: =SUM(W5:W28) -> 248 | AA14: =SUM(W30:W51) -> 230 | AB14: =Z14+AA14 -> 478
A15: 11 | B15: 917 | C15: Sameer Ali | D15: Gulab Ali | E15: Five | F15: P | G15: P | I15: P | J15: P | K15: P | L15: A | M15: P | P15: P | Q15: P | R15: P | T15: P | U15: P | W15: =COUNTIF(F15:V15,"P") -> 11 | X15: =COUNTIF(F15:V15,"A") -> 1 | Y15: % | Z15: =Z14/Z13 -> 0.45421245 | AA15: =AA14/AA13 -> 0.27644231 | AB15: =AB14/AB13 -> 0.34687954
A16: 12 | B16: 883 | C16: M. Anees | D16: M. Ramzan | E16: Five | F16: P | G16: P | I16: P | J16: P | K16: P | L16: P | M16: P | P16: P | Q16: P | R16: P | T16: P | U16: P | W16: =COUNTIF(F16:V16,"P") -> 12 | X16: =COUNTIF(F16:V16,"A") -> 0
A17: 13 | B17: 779 | C17: M. Hussain | D17: Khawar | E17: Five | F17: A | G17: P | I17: P | J17: P | K17: P | L17: P | M17: P | P17: P | Q17: P | R17: A | T17: P | U17: P | W17: =COUNTIF(F17:V17,"P") -> 10 | X17: =COUNTIF(F17:V17,"A") -> 2
A18: 14 | B18: 848 | C18: Saadullah | D18: Hafeezullah | E18: Five | F18: P | G18: P | I18: P | J18: A | K18: P | L18: P | M18: P | P18: P | Q18: P | R18: A | T18: P | U18: P | W18: =COUNTIF(F18:V18,"P") -> 10 | X18: =COUNTIF(F18:V18,"A") -> 2
A19: 15 | B19: 916 | C19: M. Qassam | D19: Imran H. | E19: Five | F19: P | G19: P | I19: P | J19: P | K19: P | L19: P | M19: P | P19: P | Q19: P | R19: P | T19: A | U19: P | W19: =COUNTIF(F19:V19,"P") -> 11 | X19: =COUNTIF(F19:V19,"A") -> 1 | Y19: Absent Days Details
A20: 16 | B20: 904 | C20: Aliyan | D20: Gulraiz | E20: Five | F20: P | G20: P | I20: P | J20: P | K20: A | L20: P | M20: P | P20: P | Q20: A | R20: P | T20: P | U20: P | W20: =COUNTIF(F20:V20,"P") -> 10 | X20: =COUNTIF(F20:V20,"A") -> 2 | Y20: Detail | Z20: Boys | AA20: Girls | AB20: Total
A21: 17 | B21: 757 | C21: Ahmed ali | D21: Nasrullah | E21: Five | F21: P | G21: P | I21: P | J21: P | K21: P | L21: P | M21: P | P21: A | Q21: P | R21: P | T21: P | U21: P | W21: =COUNTIF(F21:V21,"P") -> 11 | X21: =COUNTIF(F21:V21,"A") -> 1 | Y21: Due Present days | Z21: =21*$Z$5 -> 546 | AA21: =32*$Z$5 -> 832 | AB21: =Z21+AA21 -> 1378
A22: 18 | B22: 508 | C22: Meesam Abbas | D22: Sabir Hussain | E22: Five | F22: P | G22: P | I22: P | J22: P | K22: P | L22: P | M22: P | P22: P | Q22: P | R22: P | T22: P | U22: P | W22: =COUNTIF(F22:V22,"P") -> 12 | X22: =COUNTIF(F22:V22,"A") -> 0 | Y22: Absent days | Z22: =Z21-Z14 -> 298 | AA22: =AA21-AA14 -> 602 | AB22: =Z22+AA22 -> 900
A23: 19 | C23: Ibaa-dullah | D23: Khalid Hussain | E23: Five | F23: A | G23: P | I23: P | J23: P | K23: P | L23: P | M23: A | P23: A | Q23: P | R23: P | T23: P | U23: P | W23: =COUNTIF(F23:V23,"P") -> 9 | X23: =COUNTIF(F23:V23,"A") -> 3
A24: 20 | C24: M.Araf | D24: Aurangzaib | E24: Five | F24: P | G24: P | I24: P | J24: P | K24: P | L24: P | M24: P | P24: P | Q24: P | R24: P | T24: P | U24: P | W24: =COUNTIF(F24:V24,"P") -> 12 | X24: =COUNTIF(F24:V24,"A") -> 0
A25: 21 | C25: M.Aqib | D25: Aurangzaib | E25: Five | F25: P | G25: P | I25: P | J25: A | K25: P | L25: P | M25: P | P25: P | Q25: P | R25: P | T25: P | U25: P | W25: =COUNTIF(F25:V25,"P") -> 11 | X25: =COUNTIF(F25:V25,"A") -> 1
A26: 1 | B26: 358 | C26: Iqra | D26: Munwar Ali | E26: Five | F26: P | G26: P | I26: P | J26: P | K26: P | L26: P | M26: P | P26: P | Q26: A | R26: P | T26: P | U26: P | W26: =COUNTIF(F26:V26,"P") -> 11 | X26: =COUNTIF(F26:V26,"A") -> 1 | Y26: % | Z26: =Z22/Z21 -> 0.54578755 | AA26: =AA22/AA21 -> 0.72355769 | AB26: =AB22/AB21 -> 0.65312046
A27: 2 | B27: 543 | C27: Ambreen | D27: Abdul Ghafoor | E27: Five | F27: P | G27: P | I27: P | J27: P | K27: P | L27: P | M27: P | P27: P | Q27: P | R27: P | T27: P | U27: P | W27: =COUNTIF(F27:V27,"P") -> 12 | X27: =COUNTIF(F27:V27,"A") -> 0
A28: 3 | B28: 594 | C28: Bibi Zehra | D28: Liaquat | E28: Five | F28: P | G28: P | I28: P | J28: P | K28: P | L28: P | M28: P | P28: P | Q28: P | R28: A | T28: P | U28: P | W28: . | X28: =COUNTIF(F28:V28,"A") -> 1
A29: 4 | B29: 432 | C29: Bisma | D29: Basheer Ahmed | E29: Five | F29: P | G29: P | I29: P | J29: P | K29: A | L29: P | M29: P | P29: P | Q29: P | R29: P | T29: P | U29: A | W29: =COUNTIF(F29:V29,"P") -> 10 | X29: =COUNTIF(F29:V29,"A") -> 2
A30: 5 | B30: 590 | C30: BaktawarAli | D30: Taj muhammad | E30: Five | F30: P | G30: P | I30: P | J30: P | K30: P | L30: P | M30: P | P30: P | Q30: P | R30: P | T30: P | U30: P | W30: =COUNTIF(F30:V30,"P") -> 12 | X30: =COUNTIF(F30:V30,"A") -> 0
A31: 6 | B31: 554 | C31: Bushra | D31: Rana | E31: Five | F31: P | G31: A | I31: P | J31: P | K31: P | L31: P | M31: P | P31: P | Q31: A | R31: P | T31: P | U31: P | W31: =COUNTIF(F31:V31,"P") -> 10 | X31: =COUNTIF(F31:V31,"A") -> 2
A32: 7 | B32: 496 | C32: Dua | D32: M. Shafique | E32: Five | F32: P | G32: P | I32: P | J32: P | K32: P | L32: A | M32: P | P32: P | Q32: P | R32: P | T32: A | U32: P | W32: =COUNTIF(F32:V32,"P") -> 10 | X32: =COUNTIF(F32:V32,"A") -> 2
A33: 8 | B33: 599 | C33: Fatima Gul | D33: Shah Nazwaz | E33: Five | F33: P | G33: P | I33: P | J33: P | K33: P | L33: P | M33: P | P33: A | Q33: P | R33: P | T33: P | U33: P | W33: =COUNTIF(F33:V33,"P") -> 11 | X33: =COUNTIF(F33:V33,"A") -> 1
A34: 9 | B34: 471 | C34: Hiba | D34: Mazeem | E34: Five | F34: P | G34: P | I34: P | J34: P | K34: P | L34: P | M34: P | P34: P | Q34: P | R34: P | T34: P | U34: P | W34: =COUNTIF(F34:V34,"P") -> 12 | X34: =COUNTIF(F34:V34,"A") -> 0
A35: 10 | B35: 537 | C35: Isha | D35: Fazal Muhammad | E35: Five | F35: P | G35: P | I35: P | J35: P | K35: A | L35: P | M35: P | P35: P | Q35: A | R35: P | T35: P | U35: P | W35: =COUNTIF(F35:V35,"P") -> 10 | X35: =COUNTIF(F35:V35,"A") -> 2
A36: 11 | B36: 698 | C36: Khadija -tul- Kubra | D36: Adnan | E36: Five | F36: P | G36: P | I36: P | J36: P | K36: P | L36: P | M36: P | P36: P | Q36: P | R36: P | T36: A | U36: P | W36: =COUNTIF(F36:V36,"P") -> 11 | X36: =COUNTIF(F36:V36,"A") -> 1
A37: 12 | B37: 524 | C37: Khushboo | D37: Abdull Rehman | E37: Five | F37: P | G37: A | I37: P | J37: P | K37: P | L37: P | M37: P | P37: P | Q37: P | R37: P | T37: P | U37: P | W37: =COUNTIF(F37:V37,"P") -> 11 | X37: =COUNTIF(F37:V37,"A") -> 1
A38: 13 | B38: 438 | C38: Laraib | D38: Zulfiqar | E38: Five | F38: P | G38: A | I38: P | J38: P | K38: P | L38: P | M38: P | P38: P | Q38: P | R38: P | T38: P | U38: A | W38: =COUNTIF(F38:V38,"P") -> 10 | X38: =COUNTIF(F38:V38,"A") -> 2
A39: 14 | B39: 532 | C39: Maryam | D39: Mehboob Ali | E39: Five | F39: P | G39: P | I39: P | J39: A | K39: P | L39: P | M39: P | P39: P | Q39: A | R39: P | T39: P | U39: P | W39: =COUNTIF(F39:V39,"P") -> 10 | X39: =COUNTIF(F39:V39,"A") -> 2
A40: 15 | B40: 643 | C40: Minal | D40: Faraz Hydar | E40: Five | F40: P | G40: P | I40: P | J40: P | K40: P | L40: A | M40: P | P40: P | Q40: P | R40: P | T40: P | U40: A | W40: =COUNTIF(F40:V40,"P") -> 10 | X40: =COUNTIF(F40:V40,"A") -> 2
... A51: 26 | B51: 874 | C51: Nisa Fatima | D51: Liaquat Ali | E51: Five | F51: P | G51: P | I51: A | J51: P | K51: P | L51: P | M51: P | P51: P | Q51: P | R51: P | T51: A | U51: P | W51: =COUNTIF(F51:V51,"P") -> 10 | X51: =COUNTIF(F51:V51,"A") -> 2

Sheet Class-6
A1: Goverment high school (SJCHS)
A2: Monthly Attendence Month of MAY-2025
A3: S.No | B3: GR | C3: Student Name | D3: Father Name | E3: Class | F3: =TEXT(F4,"ddd") -> Fri | G3: =TEXT(G4,"ddd") -> Sat | H3: =TEXT(H4,"ddd") -> Sun | I3: =TEXT(I4,"ddd") -> Mon | J3: =TEXT(J4,"ddd") -> Tue | K3: =TEXT(K4,"ddd") -> Wed | L3: =TEXT(L4,"ddd") -> Thu | M3: =TEXT(M4,"ddd") -> Fri | ... V3: =TEXT(V4,"ddd") -> Sun | W3: Present | X3: Absent | Y3: Year 2024
F4: 45870 | G4: 45871 | H4: 45872 | I4: 45873 | J4: 45874 | K4: 45875 | L4: 45876 | M4: 45877 | N4: 45878 | O4: 45879 | P4: 45880 | Q4: 45881 | R4: 45882 | S4: 45883 | T4: 45884 | U4: 45885 | V4: 45886 | Y4: Total days | Z4: =SUM(Z5:Z8) -> 30
A5: 1 | B5: 605 | C5: Abdul Fatah | D5: Manzoor Ahmed | E5: SIX | F5: P | G5: P | H5: SUNDAY SUNDAY SUNDAY SUNDAY SUNDAY | I5: P | J5: P | K5: P | L5: P | M5: P | N5: URS SHAH ABDUL LATIF BITHAI | O5: SUNDAY SUNDAY SUNDAY SUNDAY SUNDAY | P5: P | Q5: P | R5: P | S5: INDEPENDENCE DAY | T5: P | U5: A | V5: SUNDAY SUNDAY SUNDAY SUNDAY SUNDAY | W5: =COUNTIF(F5:V5,"P") -> 11 | X5: =COUNTIF(F5:V5,"A") -> 1 | Y5: Working days | Z5: 26
A6: 2 | B6: 609 | C6: Abdul Qayoom | D6: Waheed Ahmed | E6: SIX | F6: P | G6: P | I6: P | J6: P | K6: P | L6: P | M6: P | P6: P | Q6: P | R6: P | T6: P | U6: P | W6: =COUNTIF(F6:V6,"P") -> 12 | X6: =COUNTIF(F6:V6,"A") -> 0 | Y6: Sunday | Z6: 4
A7: 3 | B7: 604 | C7: Ahsan Raza | D7: Meeral | E7: SIX | F7: P | G7: A | I7: P | J7: P | K7: P | L7: P | M7: P | P7: P | Q7: P | R7: P | T7: P | U7: P | W7: =COUNTIF(F7:V7,"P") -> 11 | X7: =COUNTIF(F7:V7,"A") -> 1
A8: 4 | B8: 464 | C8: Ayan Ali | D8: Mehboob Ali | E8: SIX | F8: P | G8: P | I8: P | J8: P | K8: P | L8: P | M8: P | P8: A | Q8: A | R8: P | T8: P | U8: A | W8: =COUNTIF(F8:V8,"P") -> 9 | X8: =COUNTIF(F8:V8,"A") -> 3
A9: 5 | B9: 601 | C9: Ghulam Muhammad | D9: Parvaiz Ahmed | E9: SIX | F9: P | G9: A | I9: P | J9: P | K9: A | L9: P | M9: P | P9: A | Q9: P | R9: P | T9: P | U9: P | W9: =COUNTIF(F9:V9,"P") -> 9 | X9: =COUNTIF(F9:V9,"A") -> 3
A10: 6 | B10: 494 | C10: Masab Ali | D10: Ahsan Ali | E10: SIX | F10: P | G10: P | I10: P | J10: P | K10: P | L10: P | M10: P | P10: A | Q10: P | R10: P | T10: P | U10: P | W10: =COUNTIF(F10:V10,"P") -> 11 | X10: =COUNTIF(F10:V10,"A") -> 1
A11: 7 | B11: 426 | C11: Mudassir | D11: Mukhtiar | E11: SIX | F11: A | G11: A | I11: A | J11: A | K11: A | L11: A | M11: P | P11: A | Q11: A | R11: A | T11: A | U11: A | W11: =COUNTIF(F11:V11,"P") -> 1 | X11: =COUNTIF(F11:V11,"A") -> 11 | Y11: Present Days Detail
A12: 8 | B12: 710 | C12: Muhammad Hassan | D12: Javaid Ali | E12: SIX | F12: P | G12: P | I12: P | J12: P | K12: P | L12: P | M12: P | P12: P | Q12: P | R12: P | T12: P | U12: P | W12: =COUNTIF(F12:V12,"P") -> 12 | X12: =COUNTIF(F12:V12,"A") -> 0 | Y12: Detail | Z12: Boys | AA12: Girls | AB12: Total
A13: 9 | B13: 711 | C13: Muhammad Zaid | D13: Khalid Abbasi | E13: SIX | F13: P | G13: P | I13: P | J13: P | K13: P | L13: P | M13: P | P13: P | Q13: P | R13: P | T13: P | U13: P | W13: =COUNTIF(F13:V13,"P") -> 12 | X13: =COUNTIF(F13:V13,"A") -> 0 | Y13: Due Present days | Z13: =23*$Z$5 -> 598 | AA13: =23*$Z$5 -> 598 | AB13: =SUM(Z13:AA13) -> 1196
A14: 10 | B14: 600 | C14: Usman Jamali | D14: Liaqat Ali | E14: SIX | F14: P | G14: A | I14: P | J14: P | K14: P | L14: P | M14: A | P14: P | Q14: P | R14: P | T14: P | U14: A | W14: =COUNTIF(F14:V14,"P") -> 9 | X14: =COUNTIF(F14:V14,"A") -> 3 | Y14: Actual present days | Z14: =SUM(W5:W27) -> 239 | AA14: =SUM(W28:W51) -> 201 | AB14: =Z14+AA14 -> 440
A15: 11 | B15: 640 | C15: Muhammad Ali | D15: Maula Abdullah Bux | E15: SIX | F15: P | G15: A | I15: P | J15: A | K15: A | L15: P | M15: P | P15: P | Q15: P | R15: P | T15: A | U15: P | W15: =COUNTIF(F15:V15,"P") -> 8 | X15: =COUNTIF(F15:V15,"A") -> 4 | Y15: % | Z15: =Z14/Z13 -> 0.39966555 | AA15: =AA14/AA13 -> 0.3361204 | AB15: =AB14/AB13 -> 0.36789298
A16: 12 | B16: 761 | C16: Muhammad Israr | D16: Abdullah Bhand | E16: SIX | F16: P | G16: P | I16: P | J16: P | K16: P | L16: P | M16: P | P16: P | Q16: P | R16: P | T16: P | U16: P | W16: =COUNTIF(F16:V16,"P") -> 12 | X16: =COUNTIF(F16:V16,"A") -> 0
A17: 13 | B17: 642 | C17: Mohsin Ali | D17: Sajid Ali Junejo | E17: SIX | F17: P | G17: P | I17: P | J17: P | K17: P | L17: P | M17: P | P17: P | Q17: P | R17: P | T17: P | U17: P | W17: =COUNTIF(F17:V17,"P") -> 12 | X17: =COUNTIF(F17:V17,"A") -> 0
A18: 14 | B18: 607 | C18: M. Ammad-ud-din | D18: Riyaz-ud-din | E18: SIX | F18: P | G18: P | I18: P | J18: P | K18: P | L18: P | M18: P | P18: P | Q18: P | R18: P | T18: P | U18: P | W18: =COUNTIF(F18:V18,"P") -> 12 | X18: =COUNTIF(F18:V18,"A") -> 0
A19: 15 | B19: 437 | C19: Noman | D19: Abdul Rehman | E19: SIX | F19: P | G19: P | I19: P | J19: P | K19: P | L19: P | M19: P | P19: P | Q19: P | R19: P | T19: P | U19: P | W19: =COUNTIF(F19:V19,"P") -> 12 | X19: =COUNTIF(F19:V19,"A") -> 0 | Y19: Absent Days Details
A20: 16 | B20: 504 | C20: Rahib Hussain | D20: Zahid Hussain | E20: SIX | F20: P | G20: P | I20: P | J20: P | K20: P | L20: P | M20: P | P20: P | Q20: P | R20: P | T20: P | U20: P | W20: =COUNTIF(F20:V20,"P") -> 12 | X20: =COUNTIF(F20:V20,"A") -> 0 | Y20: Detail | Z20: Boys | AA20: Girls | AB20: Total
A21: 17 | B21: 705 | C21: Shamsuddin | D21: Asghar Ali | E21: SIX | F21: P | G21: P | I21: P | J21: P | K21: P | L21: P | M21: P | P21: P | Q21: P | R21: P | T21: P | U21: P | W21: =COUNTIF(F21:V21,"P") -> 12 | X21: =COUNTIF(F21:V21,"A") -> 0 | Y21: Due Present days | Z21: =23*$Z$5 -> 598 | AA21: =23*$Z$5 -> 598 | AB21: =Z21+AA21 -> 1196
A22: 18 | B22: 868 | C22: Massab Ali | D22: Safdar Ali | E22: SIX | F22: P | G22: P | I22: P | J22: P | K22: P | L22: P | M22: A | P22: P | Q22: P | R22: P | T22: P | U22: P | W22: =COUNTIF(F22:V22,"P") -> 11 | X22: =COUNTIF(F22:V22,"A") -> 1 | Y22: Absent days | Z22: =Z21-Z14 -> 359 | AA22: =AA21-AA14 -> 397 | AB22: =Z22+AA22 -> 756
A23: 19 | B23: 845 | C23: Zohaib Ali | D23: Zulfiqar Ali | E23: SIX | F23: P | G23: P | I23: P | J23: P | K23: A | L23: P | M23: P | P23: A | Q23: A | R23: P | T23: P | U23: P | W23: =COUNTIF(F23:V23,"P") -> 9 | X23: =COUNTIF(F23:V23,"A") -> 3 | Y23: % | Z23: =Z22/Z21 -> 0.60033445 | AA23: =AA22/AA21 -> 0.6638796 | AB23: =AB22/AB21 -> 0.63210702
A24: 20 | B24: 860 | C24: M. Husnain | D24: Ubaidullah | E24: SIX | F24: P | G24: P | I24: P | J24: P | K24: P | L24: P | M24: P | P24: P | Q24: P | R24: P | T24: P | U24: P | W24: =COUNTIF(F24:V24,"P") -> 12 | X24: =COUNTIF(F24:V24,"A") -> 0
A25: 21 | B25: 888 | C25: Nazakat | D25: Syed Qutab Ali | E25: SIX | F25: P | G25: P | I25: P | J25: A | K25: A | L25: P | M25: P | P25: P | Q25: P | R25: P | T25: P | U25: P | W25: =COUNTIF(F25:V25,"P") -> 10 | X25: =COUNTIF(F25:V25,"A") -> 2
A26: 22 | B26: 470 | C26: M.Reheem | D26: M.Azim | E26: SIX | F26: P | G26: P | I26: P | J26: P | K26: P | L26: P | M26: P | P26: A | Q26: P | R26: P | T26: P | U26: P | W26: =COUNTIF(F26:V26,"P") -> 11 | X26: =COUNTIF(F26:V26,"A") -> 1
A27: 23 | B27: 790 | C27: Wajid Ali | D27: M.Ali | E27: SIX | F27: P | G27: A | I27: P | J27: P | K27: P | L27: P | M27: P | P27: P | Q27: A | R27: P | T27: P | U27: A | W27: =COUNTIF(F27:V27,"P") -> 9 | X27: =COUNTIF(F27:V27,"A") -> 3
A28: 24 | C28: Sameer GUL | D28: Hafiz ullah | E28: SIX | F28: P | G28: P | I28: P | J28: P | K28: P | L28: P | M28: P | P28: A | Q28: P | R28: P | T28: P | U28: P | W28: =COUNTIF(F28:V28,"P") -> 11 | X28: =COUNTIF(F28:V28,"A") -> 1
A29: 25 | C29: Yaseen | D29: M.Younis | E29: SIX | F29: A | G29: P | I29: P | J29: P | K29: A | L29: P | M29: P | P29: P | Q29: A | R29: A | T29: P | U29: P | W29: =COUNTIF(F29:V29,"P") -> 8 | X29: =COUNTIF(F29:V29,"A") -> 4
A30: 25 | B30: 250 | C30: Irshad | D30: Haji Mallah | E30: SIX | F30: P | G30: A | I30: P | J30: P | K30: A | L30: P | M30: P | P30: A | Q30: A | R30: P | T30: P | U30: A | W30: =COUNTIF(F30:V30,"P") -> 7 | X30: =COUNTIF(F30:V30,"A") -> 5
A31: 1 | B31: 334 | C31: Aitina Sohail | D31: Sohail Sarwar Jatoi | E31: SIX | F31: P | G31: P | I31: A | J31: P | K31: A | L31: A | M31: P | P31: P | Q31: P | R31: P | T31: P | U31: A | W31: =COUNTIF(F31:V31,"P") -> 8 | X31: =COUNTIF(F31:V31,"A") -> 4
A32: 2 | B32: 507 | C32: Ajwa Gul | D32: Sabir Hussain | E32: SIX | F32: A | G32: A | I32: A | J32: A | K32: A | L32: A | M32: A | P32: A | Q32: A | R32: A | T32: A | U32: A | W32: =COUNTIF(F32:V32,"P") -> 0 | X32: =COUNTIF(F32:V32,"A") -> 12
A33: 3 | B33: 706 | C33: Alishba | D33: Maqsood Ahmed | E33: SIX | F33: P | G33: A | I33: A | J33: P | K33: A | L33: A | M33: P | P33: P | Q33: P | R33: P | T33: P | U33: P | W33: =COUNTIF(F33:V33,"P") -> 8 | X33: =COUNTIF(F33:V33,"A") -> 4
A34: 4 | B34: 608 | C34: Anosha | D34: Altaf Hussain | E34: SIX | F34: A | G34: A | I34: A | J34: A | K34: A | L34: A | M34: A | P34: P | Q34: A | R34: A | T34: A | U34: P | W34: =COUNTIF(F34:V34,"P") -> 2 | X34: =COUNTIF(F34:V34,"A") -> 10
A35: 5 | B35: 603 | C35: Dua Batool | D35: Faiq Ali | E35: SIX | F35: P | G35: P | I35: P | J35: P | K35: P | L35: P | M35: P | P35: P | Q35: P | R35: P | T35: P | U35: A | W35: =COUNTIF(F35:V35,"P") -> 11 | X35: =COUNTIF(F35:V35,"A") -> 1
A36: 6 | B36: 503 | C36: Gul Naz | D36: Zahid Hussain | E36: SIX | F36: P | G36: P | I36: P | J36: P | K36: P | L36: P | M36: P | P36: P | Q36: P | R36: P | T36: P | U36: A | W36: =COUNTIF(F36:V36,"P") -> 11 | X36: =COUNTIF(F36:V36,"A") -> 1
A37: 7 | B37: 606 | C37: Hina | D37: Lutufullah | E37: SIX | F37: A | G37: P | I37: A | J37: A | K37: A | L37: A | M37: A | P37: P | Q37: P | R37: A | T37: A | U37: A | W37: =COUNTIF(F37:V37,"P") -> 3 | X37: =COUNTIF(F37:V37,"A") -> 9
A38: 8 | B38: 641 | C38: Sidra-tul Muntaha | D38: G.Murtaza | E38: SIX | F38: A | G38: A | I38: A | J38: A | K38: A | L38: A | M38: A | P38: A | Q38: A | R38: A | T38: A | U38: A | W38: =COUNTIF(F38:V38,"P") -> 0 | X38: =COUNTIF(F38:V38,"A") -> 12
A39: 9 | B39: 610 | C39: Javeria Batool | D39: Imran Ali | E39: SIX | F39: P | G39: A | I39: A | J39: A | K39: A | L39: A | M39: P | P39: P | Q39: P | R39: P | T39: P | U39: P | W39: =COUNTIF(F39:V39,"P") -> 7 | X39: =COUNTIF(F39:V39,"A") -> 5
A40: 10 | B40: 709 | C40: Khadija Bibi | D40: Zulfiqar Quraishi | E40: SIX | F40: P | G40: P | I40: P | J40: P | K40: P | L40: P | M40: P | P40: P | Q40: P | R40: P | T40: P | U40: P | W40: =COUNTIF(F40:V40,"P") -> 12 | X40: =COUNTIF(F40:V40,"A") -> 0
A41: 11 | B41: 318 | C41: Laiba | D41: Amjad Hussain | E41: SIX | F41: A | G41: A | I41: A | J41: A | K41: A | L41: A | M41: A | P41: P | Q41: A | R41: A | T41: A | U41: A | W41: =COUNTIF(F41:V41,"P") -> 1 | X41: =COUNTIF(F41:V41,"A") -> 11
... A45: 15 | B45: 708 | C45: Sidra Bibi | D45: Zulfiqar Quraishi | E45: SIX | F45: P | G45: P | I45: P | J45: P | K45: P | L45: P | M45: P | P45: P | Q45: P | R45: P | T45: P | U45: P | W45: =COUNTIF(F45:V45,"P") -> 12 | X45: =COUNTIF(F45:V45,"A") -> 0
A46: 16 | C46: Sahar | D46: Sohail Sarwar Jatoi | E46: SIX | F46: P | G46: P | I46: P | J46: P | K46: P | L46: P | M46: P | P46: P | Q46: P | R46: P | T46: P | U46: A | W46: =COUNTIF(F46:V46,"P") -> 11 | X46: =COUNTIF(F46:V46,"A") -> 1
A47: 17 | B47: 782 | C47: Sundas Qamar | D47: Imran Qamar | E47: SIX | F47: P | G47: P | I47: P | J47: P | K47: P | L47: P | M47: P | P47: P | Q47: P | R47: P | T47: A | U47: P | W47: =COUNTIF(F47:V47,"P") -> 11 | X47: =COUNTIF(F47:V47,"A") -> 1
A48: 18 | B48: 469 | C48: Tayyaba Fatima | D48: Altaf Hussain | E48: SIX | F48: P | G48: P | I48: P | J48: P | K48: P | L48: P | M48: P | P48: P | Q48: P | R48: P | T48: A | U48: P | W48: =COUNTIF(F48:V48,"P") -> 11 | X48: =COUNTIF(F48:V48,"A") -> 1
A49: 19 | B49: 388 | C49: Urooj | D49: Mehmood Khan | E49: SIX | F49: P | G49: P | I49: P | J49: P | K49: P | L49: P | M49: P | P49: P | Q49: P | R49: P | T49: A | U49: P | W49: =COUNTIF(F49:V49,"P") -> 11 | X49: =COUNTIF(F49:V49,"A") -> 1
A50: 20 | B50: 510 | C50: Zahra Batool | D50: Zahid Hussain | E50: SIX | F50: P | G50: P | I50: P | J50: P | K50: P | L50: P | M50: P | P50: P | Q50: A | R50: P | T50: P | U50: P | W50: =COUNTIF(F50:V50,"P") -> 11 | X50: =COUNTIF(F50:V50,"A") -> 1
A51: 21 | B51: 704 | C51: Zainab Bibi | D51: Bakhshal Ali | E51: SIX | F51: P | G51: P | I51: P | J51: P | K51: P | L51: P | M51: P | P51: P | Q51: P | R51: P | T51: P | U51: A | W51: =COUNTIF(F51:V51,"P") -> 11 | X51: =COUNTIF(F51:V51,"A") -> 1
A52: 22 | B52: 852 | C52: Inshra | D52: Abdul Alber | E52: SIX | F52: P | G52: P | I52: P | J52: P | K52: P | L52: P | M52: P | P52: P | Q52: P | R52: P | T52: P | U52: P | W52: =COUNTIF(F52:V52,"P") -> 12 | X52: =COUNTIF(F52:V52,"A") -> 0
A53: 23 | B53: 879 | C53: Maham | D53: irfan | E53: SIX | F53: P | G53: A | I53: P | J53: P | K53: P | L53: P | M53: P | P53: A | Q53: A | R53: P | T53: P | U53: P | W53: =COUNTIF(F53:V53,"P") -> 9 | X53: =COUNTIF(F53:V53,"A") -> 3
A54: 24 | B54: 435 | C54: Nida | D54: Mehboob Ali | E54: SIX | F54: P | G54: A | I54: A | J54: P | K54: A | L54: A | M54: A | P54: P | Q54: P | R54: P | T54: P | U54: P | W54: =COUNTIF(F54:V54,"P") -> 7 | X54: =COUNTIF(F54:V54,"A") -> 5
A55: 25 | B55: 712 | C55: Rukhsana | D55: M. Sultan | E55: SIX | F55: P | G55: P | I55: P | J55: P | K55: P | L55: P | M55: A | P55: P | Q55: P | R55: P | T55: P | U55: P | W55: =COUNTIF(F55:V55,"P") -> 11 | X55: =COUNTIF(F55:V55,"A") -> 1

Sheet Class-7
A1: Goverment high school (SJCHS)
A2: Monthly Attendence Month of MAY-2025
A3: S.No | B3: GR | C3: Student Name | D3: Father Name | E3: Class | F3: =TEXT(F4,"ddd") -> Fri | G3: =TEXT(G4,"ddd") -> Sat | H3: =TEXT(H4,"ddd") -> Sun | I3: =TEXT(I4,"ddd") -> Mon | J3: =TEXT(J4,"ddd") -> Tue | K3: =TEXT(K4,"ddd") -> Wed | L3: =TEXT(L4,"ddd") -> Thu | M3: =TEXT(M4,"ddd") -> Fri | ... V3: =TEXT(V4,"ddd") -> Sun | W3: Present | X3: Absent | Y3: Year 2024
F4: 45870 | G4: 45871 | H4: 45872 | I4: 45873 | J4: 45874 | K4: 45875 | L4: 45876 | M4: 45877 | N4: 45878 | O4: 45879 | P4: 45880 | Q4: 45881 | R4: 45882 | S4: 45883 | T4: 45884 | U4: 45885 | V4: 45886 | Y4: Total days | Z4: =SUM(Z5:Z6) -> 30
A5: 1 | B5: 474 | C5: Abdul Rehman | D5: Ahmed Ali | E5: Seven | F5: P | G5: P | H5: Sunday Sunday Sunday Sunday | I5: P | J5: P | K5: P | L5: P | M5: P | N5: URS SHAH ABDUL LATIF BITHAI | O5: Sunday Sunday Sunday Sunday | P5: P | Q5: A | R5: P | S5: INDEPENDENCE DAY | T5: P | U5: P | V5: Sunday Sunday Sunday Sunday | W5: =COUNTIF(F5:V5,"P") -> 11 | X5: =COUNTIF(F5:V5,"A") -> 1 | Y5: Working days | Z5: 26
A6: 2 | B6: 615 | C6: Abdul Samad | D6: Rehmatullah | E6: Seven | F6: P | G6: P | I6: P | J6: P | K6: P | L6: P | M6: P | P6: P | Q6: P | R6: P | T6: P | U6: P | W6: =COUNTIF(F6:V6,"P") -> 12 | X6: =COUNTIF(F6:V6,"A") -> 0 | Y6: Sunday | Z6: 4
A7: 3 | B7: 635 | C7: Abdul Wassay | D7: Sohail Sarwar | E7: Seven | F7: A | G7: P | I7: P | J7: A | K7: P | L7: A | M7: A | P7: P | Q7: P | R7: P | T7: P | U7: P | W7: =COUNTIF(F7:V7,"P") -> 8 | X7: =COUNTIF(F7:V7,"A") -> 4
A8: 4 | B8: 475 | C8: Abid Ali | D8: Ahmed Ali | E8: Seven | F8: P | G8: P | I8: P | J8: P | K8: P | L8: P | M8: P | P8: P | Q8: P | R8: P | T8: P | U8: P | W8: =COUNTIF(F8:V8,"P") -> 12 | X8: =COUNTIF(F8:V8,"A") -> 0
A9: 5 | C9: Ayan | D9: Ahmed rafeeq | E9: Seven | F9: P | G9: P | I9: P | J9: P | K9: P | L9: P | M9: P | P9: P | Q9: P | R9: A | T9: P | U9: P | W9: =COUNTIF(F9:V9,"P") -> 11 | X9: =COUNTIF(F9:V9,"A") -> 1
A10: 6 | B10: 343 | C10: Danish | D10: Imdad Ali | E10: Seven | F10: P | G10: P | I10: A | J10: P | K10: P | L10: P | M10: P | P10: A | Q10: P | R10: P | T10: A | U10: P | W10: =COUNTIF(F10:V10,"P") -> 9 | X10: =COUNTIF(F10:V10,"A") -> 3
A11: 7 | B11: 565 | C11: M.sameer | D11: Fazal Muhammad | E11: Seven | F11: P | G11: P | I11: P | J11: P | K11: P | L11: P | M11: P | P11: P | Q11: P | R11: P | T11: P | U11: P | W11: =COUNTIF(F11:V11,"P") -> 12 | X11: =COUNTIF(F11:V11,"A") -> 0 | Y11: Present Days Detail
A12: 8 | B12: 616 | C12: M.Muzammil | D12: Ahmed ali | E12: Seven | F12: P | G12: P | I12: P | J12: P | K12: P | L12: P | M12: P | P12: P | Q12: P | R12: P | T12: P | U12: P | W12: =COUNTIF(F12:V12,"P") -> 12 | X12: =COUNTIF(F12:V12,"A") -> 0 | Y12: Detail | Z12: Boys | AA12: Girls | AB12: Total
A13: 9 | C13: Meer Majid | D13: Haji Iqbal | E13: Seven | F13: A | G13: P | I13: A | J13: A | K13: A | L13: A | M13: A | P13: A | Q13: A | R13: A | T13: A | U13: A | W13: =COUNTIF(F13:V13,"P") -> 1 | X13: =COUNTIF(F13:V13,"A") -> 11 | Y13: Due Present days | Z13: =17*$Z$5 -> 442 | AA13: =28*$Z$5 -> 728 | AB13: =SUM(Z13:AA13) -> 1170
A14: 10 | B14: 715 | C14: M. Tayyab | D14: Javaid Ali | E14: Seven | F14: P | G14: P | I14: P | J14: P | K14: P | L14: P | M14: P | P14: P | Q14: P | R14: P | T14: P | U14: P | W14: =COUNTIF(F14:V14,"P") -> 12 | X14: =COUNTIF(F14:V14,"A") -> 0 | Y14: Actual present days | Z14: =SUM(W5:W21) -> 157 | AA14: =SUM(W22:W48) -> 302 | AB14: =Z14+AA14 -> 459
A15: 11 | B15: 568 | C15: Uzair Ahmed | D15: Abdul Sattar | E15: Seven | F15: A | G15: A | I15: P | J15: A | K15: A | L15: A | M15: A | P15: P | Q15: A | R15: P | T15: P | U15: P | W15: =COUNTIF(F15:V15,"P") -> 5 | X15: =COUNTIF(F15:V15,"A") -> 7 | Y15: % | Z15: =Z14/Z13 -> 0.35520362 | AA15: =AA14/AA13 -> 0.41483516 | AB15: =AB14/AB13 -> 0.39230769
A16: 12 | B16: 620 | C16: Joun Ali | D16: Imran Ali | E16: Seven | F16: P | G16: A | I16: P | J16: P | K16: P | L16: P | M16: A | P16: P | Q16: A | R16: P | T16: P | U16: P | W16: =COUNTIF(F16:V16,"P") -> 9 | X16: =COUNTIF(F16:V16,"A") -> 3
A17: 13 | C17: Ali Khan | E17: Seven | F17: P | G17: P | I17: P | J17: P | K17: P | L17: P | M17: P | P17: P | Q17: P | R17: P | T17: P | U17: P | W17: =COUNTIF(F17:V17,"P") -> 12 | X17: =COUNTIF(F17:V17,"A") -> 0
A18: 14 | C18: Ameer Hamza | E18: Seven | F18: P | G18: P | I18: P | J18: P | K18: P | L18: P | M18: L | P18: P | Q18: P | R18: P | T18: P | U18: P | W18: =COUNTIF(F18:V18,"P") -> 11 | X18: =COUNTIF(F18:V18,"A") -> 0
A19: 15 | C19: Muzamil | E19: Seven | F19: A | G19: A | I19: P | J19: A | K19: A | L19: A | M19: A | P19: P | Q19: P | R19: A | T19: P | U19: P | W19: =COUNTIF(F19:V19,"P") -> 5 | X19: =COUNTIF(F19:V19,"A") -> 7 | Y19: Absent Days Details
A20: 16 | C20: M.Anwar | E20: Seven | F20: A | G20: A | I20: P | J20: A | K20: A | L20: A | M20: A | P20: P | Q20: P | R20: A | T20: P | U20: A | W20: =COUNTIF(F20:V20,"P") -> 4 | X20: =COUNTIF(F20:V20,"A") -> 8 | Y20: Detail | Z20: Boys | AA20: Girls | AB20: Total
A21: 17 | C21: Nisar Ali | E21: Seven | F21: P | G21: P | I21: P | J21: P | K21: P | L21: P | M21: P | P21: P | Q21: A | R21: P | T21: P | U21: P | W21: =COUNTIF(F21:V21,"P") -> 11 | X21: =COUNTIF(F21:V21,"A") -> 1 | Y21: Due Present days | Z21: =17*$Z$5 -> 442 | AA21: =28*$Z$5 -> 728 | AB21: =Z21+AA21 -> 1170
A22: 18 | C22: Hasnain khadim | E22: Seven | F22: A | G22: A | I22: A | J22: A | K22: A | L22: A | M22: A | P22: A | Q22: A | R22: A | T22: A | U22: A | W22: =COUNTIF(F22:V22,"P") -> 0 | X22: =COUNTIF(F22:V22,"A") -> 12 | Y22: Absent days | Z22: =Z21-Z14 -> 285 | AA22: =AA21-AA14 -> 426 | AB22: =Z22+AA22 -> 711
A23: 19 | C23: Bismillah Khan | E23: Seven | F23: P | G23: P | I23: P | J23: P | K23: P | L23: P | M23: P | P23: P | Q23: P | R23: P | T23: P | U23: P | W23: =COUNTIF(F23:V23,"P") -> 12 | X23: =COUNTIF(F23:V23,"A") -> 0 | Y23: % | Z23: =Z22/Z21 -> 0.64479638 | AA23: =AA22/AA21 -> 0.58516484 | AB23: =AB22/AB21 -> 0.60769231
A24: 20 | C24: Ameenullah odho | E24: Seven | F24: P | G24: P | I24: P | J24: P | K24: P | L24: P | M24: P | P24: P | Q24: P | R24: P | T24: P | U24: P | W24: =COUNTIF(F24:V24,"P") -> 12 | X24: =COUNTIF(F24:V24,"A") -> 0
A25: 21 | C25: Azan | E25: Seven | F25: P | G25: P | I25: P | J25: P | K25: P | L25: P | M25: P | P25: P | Q25: P | R25: P | T25: P | U25: P | W25: =COUNTIF(F25:V25,"P") -> 12 | X25: =COUNTIF(F25:V25,"A") -> 0
A26: 22 | C26: Fawad Hussain | E26: Seven | F26: P | G26: P | I26: P | J26: P | K26: P | L26: P | M26: P | P26: P | Q26: P | R26: P | T26: P | U26: P | W26: =COUNTIF(F26:V26,"P") -> 12 | X26: =COUNTIF(F26:V26,"A") -> 0
A27: 23 | C27: Imran | E27: Seven | F27: p | G27: A | I27: p | J27: p | K27: p | L27: p | M27: p | P27: p | Q27: p | R27: p | T27: p | U27: p | W27: =COUNTIF(F27:V27,"P") -> 11 | X27: =COUNTIF(F27:V27,"A") -> 1
A28: 1 | B28: 713 | C28: Amna | D28: Asghar Ali | E28: Seven | F28: p | G28: p | I28: p | J28: p | K28: p | L28: p | M28: p | P28: p | Q28: p | R28: p | T28: p | U28: p | W28: =COUNTIF(F28:V28,"P") -> 12 | X28: =COUNTIF(F28:V28,"A") -> 0
A29: 2 | B29: 354 | C29: Batool | D29: Sajid Ali | E29: Seven | F29: p | G29: p | I29: p | J29: p | K29: p | L29: p | M29: p | P29: p | Q29: p | R29: p | T29: p | U29: p | W29: =COUNTIF(F29:V29,"P") -> 12 | X29: =COUNTIF(F29:V29,"A") -> 0
A30: 3 | B30: 716 | C30: Faiza | D30: Tanveer Ahmed | E30: Seven | F30: P | G30: p | I30: P | J30: P | K30: P | L30: P | M30: P | P30: P | Q30: P | R30: P | T30: P | U30: P | W30: =COUNTIF(F30:V30,"P") -> 12 | X30: =COUNTIF(F30:V30,"A") -> 0
A31: 4 | B31: 566 | C31: Fatima | D31: Zahid Hussain | E31: Seven | F31: P | G31: P | I31: P | J31: P | K31: P | L31: P | M31: P | P31: P | Q31: P | R31: P | T31: P | U31: P | W31: =COUNTIF(F31:V31,"P") -> 12 | X31: =COUNTIF(F31:V31,"A") -> 0
A32: 5 | B32: 348 | C32: Kaneez Fatima | D32: Rizwan Ali | E32: Seven | F32: P | G32: P | I32: P | J32: P | K32: P | L32: P | M32: P | P32: P | Q32: P | R32: P | T32: P | U32: P | W32: =COUNTIF(F32:V32,"P") -> 12 | X32: =COUNTIF(F32:V32,"A") -> 0
A33: 6 | B33: 618 | C33: Mahnoor Fatima | D33: Ghulam Yaseen | E33: Seven | F33: P | G33: P | I33: P | J33: P | K33: P | L33: P | M33: P | P33: P | Q33: P | R33: P | T33: P | U33: P | W33: =COUNTIF(F33:V33,"P") -> 12 | X33: =COUNTIF(F33:V33,"A") -> 0
A34: 7 | B34: 443 | C34: Maryam | D34: Rehmatullah | E34: Seven | F34: P | G34: P | I34: P | J34: P | K34: P | L34: P | M34: P | P34: P | Q34: P | R34: P | T34: P | U34: P | W34: =COUNTIF(F34:V34,"P") -> 12 | X34: =COUNTIF(F34:V34,"A") -> 0
A35: 8 | B35: 614 | C35: Maryam | D35: Zulfiqaar Ali | E35: Seven | F35: P | G35: P | I35: P | J35: P | K35: P | L35: P | M35: P | P35: P | Q35: P | R35: P | T35: P | U35: P | W35: =COUNTIF(F35:V35,"P") -> 12 | X35: =COUNTIF(F35:V35,"A") -> 0
A36: 9 | B36: 778 | C36: Naina Naz | D36: Khawar Ali | E36: Seven | F36: P | G36: P | I36: P | J36: P | K36: P | L36: P | M36: P | P36: P | Q36: P | R36: P | T36: P | U36: P | W36: =COUNTIF(F36:V36,"P") -> 12 | X36: =COUNTIF(F36:V36,"A") -> 0
A37: 10 | C37: Noor Muqadis | D37: Muhammad Idrees | E37: Seven | F37: P | G37: P | I37: P | J37: P | K37: P | L37: P | M37: P | P37: P | Q37: P | R37: P | T37: P | U37: P | W37: =COUNTIF(F37:V37,"P") -> 12 | X37: =COUNTIF(F37:V37,"A") -> 0
A38: 11 | C38: Rubina | D38: Zulfiqaar Ali | E38: Seven | F38: P | G38: P | I38: P | J38: P | K38: P | L38: P | M38: P | P38: P | Q38: P | R38: P | T38: P | U38: P | W38: =COUNTIF(F38:V38,"P") -> 12 | X38: =COUNTIF(F38:V38,"A") -> 0
A39: 12 | C39: Sana Jamali | D39: Rehmatullah | E39: Seven | F39: P | G39: P | I39: P | J39: P | K39: P | L39: P | M39: P | P39: P | Q39: P | R39: P | T39: P | U39: P | W39: =COUNTIF(F39:V39,"P") -> 12 | X39: =COUNTIF(F39:V39,"A") -> 0
A40: 13 | C40: Sawera | D40: Abdul Raheem | E40: Seven | F40: P | G40: P | I40: P | J40: P | K40: P | L40: P | M40: P | P40: P | Q40: P | R40: P | T40: P | U40: P | W40: =COUNTIF(F40:V40,"P") -> 12 | X40: =COUNTIF(F40:V40,"A") -> 0
A41: 14 | C41: Shabnam | D41: Abdul Hameed | E41: Seven | F41: P | G41: P | I41: P | J41: P | K41: P | L41: P | M41: P | P41: P | Q41: P | R41: P | T41: P | U41: P | W41: =COUNTIF(F41:V41,"P") -> 12 | X41: =COUNTIF(F41:V41,"A") -> 0
A42: 15 | C42: Shaista | D42: Naseer Ahmed | E42: Seven | F42: P | G42: P | I42: P | J42: P | K42: P | L42: P | M42: A | P42: P | Q42: P | R42: P | T42: P | U42: P | W42: =COUNTIF(F42:V42,"P") -> 11 | X42: =COUNTIF(F42:V42,"A") -> 1
A43: 16 | C43: Zohrra | D43: Zaheer Ahmed | E43: Seven | F43: P | G43: P | I43: P | J43: P | K43: P | L43: P | M43: P | P43: P | Q43: P | R43: P | T43: P | U43: P | W43: =COUNTIF(F43:V43,"P") -> 12 | X43: =COUNTIF(F43:V43,"A") -> 0
A44: 17 | C44: Zainab Khatoon | D44: Sohrab | E44: Seven | F44: P | G44: P | I44: P | J44: P | K44: P | L44: P | M44: P | P44: P | Q44: P | R44: P | T44: P | U44: P | W44: =COUNTIF(F44:V44,"P") -> 12 | X44: =COUNTIF(F44:V44,"A") -> 0
A45: 18 | C45: Muskan | D45: Muhammad Ali | E45: Seven | F45: P | G45: A | I45: P | J45: P | K45: P | L45: P | M45: P | P45: P | Q45: P | R45: P | T45: P | U45: P | W45: =COUNTIF(F45:V45,"P") -> 11 | X45: =COUNTIF(F45:V45,"A") -> 1
A46: 19 | C46: Zara Bano | D46: Nabi Bux | E46: Seven | F46: P | G46: P | I46: P | J46: P | K46: P | L46: P | M46: P | P46: P | Q46: P | R46: P | T46: P | U46: P | W46: =COUNTIF(F46:V46,"P") -> 12 | X46: =COUNTIF(F46:V46,"A") -> 0
A47: 20 | C47: Rimsha Khatoon | E47: Seven | F47: A | G47: A | I47: P | J47: A | K47: A | L47: A | M47: A | P47: P | Q47: P | R47: A | T47: P | U47: P | W47: =COUNTIF(F47:V47,"P") -> 5 | X47: =COUNTIF(F47:V47,"A") -> 7
A48: 21 | C48: Seerat Fatima | E48: Seven | F48: P | G48: P | I48: P | J48: P | K48: P | L48: P | M48: P | P48: P | Q48: P | R48: P | T48: P | U48: P | W48: =COUNTIF(F48:V48,"P") -> 12 | X48: =COUNTIF(F48:V48,"A") -> 0
A49: 22 | C49: Aiman Ghaffar | D49: Abdul Ghaffar | E49: Seven | F49: P | G49: P | I49: P | J49: P | K49: P | L49: P | M49: P | P49: P | Q49: P | R49: P | T49: P | U49: P | W49: =COUNTIF(F49:V49,"P") -> 12 | X49: =COUNTIF(F49:V49,"A") -> 0
A50: 23 | C50: Rafia | D50: Aman | E50: Seven | F50: P | G50: P | I50: P | J50: P | K50: A | L50: P | M50: P | P50: P | Q50: P | R50: P | T50: P | U50: P | W50: =COUNTIF(F50:V50,"P") -> 11 | X50: =COUNTIF(F50:V50,"A") -> 1
A51: 24 | C51: Misbah | D51: Gulraiz | E51: Seven | F51: A | G51: A | I51: P | J51: P | K51: P | L51: A | M51: P | P51: P | Q51: P | R51: P | T51: P | U51: P | W51: =COUNTIF(F51:V51,"P") -> 9 | X51: =COUNTIF(F51:V51,"A") -> 3

Sheet class-8
A1: Goverment high school (SJCHS)
A2: Monthly Attendence Month of MAY-2025
A3: S.No | B3: GR | C3: Student Name | D3: Father Name | E3: Class | F3: =TEXT(F4,"ddd") -> Fri | G3: =TEXT(G4,"ddd") -> Sat | H3: =TEXT(H4,"ddd") -> Sun | I3: =TEXT(I4,"ddd") -> Mon | J3: =TEXT(J4,"ddd") -> Tue | K3: =TEXT(K4,"ddd") -> Wed | L3: =TEXT(L4,"ddd") -> Thu | M3: =TEXT(M4,"ddd") -> Fri | ... V3: =TEXT(V4,"ddd") -> Sun | W3: Present | X3: Absent | Y3: Year 2024
F4: 45870 | G4: 45871 | H4: 45872 | I4: 45873 | J4: 45874 | K4: 45875 | L4: 45876 | M4: 45877 | N4: 45878 | O4: 45879 | P4: 45880 | Q4: 45881 | R4: 45882 | S4: 45883 | T4: 45884 | U4: 45885 | V4: 45886 | Y4: Total days | Z4: =SUM(Z5:Z8) -> 30
A5: 1 | B5: 885 | C5: Abdullah | D5: Imtaiz Ali | E5: Eight | F5: P | G5: P | H5: SUNDAY SUNDAY SUNDAY SUNDAY | I5: P | J5: P | K5: P | L5: P | M5: A | N5: URS SHAH ABDUL LATIF BITHAI | O5: SUNDAY SUNDAY SUNDAY SUNDAY | P5: P | Q5: P | R5: P | S5: INDEPENDENCE DAY | T5: P | U5: P | V5: SUNDAY SUNDAY SUNDAY SUNDAY | W5: =COUNTIF(F5:V5,"P") -> 11 | X5: =COUNTIF(F5:V5,"A") -> 1 | Y5: Working days | Z5: 26
A6: 2 | B6: 482 | C6: Adil Khan | D6: Ejaz Ali | E6: Eight | F6: A | G6: P | I6: P | J6: P | K6: P | L6: A | M6: P | P6: P | Q6: A | R6: A | T6: A | U6: P | W6: =COUNTIF(F6:V6,"P") -> 7 | X6: =COUNTIF(F6:V6,"A") -> 5 | Y6: Sunday | Z6: 4
A7: 3 | B7: 721 | C7: Danish | D7: M.Maroof | E7: Eight | F7: P | G7: P | I7: P | J7: P | K7: P | L7: P | M7: P | P7: P | Q7: P | R7: P | T7: P | U7: P | W7: =COUNTIF(F7:V7,"P") -> 12 | X7: =COUNTIF(F7:V7,"A") -> 0
A8: 4 | B8: 342 | C8: Daniyal | D8: Imdad Ali | E8: Eight | F8: P | G8: P | I8: P | J8: P | K8: P | L8: P | M8: P | P8: P | Q8: A | R8: P | T8: P | U8: P | W8: =COUNTIF(F8:V8,"P") -> 11 | X8: =COUNTIF(F8:V8,"A") -> 1
A9: 5 | B9: 625 | C9: Hamza Nisar | D9: Nisar ali | E9: Eight | F9: P | G9: A | I9: P | J9: A | K9: P | L9: P | M9: P | P9: P | Q9: A | R9: P | T9: A | U9: P | W9: =COUNTIF(F9:V9,"P") -> 8 | X9: =COUNTIF(F9:V9,"A") -> 4
A10: 6 | B10: 627 | C10: Haseeb Hyder | D10: Manzoor Ahmed | E10: Eight | F10: P | G10: P | I10: P | J10: P | K10: P | L10: P | M10: P | P10: P | Q10: P | R10: P | T10: P | U10: P | W10: =COUNTIF(F10:V10,"P") -> 12 | X10: =COUNTIF(F10:V10,"A") -> 0
A11: 7 | B11: 723 | C11: Hasnain G. Nabi | D11: Ghulam Nabi | E11: Eight | F11: P | G11: P | I11: P | J11: P | K11: P | L11: P | M11: P | P11: P | Q11: P | R11: P | T11: P | U11: P | W11: =COUNTIF(F11:V11,"P") -> 12 | X11: =COUNTIF(F11:V11,"A") -> 0 | Y11: Present Days Detail
A12: 8 | B12: 624 | C12: Hasnain Raza | D12: Ahmed Ali | E12: Eight | F12: P | G12: P | I12: P | J12: P | K12: P | L12: P | M12: P | P12: P | Q12: P | R12: P | T12: P | U12: P | W12: =COUNTIF(F12:V12,"P") -> 12 | X12: =COUNTIF(F12:V12,"A") -> 0 | Y12: Detail | Z12: Boys | AA12: Girls | AB12: Total
A13: 9 | B13: 718 | C13: Hasnain yasir | D13: Yasir Ahmed | E13: Eight | F13: P | G13: A | I13: P | J13: P | K13: P | L13: P | M13: P | P13: P | Q13: P | R13: P | T13: P | U13: P | W13: =COUNTIF(F13:V13,"P") -> 11 | X13: =COUNTIF(F13:V13,"A") -> 1 | Y13: Due Present days | Z13: =29*$Z$5 -> 754 | AA13: =19*$Z$5 -> 494 | AB13: =SUM(Z13:AA13) -> 1248
A14: 10 | B14: 628 | C14: Irfan Ali | D14: Ali Murad | E14: Eight | F14: P | G14: P | I14: P | J14: P | K14: P | L14: P | M14: L | P14: P | Q14: P | R14: P | T14: P | U14: P | W14: =COUNTIF(F14:V14,"P") -> 11 | X14: =COUNTIF(F14:V14,"A") -> 0 | Y14: Actual present days | Z14: =SUM(W5:W32) -> 288 | AA14: =SUM(W33:W46) -> 138 | AB14: =Z14+AA14 -> 426
A15: 11 | B15: 621 | C15: Mubashir | D15: Gulzar Ahmed | E15: Eight | F15: P | G15: P | I15: P | J15: P | K15: P | L15: P | M15: P | P15: P | Q15: P | R15: P | T15: P | U15: P | W15: =COUNTIF(F15:V15,"P") -> 12 | X15: =COUNTIF(F15:V15,"A") -> 0 | Y15: % | Z15: =Z14/Z13 -> 0.38196286 | AA15: =AA14/AA13 -> 0.27935223 | AB15: =AB14/AB13 -> 0.34134615
A16: 12 | B16: 639 | C16: M. Hassan | D16: Zulfirar Ali | E16: Eight | F16: P | G16: P | I16: P | J16: P | K16: P | L16: P | M16: P | P16: P | Q16: P | R16: P | T16: P | U16: P | W16: =COUNTIF(F16:V16,"P") -> 12 | X16: =COUNTIF(F16:V16,"A") -> 0
A17: 13 | B17: 762 | C17: M. Mairaj | D17: Abdullah | E17: Eight | F17: P | G17: P | I17: P | J17: P | K17: P | L17: P | M17: P | P17: P | Q17: P | R17: P | T17: P | U17: P | W17: =COUNTIF(F17:V17,"P") -> 12 | X17: =COUNTIF(F17:V17,"A") -> 0
A18: 14 | B18: 719 | C18: M. Mudasir | D18: Gulzar Ahmed | E18: Eight | F18: A | G18: A | I18: A | J18: A | K18: A | L18: A | M18: A | P18: A | Q18: A | R18: A | T18: A | U18: A | W18: =COUNTIF(F18:V18,"P") -> 0 | X18: =COUNTIF(F18:V18,"A") -> 12 | Y18: Absent Days Details
A19: 15 | B19: 725 | C19: M. Raza | D19: M.Asif | E19: Eight | F19: P | G19: A | I19: P | J19: P | K19: P | L19: P | M19: P | P19: P | Q19: P | R19: P | T19: P | U19: P | W19: =COUNTIF(F19:V19,"P") -> 11 | X19: =COUNTIF(F19:V19,"A") -> 1 | Y19: Detail | Z19: Boys | AA19: Girls | AB19: Total
A20: 16 | B20: 724 | C20: M. Usman | D20: M.Asif | E20: Eight | F20: P | G20: A | I20: P | J20: P | K20: P | L20: P | M20: P | P20: P | Q20: P | R20: P | T20: P | U20: P | W20: =COUNTIF(F20:V20,"P") -> 11 | X20: =COUNTIF(F20:V20,"A") -> 1 | Y20: Due Present days | Z20: =29*$Z$5 -> 754 | AA20: =19*$Z$5 -> 494 | AB20: =Z20+AA20 -> 1248
A21: 17 | B21: 406 | C21: Rizwan Ali | D21: Arbab Ali | E21: Eight | F21: P | G21: P | I21: P | J21: L | K21: P | L21: P | M21: P | P21: P | Q21: P | R21: P | T21: P | U21: P | W21: =COUNTIF(F21:V21,"P") -> 11 | X21: =COUNTIF(F21:V21,"A") -> 0 | Y21: Absent days | Z21: =Z20-Z14 -> 466 | AA21: =AA20-AA14 -> 356 | AB21: =Z21+AA21 -> 822
A22: 18 | B22: 849 | C22: Safiullah Hafeez | D22: Hafizullah Somroo | E22: Eight | F22: P | G22: A | I22: P | J22: P | K22: A | L22: P | M22: P | P22: P | Q22: P | R22: P | T22: P | U22: P | W22: =COUNTIF(F22:V22,"P") -> 10 | X22: =COUNTIF(F22:V22,"A") -> 2 | Y22: % | Z22: =Z21/Z20 -> 0.61803714 | AA22: =AA21/AA20 -> 0.72064777 | AB22: =AB21/AB20 -> 0.65865385
A23: 19 | B23: 514 | C23: Sohail Ahmed | D23: Ahmed Ali | E23: Eight | F23: P | G23: A | I23: P | J23: P | K23: P | L23: A | M23: P | P23: P | Q23: A | R23: P | T23: P | U23: P | W23: =COUNTIF(F23:V23,"P") -> 9 | X23: =COUNTIF(F23:V23,"A") -> 3
A24: 20 | B24: 863 | C24: Salman | D24: Sultan | E24: Eight | F24: P | G24: P | I24: P | J24: P | K24: P | L24: P | M24: A | P24: P | Q24: P | R24: P | T24: P | U24: P | W24: =COUNTIF(F24:V24,"P") -> 11 | X24: =COUNTIF(F24:V24,"A") -> 1
A25: 21 | C25: M.Sarib | D25: G.Sarwar | E25: Eight | F25: L | G25: P | I25: L | J25: P | K25: P | L25: P | M25: P | P25: L | Q25: L | R25: L | T25: L | U25: L | W25: =COUNTIF(F25:V25,"P") -> 5 | X25: =COUNTIF(F25:V25,"A") -> 0
A26: 22 | B26: 454 | C26: Zahid Hussain | D26: Mehboob Ali | E26: Eight | F26: P | G26: P | I26: P | J26: P | K26: P | L26: A | M26: P | P26: P | Q26: P | R26: P | T26: P | U26: P | W26: =COUNTIF(F26:V26,"P") -> 11 | X26: =COUNTIF(F26:V26,"A") -> 1
A27: 23 | C27: Rameez | E27: Eight | F27: P | G27: p | I27: P | J27: p | K27: p | L27: p | M27: p | P27: P | Q27: P | R27: P | T27: P | U27: P | W27: =COUNTIF(F27:V27,"P") -> 12 | X27: =COUNTIF(F27:V27,"A") -> 0
A28: 1 | B28: 636 | C28: Asma | D28: Akber Ali | E28: Eight | F28: P | G28: P | I28: P | J28: P | K28: P | L28: P | M28: P | P28: P | Q28: P | R28: P | T28: P | U28: P | W28: =COUNTIF(F28:V28,"P") -> 12 | X28: =COUNTIF(F28:V28,"A") -> 0
A29: 2 | B29: 862 | C29: Aiman Khan | D29: Abid | E29: Eight | F29: P | G29: P | I29: P | J29: P | K29: P | L29: A | M29: A | P29: P | Q29: P | R29: P | T29: P | U29: A | W29: =COUNTIF(F29:V29,"P") -> 9 | X29: =COUNTIF(F29:V29,"A") -> 3
A30: 3 | B30: 870 | C30: Aiman Safdar | D30: Safdar | E30: Eight | F30: P | G30: P | I30: P | J30: P | K30: P | L30: P | M30: L | P30: P | Q30: P | R30: P | T30: A | U30: P | W30: =COUNTIF(F30:V30,"P") -> 10 | X30: =COUNTIF(F30:V30,"A") -> 1
A31: 4 | B31: 626 | C31: Aqsa | D31: Meeral | E31: Eight | F31: P | G31: A | I31: P | J31: P | K31: P | L31: P | M31: P | P31: P | Q31: P | R31: P | T31: P | U31: P | W31: =COUNTIF(F31:V31,"P") -> 11 | X31: =COUNTIF(F31:V31,"A") -> 1
A32: 5 | B32: 871 | C32: Bushra Ubaid | D32: Ubaidullah | E32: Eight | F32: P | G32: P | I32: P | J32: P | K32: P | L32: P | M32: P | P32: P | Q32: P | R32: P | T32: P | U32: P | W32: =COUNTIF(F32:V32,"P") -> 12 | X32: =COUNTIF(F32:V32,"A") -> 0
A33: 6 | B33: 637 | C33: Erum | D33: Zaheer Abbas | E33: Eight | F33: P | G33: P | I33: P | J33: P | K33: P | L33: P | M33: P | P33: P | Q33: P | R33: P | T33: P | U33: P | W33: =COUNTIF(F33:V33,"P") -> 12 | X33: =COUNTIF(F33:V33,"A") -> 0
A34: 7 | B34: 720 | C34: Fatima zahra | D34: Ghulam sabir bhatti | E34: Eight | F34: P | G34: A | I34: P | J34: P | K34: P | L34: P | M34: P | P34: P | Q34: A | R34: P | T34: P | U34: P | W34: =COUNTIF(F34:V34,"P") -> 10 | X34: =COUNTIF(F34:V34,"A") -> 2
A35: 8 | B35: 722 | C35: Fiza | D35: Faiz Bhutto | E35: Eight | F35: P | G35: P | I35: P | J35: P | K35: P | L35: P | M35: P | P35: P | Q35: P | R35: P | T35: P | U35: P | W35: =COUNTIF(F35:V35,"P") -> 12 | X35: =COUNTIF(F35:V35,"A") -> 0
A36: 9 | B36: 352 | C36: Hira Abroo | D36: M.Ibrahim Abro | E36: Eight | F36: P | G36: P | I36: P | J36: P | K36: P | L36: P | M36: P | P36: P | Q36: P | R36: A | T36: P | U36: P | W36: =COUNTIF(F36:V36,"P") -> 11 | X36: =COUNTIF(F36:V36,"A") -> 1
A37: 10 | B37: 350 | C37: Maheen | D37: Arbab Ali | E37: Eight | F37: P | G37: P | I37: P | J37: A | K37: P | L37: P | M37: A | P37: P | Q37: P | R37: P | T37: P | U37: P | W37: =COUNTIF(F37:V37,"P") -> 10 | X37: =COUNTIF(F37:V37,"A") -> 2
A38: 11 | B38: 629 | C38: Muskan | D38: Hamid ali syal | E38: Eight | F38: A | G38: A | I38: A | J38: A | K38: A | L38: A | M38: A | P38: A | Q38: A | R38: A | T38: A | U38: P | W38: =COUNTIF(F38:V38,"P") -> 1 | X38: =COUNTIF(F38:V38,"A") -> 11
A39: 12 | B39: 869 | C39: Muniza Ali Sher | D39: Ali Sher | E39: Eight | F39: P | G39: P | I39: P | J39: P | K39: P | L39: P | M39: P | P39: P | Q39: P | R39: P | T39: P | U39: P | W39: =COUNTIF(F39:V39,"P") -> 12 | X39: =COUNTIF(F39:V39,"A") -> 0
... A44: 18 | B44: 866 | C44: Muskan | D44: Didar | E44: Eight | F44: P | G44: P | I44: P | J44: P | K44: P | L44: P | M44: P | P44: P | Q44: P | R44: P | T44: P | U44: P | W44: =COUNTIF(F44:V44,"P") -> 12 | X44: =COUNTIF(F44:V44,"A") -> 0
A45: 19 | C45: Iffat | E45: Eight | F45: P | G45: P | I45: P | J45: P | K45: A | L45: P | M45: P | P45: P | Q45: L | R45: L | T45: L | U45: L | W45: =COUNTIF(F45:V45,"P") -> 7 | X45: =COUNTIF(F45:V45,"A") -> 1
A46: 20 | B46: 905 | C46: Tamana | D46: M.Faroor | E46: Eight | F46: P | G46: P | I46: P | J46: P | K46: P | L46: P | M46: P | P46: P | Q46: P | R46: P | T46: P | U46: P | W46: =COUNTIF(F46:V46,"P") -> 12 | X46: =COUNTIF(F46:V46,"A") -> 0

Sheet class-9
A1: Goverment high school (SJCHS)
A2: Monthly Attendence Month of MAY-2025
A3: S.No | B3: GR | C3: Student Name | D3: Father Name | E3: Class | F3: =TEXT(F4,"ddd") -> Fri | G3: =TEXT(G4,"ddd") -> Sat | H3: =TEXT(H4,"ddd") -> Sun | I3: =TEXT(I4,"ddd") -> Mon | J3: =TEXT(J4,"ddd") -> Tue | K3: =TEXT(K4,"ddd") -> Wed | L3: =TEXT(L4,"ddd") -> Thu | M3: =TEXT(M4,"ddd") -> Fri | ... V3: =TEXT(V4,"ddd") -> Sun | W3: Present | X3: Absent | Y3: Year 2024
F4: 45870 | G4: 45871 | H4: 45872 | I4: 45873 | J4: 45874 | K4: 45875 | L4: 45876 | M4: 45877 | N4: 45878 | O4: 45879 | P4: 45880 | Q4: 45881 | R4: 45882 | S4: 45883 | T4: 45884 | U4: 45885 | V4: 45886 | Y4: Total days | Z4: =SUM(Z5:Z8) -> 30
A5: 1 | B5: 737 | C5: Azra | D5: Muhammad Usman | E5: Nine | F5: P | G5: P | H5: SUNDAY SUNDAY SUNDAY SUNDAY | I5: P | J5: P | K5: P | L5: P | M5: P | N5: URS SHAH ABDUL LATIF BITHAI | O5: SUNDAY SUNDAY SUNDAY SUNDAY | P5: P | Q5: P | R5: P | S5: INDEPENDENCE DAY | T5: P | U5: P | V5: SUNDAY SUNDAY SUNDAY SUNDAY | W5: =COUNTIF(F5:V5,"P") -> 12 | X5: =COUNTIF(F5:V5,"A") -> 0 | Y5: Working days | Z5: 25
A6: 2 | B6: 734 | C6: Bisma | D6: Nisar Ahmed | E6: Nine | F6: P | G6: A | I6: P | J6: A | K6: P | L6: P | M6: P | P6: P | Q6: A | R6: P | T6: P | U6: P | W6: =COUNTIF(F6:V6,"P") -> 9 | X6: =COUNTIF(F6:V6,"A") -> 3 | Y6: Sunday | Z6: 4
A7: 3 | B7: 787 | C7: Amna | D7: Imran Ali | E7: Nine | F7: A | G7: P | I7: P | J7: P | K7: P | L7: P | M7: P | P7: P | Q7: P | R7: P | T7: P | U7: P | W7: =COUNTIF(F7:V7,"P") -> 11 | X7: =COUNTIF(F7:V7,"A") -> 1 | Y7: Iqbal Day | Z7: 1
A8: 4 | B8: 742 | C8: Hina | D8: Muhammad Ibrahim | E8: Nine | F8: P | G8: P | I8: P | J8: P | K8: P | L8: P | M8: P | P8: P | Q8: P | R8: A | T8: P | U8: P | W8: =COUNTIF(F8:V8,"P") -> 11 | X8: =COUNTIF(F8:V8,"A") -> 1
A9: 5 | B9: 740 | C9: Iqra | D9: Faiz Muhammad | E9: Nine | F9: P | G9: P | I9: P | J9: P | K9: P | L9: P | M9: P | P9: P | Q9: P | R9: P | T9: L | U9: L | W9: =COUNTIF(F9:V9,"P") -> 10 | X9: =COUNTIF(F9:V9,"A") -> 0
A10: 6 | B10: 738 | C10: Iqra | D10: Muhammad Usman | E10: Nine | F10: P | G10: P | I10: P | J10: A | K10: A | L10: P | M10: A | P10: P | Q10: P | R10: P | T10: P | U10: P | W10: =COUNTIF(F10:V10,"P") -> 9 | X10: =COUNTIF(F10:V10,"A") -> 3
A11: 7 | B11: 739 | C11: Kanwal Naz | D11: Zahid Hussain | E11: Nine | F11: P | G11: P | I11: P | J11: P | K11: P | L11: P | M11: P | P11: P | Q11: P | R11: L | T11: P | U11: P | W11: =COUNTIF(F11:V11,"P") -> 11 | X11: =COUNTIF(F11:V11,"A") -> 0 | Y11: Present Days Detail
A12: 8 | B12: 743 | C12: Maria | D12: M. Rehman Abbasi | E12: Nine | F12: P | G12: P | I12: P | J12: P | K12: P | L12: P | M12: P | P12: P | Q12: P | R12: P | T12: P | U12: P | W12: =COUNTIF(F12:V12,"P") -> 12 | X12: =COUNTIF(F12:V12,"A") -> 0 | Y12: Detail | Z12: Boys | AA12: Girls | AB12: Total
A13: 9 | B13: 729 | C13: Murk | D13: Rana Bhutto | E13: Nine | F13: P | G13: P | I13: P | J13: P | K13: P | L13: P | M13: P | P13: P | Q13: P | R13: P | T13: P | U13: P | W13: =COUNTIF(F13:V13,"P") -> 12 | X13: =COUNTIF(F13:V13,"A") -> 0 | Y13: Due Present days | Z13: =19*$Z$5 -> 475 | AA13: =23*$Z$5 -> 575 | AB13: =SUM(Z13:AA13) -> 1050
A14: 10 | B14: 736 | C14: Shadab Aziz | D14: Abdul Aziz | E14: Nine | F14: P | G14: A | I14: P | J14: P | K14: P | L14: P | M14: P | P14: P | Q14: P | R14: P | T14: P | U14: P | W14: =COUNTIF(F14:V14,"P") -> 11 | X14: =COUNTIF(F14:V14,"A") -> 1 | Y14: Actual present days | Z14: =SUM(W25:W37) -> 128 | AA14: =SUM(W5:W24) -> 200 | AB14: =Z14+AA14 -> 328
A15: 11 | B15: 746 | C15: Shaista Rani | D15: M. Moosa | E15: Nine | F15: P | G15: A | I15: P | J15: P | K15: P | L15: P | M15: P | P15: P | Q15: P | R15: P | T15: P | U15: P | W15: =COUNTIF(F15:V15,"P") -> 11 | X15: =COUNTIF(F15:V15,"A") -> 1
A16: 12 | B16: 745 | C16: Tasleem Rani | D16: M. Moosa | E16: Nine | F16: A | G16: A | I16: A | J16: A | K16: A | L16: A | M16: A | P16: A | Q16: A | R16: A | T16: A | U16: A | W16: =COUNTIF(F16:V16,"P") -> 0 | X16: =COUNTIF(F16:V16,"A") -> 12
A17: 13 | B17: 731 | C17: Zarmina | D17: Gulbahar | E17: Nine | F17: A | G17: P | I17: A | J17: P | K17: P | L17: P | M17: A | P17: A | Q17: A | R17: A | T17: P | U17: A | W17: =COUNTIF(F17:V17,"P") -> 5 | X17: =COUNTIF(F17:V17,"A") -> 7
A18: 14 | B18: 856 | C18: Naghma Naz | D18: Zahid Hussain | E18: Nine | F18: P | G18: P | I18: P | J18: P | K18: P | L18: P | M18: P | P18: P | Q18: P | R18: P | T18: P | U18: P | W18: =COUNTIF(F18:V18,"P") -> 12 | X18: =COUNTIF(F18:V18,"A") -> 0 | Y18: Detail | Z18: Boys | AA18: Girls | AB18: Total
A19: 15 | B19: 906 | C19: Dua Bahar | D19: Muktair | E19: Nine | F19: P | G19: P | I19: P | J19: P | K19: P | L19: P | M19: P | P19: P | Q19: P | R19: P | T19: P | U19: P | W19: =COUNTIF(F19:V19,"P") -> 12 | X19: =COUNTIF(F19:V19,"A") -> 0 | Y19: Due Present days | Z19: =19*$Z$5 -> 475 | AA19: =23*$Z$5 -> 575 | AB19: =Z19+AA19 -> 1050
A20: 16 | C20: Kulsoom | D20: Abdul waheed | E20: Nine | F20: p | G20: p | I20: p | J20: p | K20: p | L20: p | M20: p | P20: p | Q20: p | R20: p | T20: p | U20: p | W20: =COUNTIF(F20:V20,"P") -> 12 | X20: =COUNTIF(F20:V20,"A") -> 0 | Y20: Absent days | Z20: =Z19-Z14 -> 347 | AA20: =AA19-AA14 -> 375 | AB20: =Z20+AA20 -> 722
A21: 17 | C21: Sidra | D21: Imtiaz Ali | E21: Nine | F21: P | G21: p | I21: P | J21: p | K21: A | L21: P | M21: A | P21: P | Q21: P | R21: P | T21: P | U21: P | W21: =COUNTIF(F21:V21,"P") -> 10 | X21: =COUNTIF(F21:V21,"A") -> 2
A22: 18 | B22: 846 | C22: Saira | D22: M. Salah | E22: Nine | F22: P | G22: P | I22: P | J22: P | K22: P | L22: P | M22: P | P22: P | Q22: P | R22: P | T22: P | U22: P | W22: =COUNTIF(F22:V22,"P") -> 12 | X22: =COUNTIF(F22:V22,"A") -> 0
A23: 19 | B23: 857 | C23: Muskan | D23: Imran | E23: Nine | F23: P | G23: P | I23: P | J23: P | K23: P | L23: P | M23: P | P23: P | Q23: P | R23: P | T23: P | U23: P | W23: =COUNTIF(F23:V23,"P") -> 12 | X23: =COUNTIF(F23:V23,"A") -> 0
A24: 1 | B24: 730 | C24: Abdul Salam | D24: Abdul Rehman | E24: Nine | F24: A | G24: P | I24: A | J24: A | K24: P | L24: P | M24: A | P24: A | Q24: P | R24: A | T24: P | U24: P | W24: =COUNTIF(F24:V24,"P") -> 6 | X24: =COUNTIF(F24:V24,"A") -> 6
A25: 2 | B25: 732 | C25: Ameer Ali | D25: Gulbahar Ali | E25: Nine | F25: A | G25: P | I25: A | J25: P | K25: P | L25: P | M25: P | P25: A | Q25: A | R25: A | T25: P | U25: A | W25: =COUNTIF(F25:V25,"P") -> 6 | X25: =COUNTIF(F25:V25,"A") -> 6
A26: 3 | B26: 728 | C26: Faizan Ali | D26: Sohail Ahmed | E26: Nine | F26: P | G26: P | I26: P | J26: P | K26: P | L26: P | M26: P | P26: P | Q26: P | R26: P | T26: P | U26: P | W26: =COUNTIF(F26:V26,"P") -> 12 | X26: =COUNTIF(F26:V26,"A") -> 0
A27: 4 | B27: 760 | C27: Ghaibi Khan | D27: Abdul Sattar | E27: Nine | F27: P | G27: P | I27: P | J27: P | K27: P | L27: P | M27: P | P27: P | Q27: A | R27: P | T27: P | U27: P | W27: =COUNTIF(F27:V27,"P") -> 11 | X27: =COUNTIF(F27:V27,"A") -> 1
A28: 5 | B28: 741 | C28: Hasnain | D28: Lutufullah | E28: Nine | F28: A | G28: A | I28: A | J28: A | K28: A | L28: A | M28: A | P28: A | Q28: A | R28: A | T28: P | U28: P | W28: =COUNTIF(F28:V28,"P") -> 2 | X28: =COUNTIF(F28:V28,"A") -> 10
A29: 6 | B29: 744 | C29: M. Ahmed Khalid | D29: Khalid Hussain | E29: Nine | F29: P | G29: P | I29: P | J29: P | K29: P | L29: P | M29: P | P29: P | Q29: P | R29: P | T29: P | U29: P | W29: =COUNTIF(F29:V29,"P") -> 12 | X29: =COUNTIF(F29:V29,"A") -> 0
A30: 7 | B30: 850 | C30: M. Rafi | D30: Abdul Jabbar | E30: Nine | F30: P | G30: P | I30: P | J30: P | K30: P | L30: P | M30: P | P30: P | Q30: P | R30: P | T30: P | U30: P | W30: =COUNTIF(F30:V30,"P") -> 12 | X30: =COUNTIF(F30:V30,"A") -> 0
A31: 8 | B31: 875 | C31: M. Saim | D31: Layaqat Ali | E31: Nine | F31: P | G31: P | I31: P | J31: P | K31: P | L31: P | M31: P | P31: P | Q31: P | R31: P | T31: P | U31: P | W31: =COUNTIF(F31:V31,"P") -> 12 | X31: =COUNTIF(F31:V31,"A") -> 0
A32: 9 | B32: 727 | C32: Muzakir | D32: Gulzar Ahmed | E32: Nine | F32: P | G32: P | I32: P | J32: P | K32: P | L32: P | M32: P | P32: P | Q32: P | R32: P | T32: P | U32: P | W32: =COUNTIF(F32:V32,"P") -> 12 | X32: =COUNTIF(F32:V32,"A") -> 0
A33: 10 | B33: 880 | C33: Shezad Ali | D33: Abdul Qadir | E33: Nine | F33: P | G33: A | I33: P | J33: P | K33: P | L33: P | M33: P | P33: P | Q33: P | R33: P | T33: P | U33: P | W33: =COUNTIF(F33:V33,"P") -> 11 | X33: =COUNTIF(F33:V33,"A") -> 1
... A37: 14 | B37: 854 | C37: Ali Raza | D37: Riaz Ali | E37: Nine | F37: - | G37: - | I37: - | J37: - | K37: - | L37: - | M37: - | P37: - | Q37: P | R37: P | T37: P | U37: P | W37: =COUNTIF(F37:V37,"P") -> 4 | X37: =COUNTIF(F37:V37,"A") -> 0
A38: 15 | C38: Waris Ali | D38: Basheer Ahmed | E38: Nine | F38: p | G38: p | I38: p | J38: p | K38: p | L38: p | M38: p | P38: p | Q38: P | R38: p | T38: P | U38: P | W38: =COUNTIF(F38:V38,"P") -> 12 | X38: =COUNTIF(F38:V38,"A") -> 0
A39: 16 | B39: 902 | C39: samiullah | D39: Maroof Ali | E39: Nine | F39: P | G39: A | I39: P | J39: A | K39: P | L39: P | M39: P | P39: P | Q39: A | R39: P | T39: P | U39: P | W39: =COUNTIF(F39:V39,"P") -> 9 | X39: =COUNTIF(F39:V39,"A") -> 3

Sheet class-10
A1: Goverment high school (SJCHS)
A2: Monthly Attendence Month of MAY-2025
A3: S.No | B3: GR | C3: Student Name | D3: Father Name | E3: Class | F3: =TEXT(F4,"ddd") -> Fri | G3: =TEXT(G4,"ddd") -> Sat | H3: =TEXT(H4,"ddd") -> Sun | I3: =TEXT(I4,"ddd") -> Mon | J3: =TEXT(J4,"ddd") -> Tue | K3: =TEXT(K4,"ddd") -> Wed | L3: =TEXT(L4,"ddd") -> Thu | M3: =TEXT(M4,"ddd") -> Fri | ... V3: =TEXT(V4,"ddd") -> Sun | W3: Present | X3: Absent | Y3: Year 2024
F4: 45870 | G4: 45871 | H4: 45872 | I4: 45873 | J4: 45874 | K4: 45875 | L4: 45876 | M4: 45877 | N4: 45878 | O4: 45879 | P4: 45880 | Q4: 45881 | R4: 45882 | S4: 45883 | T4: 45884 | U4: 45885 | V4: 45886 | Y4: Total days | Z4: =SUM(Z5:Z8) -> 30
A5: 1 | B5: 750 | C5: Asim | D5: M. Haneef | E5: Ten | F5: P | G5: P | H5: SUNDAY SUNDAY SUNDAY SUNDAY | I5: P | J5: P | K5: P | L5: A | M5: A | N5: URS SHAH ABDUL LATIF BITHAI | O5: SUNDAY SUNDAY SUNDAY SUNDAY | P5: P | Q5: P | R5: P | S5: INDEPENDENCE DAY | T5: P | U5: P | V5: SUNDAY SUNDAY SUNDAY SUNDAY | W5: =COUNTIF(F5:V5,"P") -> 10 | X5: =COUNTIF(F5:V5,"A") -> 2 | Y5: Working days | Z5: 25
A6: 2 | B6: 867 | C6: Haseeb ullah | D6: Hafeezullah Abro | E6: Ten | F6: P | G6: P | I6: P | J6: P | K6: P | L6: P | M6: P | P6: P | Q6: P | R6: P | T6: P | U6: L | W6: =COUNTIF(F6:V6,"P") -> 11 | X6: =COUNTIF(F6:V6,"A") -> 0 | Y6: Sunday | Z6: 4
A7: 3 | B7: 754 | C7: Moez | D7: Munawar Ali Bhatti | E7: Ten | F7: P | G7: P | I7: P | J7: P | K7: A | L7: P | M7: P | P7: P | Q7: P | R7: P | T7: P | U7: P | W7: =COUNTIF(F7:V7,"P") -> 11 | X7: =COUNTIF(F7:V7,"A") -> 1 | Y7: Iqbal Day | Z7: 1
A8: 4 | B8: 747 | C8: Mudassir | D8: Gulzar Ahmed | E8: Ten | F8: P | G8: P | I8: P | J8: P | K8: P | L8: P | M8: P | P8: P | Q8: P | R8: P | T8: P | U8: P | W8: =COUNTIF(F8:V8,"P") -> 12 | X8: =COUNTIF(F8:V8,"A") -> 0
A9: 5 | B9: 765 | C9: Taha | D9: Nisar Ahmed | E9: Ten | F9: P | G9: P | I9: P | J9: P | K9: P | L9: P | M9: P | P9: P | Q9: P | R9: P | T9: P | U9: P | W9: =COUNTIF(F9:V9,"P") -> 12 | X9: =COUNTIF(F9:V9,"A") -> 0
A10: 6 | B10: 877 | C10: Nawab Khan | D10: M. Khan | E10: Ten | F10: P | G10: P | I10: P | J10: A | K10: P | L10: P | M10: P | P10: P | Q10: A | R10: P | T10: A | U10: P | W10: =COUNTIF(F10:V10,"P") -> 9 | X10: =COUNTIF(F10:V10,"A") -> 3
A11: 7 | B11: 878 | C11: Meesum Abbas | D11: Waheed ali | E11: Ten | F11: P | G11: P | I11: P | J11: A | K11: A | L11: A | M11: A | P11: P | Q11: A | R11: A | T11: A | U11: A | W11: =COUNTIF(F11:V11,"P") -> 4 | X11: =COUNTIF(F11:V11,"A") -> 8 | Y11: Present Days Detail
A12: 8 | B12: 851 | C12: Manzar Hussain | D12: Ghulam Murtaza | E12: Ten | F12: A | G12: A | I12: A | J12: A | K12: A | L12: A | M12: A | P12: A | Q12: A | R12: A | T12: A | U12: A | W12: =COUNTIF(F12:V12,"P") -> 0 | X12: =COUNTIF(F12:V12,"A") -> 12 | Y12: Detail | Z12: Boys | AA12: Girls | AB12: Total
A13: 9 | B13: 882 | C13: Noorullah | D13: Abdul Jabbar | E13: Ten | F13: P | G13: P | I13: P | J13: P | K13: P | L13: P | M13: P | P13: P | Q13: P | R13: P | T13: P | U13: A | W13: =COUNTIF(F13:V13,"P") -> 11 | X13: =COUNTIF(F13:V13,"A") -> 1 | Y13: Due Present days | Z13: =16*$Z$5 -> 400 | AA13: =19*$Z$5 -> 475 | AB13: =SUM(Z13:AA13) -> 875
A14: 10 | B14: 896 | C14: Saif ur Rehman | D14: Imran Ahmed | E14: Ten | F14: P | G14: P | I14: P | J14: P | K14: A | L14: P | M14: A | P14: P | Q14: P | R14: P | T14: P | U14: P | W14: =COUNTIF(F14:V14,"P") -> 10 | X14: =COUNTIF(F14:V14,"A") -> 2 | Y14: Actual present days | Z14: =SUM(W5:W20) -> 128 | AA14: =SUM(W21:W36) -> 106 | AB14: =Z14+AA14 -> 234
A15: 11 | B15: 891 | C15: Shafique | D15: Rafique Ahmed | E15: Ten | F15: A | G15: A | I15: A | J15: A | K15: P | L15: A | M15: A | P15: A | Q15: A | R15: A | T15: A | U15: P | W15: =COUNTIF(F15:V15,"P") -> 2 | X15: =COUNTIF(F15:V15,"A") -> 10 | Y15: % | Z15: =Z14/Z13 -> 0.32 | AA15: =AA14/AA13 -> 0.22315789 | AB15: =AB14/AB13 -> 0.26742857
A16: 12 | B16: 847 | C16: M.Murtaqeem | D16: Shams | E16: Ten | F16: P | G16: P | I16: P | J16: A | K16: A | L16: P | M16: P | P16: P | Q16: P | R16: P | T16: A | U16: P | W16: =COUNTIF(F16:V16,"P") -> 9 | X16: =COUNTIF(F16:V16,"A") -> 3
A17: 13 | B17: 881 | C17: Shaban | D17: Allah Dino | E17: Ten | F17: P | G17: P | I17: P | J17: A | K17: A | L17: P | M17: P | P17: P | Q17: P | R17: P | T17: A | U17: P | W17: =COUNTIF(F17:V17,"P") -> 9 | X17: =COUNTIF(F17:V17,"A") -> 3
A18: 14 | B18: 859 | C18: M. Shayan | D18: Jawad Ahmed | E18: Ten | F18: P | G18: P | I18: P | J18: P | K18: P | L18: P | M18: P | P18: P | Q18: P | R18: A | T18: A | U18: P | W18: =COUNTIF(F18:V18,"P") -> 10 | X18: =COUNTIF(F18:V18,"A") -> 2
A19: 15 | B19: 849 | C19: Ahram Ali | E19: Ten | F19: A | G19: A | I19: A | J19: A | K19: P | L19: A | M19: A | P19: A | Q19: A | R19: A | T19: A | U19: A | W19: =COUNTIF(F19:V19,"P") -> 1 | X19: =COUNTIF(F19:V19,"A") -> 11 | Y19: Absent Days Details
A20: 1 | B20: 752 | C20: Haleema | D20: Qalandar Bakhsh | E20: Ten | F20: P | G20: P | I20: P | J20: A | K20: A | L20: A | M20: P | P20: P | Q20: A | R20: P | T20: A | U20: P | W20: =COUNTIF(F20:V20,"P") -> 7 | X20: =COUNTIF(F20:V20,"A") -> 5 | Y20: Detail | Z20: Boys | AA20: Girls | AB20: Total
A21: 2 | B21: 751 | C21: Maheen Zulfiqar | D21: Zulfiqar Ali | E21: Ten | F21: P | G21: P | I21: P | J21: A | K21: A | L21: A | M21: P | P21: P | Q21: P | R21: P | T21: A | U21: P | W21: =COUNTIF(F21:V21,"P") -> 8 | X21: =COUNTIF(F21:V21,"A") -> 4 | Y21: Due Present days | Z21: =16*$Z$5 -> 400 | AA21: =19*$Z$5 -> 475 | AB21: =Z21+AA21 -> 875
A22: 3 | B22: 763 | C22: Qandeel Zehra | D22: Waheed Ali | E22: Ten | F22: A | G22: A | I22: A | J22: A | K22: A | L22: A | M22: A | P22: A | Q22: A | R22: A | T22: A | U22: A | W22: =COUNTIF(F22:V22,"P") -> 0 | X22: =COUNTIF(F22:V22,"A") -> 12 | Y22: Absent days | Z22: =Z21-Z14 -> 272 | AA22: =AA21-AA14 -> 369 | AB22: =Z22+AA22 -> 641
A23: 4 | B23: 749 | C23: Sanam | D23: Manzoor Ahmed Memon | E23: Ten | F23: A | G23: A | I23: A | J23: A | K23: A | L23: A | M23: A | P23: A | Q23: A | R23: A | T23: A | U23: A | W23: =COUNTIF(F23:V23,"P") -> 0 | X23: =COUNTIF(F23:V23,"A") -> 12 | Y23: % | Z23: =Z22/Z21 -> 0.68 | AA23: =AA22/AA21 -> 0.77684211 | AB23: =AB22/AB21 -> 0.73257143
A24: 5 | B24: 756 | C24: Zainab | D24: Sultan Ahmed | E24: Ten | F24: A | G24: A | I24: A | J24: A | K24: A | L24: A | M24: A | P24: A | Q24: A | R24: P | T24: P | U24: P | W24: =COUNTIF(F24:V24,"P") -> 3 | X24: =COUNTIF(F24:V24,"A") -> 9
A25: 6 | B25: 876 | C25: Asia | D25: M. Khan | E25: Ten | F25: A | G25: A | I25: A | J25: A | K25: P | L25: P | M25: P | P25: A | Q25: A | R25: P | T25: P | U25: P | W25: =COUNTIF(F25:V25,"P") -> 6 | X25: =COUNTIF(F25:V25,"A") -> 6
A26: 7 | B26: 900 | C26: Tooba | D26: Yasir Ahmed | E26: Ten | F26: P | G26: P | I26: P | J26: P | K26: P | L26: P | M26: P | P26: P | Q26: P | R26: P | T26: P | U26: P | W26: =COUNTIF(F26:V26,"P") -> 12 | X26: =COUNTIF(F26:V26,"A") -> 0
A27: 8 | B27: 888 | C27: Afsheen | D27: Ubaidullah | E27: Ten | F27: A | G27: A | I27: A | J27: A | K27: A | L27: A | M27: A | P27: A | Q27: A | R27: A | T27: A | U27: A | W27: =COUNTIF(F27:V27,"P") -> 0 | X27: =COUNTIF(F27:V27,"A") -> 12
A28: 9 | B28: 901 | C28: Nosheen | D28: Ubaidullah | E28: Ten | F28: A | G28: A | I28: A | J28: A | K28: A | L28: A | M28: A | P28: A | Q28: P | R28: P | T28: P | U28: P | W28: =COUNTIF(F28:V28,"P") -> 4 | X28: =COUNTIF(F28:V28,"A") -> 8
A29: 10 | B29: 887 | C29: Khair Un Nisa | D29: Syed Qutab Ali Shah | E29: Ten | F29: P | G29: P | I29: P | J29: A | K29: A | L29: A | M29: P | P29: P | Q29: A | R29: A | T29: P | U29: P | W29: =COUNTIF(F29:V29,"P") -> 7 | X29: =COUNTIF(F29:V29,"A") -> 5
A30: 11 | B30: 884 | C30: farasha | D30: Mukhtiyar | E30: Ten | F30: P | G30: P | I30: P | J30: P | K30: P | L30: P | M30: P | P30: P | Q30: P | R30: P | T30: P | U30: P | W30: =COUNTIF(F30:V30,"P") -> 12 | X30: =COUNTIF(F30:V30,"A") -> 0
A31: 12 | B31: 898 | C31: Salwa | D31: Imran Ahmed | E31: Ten | F31: P | G31: P | I31: P | J31: P | K31: P | L31: P | M31: P | P31: P | Q31: P | R31: P | T31: A | U31: P | W31: =COUNTIF(F31:V31,"P") -> 11 | X31: =COUNTIF(F31:V31,"A") -> 1
A32: 13 | B32: 899 | C32: Tayyaba | D32: Hafeezullah | E32: Ten | F32: P | G32: P | I32: P | J32: A | K32: A | L32: P | M32: P | P32: P | Q32: P | R32: L | T32: P | U32: P | W32: =COUNTIF(F32:V32,"P") -> 9 | X32: =COUNTIF(F32:V32,"A") -> 2
A33: 14 | B33: 888 | C33: Ayesha | E33: Ten | F33: A | G33: A | I33: A | J33: A | K33: A | L33: A | M33: A | P33: A | Q33: P | R33: P | T33: P | U33: P | W33: =COUNTIF(F33:V33,"P") -> 4 | X33: =COUNTIF(F33:V33,"A") -> 8
A34: 15 | B34: 893 | C34: Kashaf Kanwal | E34: Ten | F34: P | G34: P | I34: P | J34: A | K34: P | L34: P | M34: P | P34: P | Q34: P | R34: P | T34: P | U34: P | W34: =COUNTIF(F34:V34,"P") -> 11 | X34: =COUNTIF(F34:V34,"A") -> 1
A35: 16 | B35: 890 | C35: Sidra | D35: Fida Hussain | E35: Ten | F35: P | G35: P | I35: P | J35: A | K35: P | L35: P | M35: P | P35: P | Q35: A | R35: P | T35: P | U35: P | W35: =COUNTIF(F35:V35,"P") -> 10 | X35: =COUNTIF(F35:V35,"A") -> 2
A36: 17 | B36: 889 | C36: Saima | D36: M. Suleman | E36: Ten | F36: A | G36: P | I36: P | J36: P | K36: P | L36: P | M36: P | P36: L | Q36: L | R36: P | T36: P | U36: P | W36: =COUNTIF(F36:V36,"P") -> 9 | X36: =COUNTIF(F36:V36,"A") -> 1
