Workbook

Sheet Compile Sheet-October-2024
A4: Class | B4: Total Enrolment & Attendance October-24
B5: Boys | C5: Girls | D5: Total | E5: total working Days | F5: Total working days-Boys | G5: Total working days-Girls | H5: Total working days-All | I5: P-Days Boys | J5: P-Days Girls | K5: P-Days All | L5: Percentage-Girls | M5: Percentage-Boys | N5: Percentage-Boys | O5: Total average
A6: ECE (ROSE) | B6: 26 | C6: 26 | D6: =SUM(B6:C6) -> 52 | E6: 24 | F6: =B6*E6 -> 624 | G6: =C6*E6 -> 624 | H6: =SUM(F6:G6) -> 1248 | I6: ='ECE (ROSE)'!AM12 -> 602 | J6: ='ECE (ROSE)'!AN12 -> 575 | K6: =SUM(I6:J6) -> 1177 | L6: =J6/G6 -> 0.92147436 | M6: =I6/F6 -> 0.96474359 | N6: =K6/H6 -> 0.94310897 | O6: =AVERAGE(L6:M6) -> 0.94310897
A7: ECE (Daffodils) | B7: 31 | C7: 25 | D7: =SUM(B7:C7) -> 56 | E7: 24 | F7: =B7*E7 -> 744 | G7: =C7*E7 -> 600 | H7: =SUM(F7:G7) -> 1344 | I7: ='ECE (Daffodils)'!AM12 -> 720 | J7: ='ECE (Daffodils)'!AN12 -> 530 | K7: =SUM(I7:J7) -> 1250 | L7: =J7/G7 -> 0.88333333 | M7: =I7/F7 -> 0.96774194 | N7: =K7/H7 -> 0.93005952 | O7: =AVERAGE(L7:M7) -> 0.92553763
A8: One | B8: 32 | C8: 24 | D8: =SUM(B8:C8) -> 56 | E8: 24 | F8: =B8*E8 -> 768 | G8: =C8*E8 -> 576 | H8: =SUM(F8:G8) -> 1344 | I8: ='Class-I'!AM12 -> 746 | J8: ='Class-I'!AN12 -> 525 | K8: =SUM(I8:J8) -> 1271 | L8: =J8/G8 -> 0.91145833 | M8: =I8/F8 -> 0.97135417 | N8: =K8/H8 -> 0.94568452 | O8: =AVERAGE(L8:M8) -> 0.94140625
A9: Two | B9: 26 | C9: 26 | D9: =SUM(B9:C9) -> 52 | E9: 24 | F9: =B9*E9 -> 624 | G9: =C9*E9 -> 624 | H9: =SUM(F9:G9) -> 1248 | I9: ='Class-II'!AM12 -> 548 | J9: ='Class-II'!AN12 -> 592 | K9: =SUM(I9:J9) -> 1140 | L9: =J9/G9 -> 0.94871795 | M9: =I9/F9 -> 0.87820513 | N9: =K9/H9 -> 0.91346154 | O9: =AVERAGE(L9:M9) -> 0.91346154
A10: Three | B10: 30 | C10: 26 | D10: =SUM(B10:C10) -> 56 | E10: 24 | F10: =B10*E10 -> 720 | G10: =C10*E10 -> 624 | H10: =SUM(F10:G10) -> 1344 | I10: ='Class-III'!AM12 -> 627 | J10: ='Class-III'!AN12 -> 567 | K10: =SUM(I10:J10) -> 1194 | L10: =J10/G10 -> 0.90865385 | M10: =I10/F10 -> 0.87083333 | N10: =K10/H10 -> 0.88839286 | O10: =AVERAGE(L10:M10) -> 0.88974359
A11: Four | B11: 21 | C11: 32 | D11: =SUM(B11:C11) -> 53 | E11: 24 | F11: =B11*E11 -> 504 | G11: =C11*E11 -> 768 | H11: =SUM(F11:G11) -> 1272 | I11: ='Class-IV'!AM12 -> 431 | J11: ='Class-IV'!AN12 -> 704 | K11: =SUM(I11:J11) -> 1135 | L11: =J11/G11 -> 0.91666667 | M11: =I11/F11 -> 0.85515873 | N11: =K11/H11 -> 0.8922956 | O11: =AVERAGE(L11:M11) -> 0.8859127
A12: Five | B12: 23 | C12: 23 | D12: =SUM(B12:C12) -> 46 | E12: 24 | F12: =B12*E12 -> 552 | G12: =C12*E12 -> 552 | H12: =SUM(F12:G12) -> 1104 | I12: ='Class-V'!AM12 -> 540 | J12: ='Class-V'!AN12 -> 437 | K12: =SUM(I12:J12) -> 977 | L12: =J12/G12 -> 0.79166667 | M12: =I12/F12 -> 0.97826087 | N12: =K12/H12 -> 0.88496377 | O12: =AVERAGE(L12:M12) -> 0.88496377
A13: Six | B13: 17 | C13: 26 | D13: =SUM(B13:C13) -> 43 | E13: 24 | F13: =B13*E13 -> 408 | G13: =C13*E13 -> 624 | H13: =SUM(F13:G13) -> 1032 | I13: ='Class-VI'!AM12 -> 383 | J13: ='Class-VI'!AN12 -> 568 | K13: =SUM(I13:J13) -> 951 | L13: =J13/G13 -> 0.91025641 | M13: =I13/F13 -> 0.93872549 | N13: =K13/H13 -> 0.92151163 | O13: =AVERAGE(L13:M13) -> 0.92449095
A14: Seven | B14: 29 | C14: 19 | D14: =SUM(B14:C14) -> 48 | E14: 24 | F14: =B14*E14 -> 696 | G14: =C14*E14 -> 456 | H14: =SUM(F14:G14) -> 1152 | I14: ='Class-VII'!AL12 -> 624 | J14: ='Class-VII'!AM12 -> 426 | K14: =SUM(I14:J14) -> 1050 | L14: =J14/G14 -> 0.93421053 | M14: =I14/F14 -> 0.89655172 | N14: =K14/H14 -> 0.91145833 | O14: =AVERAGE(L14:M14) -> 0.91538113
A15: Eight | B15: 19 | C15: 25 | D15: =SUM(B15:C15) -> 44 | E15: 24 | F15: =B15*E15 -> 456 | G15: =C15*E15 -> 600 | H15: =SUM(F15:G15) -> 1056 | I15: ='Class-VIII'!AM12 -> 405 | J15: ='Class-VIII'!AN12 -> 575 | K15: =SUM(I15:J15) -> 980 | L15: =J15/G15 -> 0.95833333 | M15: =I15/F15 -> 0.88815789 | N15: =K15/H15 -> 0.9280303 | O15: =AVERAGE(L15:M15) -> 0.92324561
A16: Ninth | B16: 18 | C16: 22 | D16: =SUM(B16:C16) -> 40 | E16: 24 | F16: =B16*E16 -> 432 | G16: =C16*E16 -> 528 | H16: =SUM(F16:G16) -> 960 | I16: ='Class-IX'!AM12 -> 369 | J16: ='Class-IX'!AN12 -> 409 | K16: ='Class-IX'!AO12 -> 778 | L16: =J16/G16 -> 0.77462121 | M16: =I16/F16 -> 0.85416667 | N16: =K16/H16 -> 0.81041667 | O16: =AVERAGE(L16:M16) -> 0.81439394
A17: Total | B17: =SUM(B6:B16) -> 272 | C17: =SUM(C6:C16) -> 274 | D17: =SUM(D6:D16) -> 546 | E17: =SUM(E6:E16) -> 264 | F17: =SUM(F6:F16) -> 6528 | G17: =SUM(G6:G16) -> 6576 | H17: =SUM(H6:H16) -> 13104 | I17: =SUM(I6:I16) -> 5995 | ... K17: =SUM(K6:K16) -> 11903 | L17: =J17/G17 -> 0.89841849 | M17: =I17/F17 -> 0.91835172 | N17: =AVERAGE(N6:N16) -> 0.90630761 | O17: =AVERAGE(O6:O16) -> 0.90560419
A18: % | B18: 1 | C18: 1 | D18: 1 | E18: 1 | F18: 1 | G18: 1 | H18: 1 | I18: =I17/F17 -> 0.91835172 | J18: =J17/G17 -> 0.89841849 | K18: =K17/H17 -> 0.9083486 | L18: 0.54 | M18: 0.56 | N18: 0.55 | O18: =AVERAGE(L17:M17) -> 0.9083851

Sheet ECE (ROSE)
A1: Goverment high school (SJCHS)
A2: Monthly Attendence Month of October-2024
A3: S.No | B3: Student Name | C3: Father Name | D3: Class | E3: =TEXT(E4,"ddd") -> Tue | F3: =TEXT(F4,"ddd") -> Wed | G3: =TEXT(G4,"ddd") -> Thu | H3: =TEXT(H4,"ddd") -> Fri | I3: =TEXT(I4,"ddd") -> Sat | J3: =TEXT(J4,"ddd") -> Sun | K3: =TEXT(K4,"ddd") -> Mon | L3: =TEXT(L4,"ddd") -> Tue | ... AI3: =TEXT(AI4,"ddd") -> Thu | AJ3: Present | AK3: Absent | AL3: Year 2024
E4: 45566 | F4: 45567 | G4: 45568 | H4: 45569 | I4: 45570 | J4: 45571 | K4: 45572 | L4: 45573 | M4: 45574 | N4: 45575 | O4: 45576 | P4: 45577 | Q4: 45578 | R4: 45579 | S4: 45580 | T4: 45581 | U4: 45582 | V4: 45583 | W4: 45584 | X4: 45585 | Y4: 45586 | Z4: 45587 | AA4: 45588 | AB4: 45589 | AC4: 45590 | AD4: 45591 | AE4: 45592 | AF4: 45593 | AG4: 45594 | AH4: 45595 | AI4: 45596 | AL4: Total days | AM4: =SUM(AM5:AM7) -> 31
A5: 1 | B5: Eman | C5: Shahnawaz Khan | D5: ECE | E5: P | F5: P | G5: P | H5: P | I5: P | J5: SUNDAY - SUNDAY - SUNDAY - SUNDAY - SUNDAY | K5: P | L5: P | M5: P | N5: A | O5: P | P5: A | Q5: SUNDAY - SUNDAY - SUNDAY - SUNDAY - SUNDAY | R5: L | S5: A | T5: A | U5: A | V5: A | W5: P | X5: SUNDAY - SUNDAY - SUNDAY - SUNDAY - SUNDAY | Y5: P | Z5: P | AA5: P | AB5: P | AC5: P | AD5: P | AE5: SUNDAY - SUNDAY - SUNDAY - SUNDAY - SUNDAY | AF5: P | AG5: P | AH5: P | AI5: P | AJ5: =COUNTIF(E5:AI5,"P") -> 20 | AK5: =COUNTIF(E5:AI5,"A") -> 6 | AL5: Working days | AM5: 27
A6: 2 | B6: Rehan Ali | C6: Abdul Rehman | D6: ECE | E6: P | F6: P | G6: P | H6: P | I6: P | K6: P | L6: P | M6: P | N6: P | O6: P | P6: P | R6: P | S6: P | T6: P | U6: P | V6: A | W6: A | Y6: A | Z6: A | AA6: A | AB6: A | AC6: A | AD6: A | AF6: P | AG6: P | AH6: P | AI6: P | AJ6: =COUNTIF(E6:AI6,"P") -> 19 | AK6: =COUNTIF(E6:AI6,"A") -> 8 | AL6: Sunday | AM6: 4
A7: 3 | B7: Dilkash | C7: Faraz Hussain | D7: ECE | E7: P | F7: P | G7: P | H7: P | I7: P | K7: P | L7: P | M7: P | N7: P | O7: P | P7: P | R7: P | S7: P | T7: P | U7: P | V7: P | W7: A | Y7: P | Z7: P | AA7: P | AB7: P | AC7: P | AD7: P | AF7: P | AG7: P | AH7: P | AI7: P | AJ7: =COUNTIF(E7:AI7,"P") -> 26 | AK7: =COUNTIF(E7:AI7,"A") -> 1
A8: 4 | B8: Masooma | C8: Faiq Ali | D8: ECE | E8: P | F8: P | G8: P | H8: P | I8: P | K8: P | L8: P | M8: P | N8: P | O8: P | P8: A | R8: P | S8: P | T8: P | U8: P | V8: P | W8: P | Y8: P | Z8: P | AA8: P | AB8: P | AC8: P | AD8: A | AF8: P | AG8: P | AH8: P | AI8: P | AJ8: =COUNTIF(E8:AI8,"P") -> 25 | AK8: =COUNTIF(E8:AI8,"A") -> 2
A9: 5 | B9: Ali | C9: Saddam Hussain | D9: ECE | E9: P | F9: P | G9: P | H9: P | I9: A | K9: P | L9: P | M9: P | N9: P | O9: P | P9: P | R9: P | S9: P | T9: A | U9: A | V9: P | W9: P | Y9: P | Z9: P | AA9: P | AB9: P | AC9: A | AD9: A | AF9: P | AG9: P | AH9: P | AI9: P | AJ9: =COUNTIF(E9:AI9,"P") -> 22 | AK9: =COUNTIF(E9:AI9,"A") -> 5 | AL9: Present Days Detail
A10: 6 | B10: Hafsa Batool | C10: Gul Mohammad Chandio | D10: ECE | E10: P | F10: P | G10: P | H10: P | I10: P | K10: P | L10: P | M10: P | N10: P | O10: P | P10: A | R10: P | S10: P | T10: P | U10: P | V10: P | W10: P | Y10: P | Z10: P | AA10: A | AB10: P | AC10: A | AD10: A | AF10: P | AG10: P | AH10: P | AI10: P | AJ10: =COUNTIF(E10:AI10,"P") -> 23 | AK10: =COUNTIF(E10:AI10,"A") -> 4 | AL10: Detail | AM10: Boys | AN10: Girls | AO10: Total
A11: 7 | B11: Mohammad Aliyan | C11: Shabir Ahmed Bhutto | D11: ECE | E11: P | F11: P | G11: P | H11: P | I11: A | K11: P | L11: P | M11: P | N11: A | O11: P | P11: A | R11: P | S11: P | T11: P | U11: P | V11: P | W11: A | Y11: P | Z11: P | AA11: P | AB11: P | AC11: P | AD11: P | AF11: A | AG11: P | AH11: P | AI11: P | AJ11: =COUNTIF(E11:AI11,"P") -> 22 | AK11: =COUNTIF(E11:AI11,"A") -> 5 | AL11: Due Present days | AM11: =26*$AM$5 -> 702 | AN11: =26*$AM$5 -> 702 | AO11: =SUM(AM11:AN11) -> 1404
A12: 8 | B12: Hoor Fatima | C12: Shahid Ali | D12: ECE | E12: P | F12: P | G12: P | H12: P | I12: P | K12: P | L12: P | M12: P | N12: L | O12: L | P12: L | R12: A | S12: A | T12: P | U12: P | V12: P | W12: P | Y12: P | Z12: P | AA12: A | AB12: P | AC12: P | AD12: P | AF12: P | AG12: P | AH12: P | AI12: P | AJ12: =COUNTIF(E12:AI12,"P") -> 21 | AK12: =COUNTIF(E12:AI12,"A") -> 3 | AL12: Actual present days | AM12: =SUM(AJ6,AJ9,AJ11,AJ13,AJ16,AJ21,AJ22,AJ23,AJ24,AJ25,AJ26,AJ27,AJ32,AJ34,AJ36,AJ40,AJ41,AJ43,AJ44,AJ45,AJ46,AJ50,AJ51,AJ52,AJ53,AJ54) -> 602 | AN12: =SUM(AJ5,AJ7,AJ8,AJ10,AJ12,AJ14,AJ15,AJ17,AJ19,AJ20,AJ28,AJ29,AJ30,AJ31,AJ33,AJ35,AJ37,AJ38,AJ39,AJ42,AJ47,AJ48,AJ49,AJ54,AJ55,AJ56) -> 575 | AO12: =AM12+AN12 -> 1177
A13: 9 | B13: Muhammad Sahil | C13: Irshad Ali | D13: ECE | E13: P | F13: P | G13: P | H13: P | I13: P | K13: P | L13: P | M13: P | N13: P | O13: P | P13: P | R13: P | S13: P | T13: P | U13: P | V13: P | W13: P | Y13: P | Z13: P | AA13: P | AB13: P | AC13: P | AD13: P | AF13: P | AG13: P | AH13: P | AI13: P | AJ13: =COUNTIF(E13:AI13,"P") -> 27 | AK13: =COUNTIF(E13:AI13,"A") -> 0 | AL13: % | AM13: =AM12/AM11 -> 0.85754986 | AN13: =AN12/AN11 -> 0.81908832 | AO13: =AO12/AO11 -> 0.83831909
A14: 10 | B14: Kinza | C14: Aijaz Ali | D14: ECE | E14: P | F14: P | G14: P | H14: P | I14: P | K14: P | L14: P | M14: P | N14: P | O14: P | P14: P | R14: P | S14: P | T14: P | U14: P | V14: A | W14: P | Y14: P | Z14: P | AA14: P | AB14: P | AC14: P | AD14: P | AF14: P | AG14: P | AH14: P | AI14: P | AJ14: =COUNTIF(E14:AI14,"P") -> 26 | AK14: =COUNTIF(E14:AI14,"A") -> 1
A15: 11 | B15: Zaryab Sultan | C15: Muhammad Zaman | D15: ECE | E15: P | F15: P | G15: P | H15: P | I15: P | K15: P | L15: P | M15: P | N15: P | O15: P | P15: P | R15: P | S15: P | T15: P | U15: P | V15: P | W15: A | Y15: P | Z15: P | AA15: P | AB15: P | AC15: P | AD15: A | AF15: P | AG15: P | AH15: P | AI15: P | AJ15: =COUNTIF(E15:AI15,"P") -> 25 | AK15: =COUNTIF(E15:AI15,"A") -> 2
A16: 12 | B16: M. Ibrahim | C16: Fayaz Ali Ansari | D16: ECE | E16: P | F16: P | G16: P | H16: P | I16: P | K16: P | L16: P | M16: P | N16: P | O16: P | P16: P | R16: P | S16: P | T16: P | U16: A | V16: A | W16: A | Y16: A | Z16: A | AA16: A | AB16: A | AC16: A | AD16: A | AF16: P | AG16: P | AH16: P | AI16: P | AJ16: =COUNTIF(E16:AI16,"P") -> 18 | AK16: =COUNTIF(E16:AI16,"A") -> 9
A17: 13 | B17: Fatima Ansari | C17: Ayaz Ali Ansari | D17: ECE | E17: P | F17: P | G17: P | H17: P | I17: P | K17: P | L17: P | M17: P | N17: P | O17: P | P17: P | R17: P | S17: P | T17: P | U17: P | V17: P | W17: A | Y17: P | Z17: P | AA17: P | AB17: P | AC17: A | AD17: A | AF17: P | AG17: P | AH17: P | AI17: P | AJ17: =COUNTIF(E17:AI17,"P") -> 24 | AK17: =COUNTIF(E17:AI17,"A") -> 3 | AL17: Absent Days Details
A18: 14 | B18: Zil-e-Huma | C18: Abdul Qayoom | D18: ECE | E18: A | F18: A | G18: A | H18: P | I18: P | K18: P | L18: P | M18: P | N18: P | O18: P | P18: P | R18: A | S18: P | T18: A | U18: A | V18: A | W18: A | Y18: A | Z18: P | AA18: A | AB18: P | AC18: A | AD18: P | AF18: A | AG18: P | AH18: P | AI18: P | AJ18: =COUNTIF(E18:AI18,"P") -> 15 | AK18: =COUNTIF(E18:AI18,"A") -> 12 | AL18: Detail | AM18: Boys | AN18: Girls | AO18: Total
A19: 15 | B19: Ayat Fatima | C19: Imran Hussain | D19: ECE | E19: P | F19: P | G19: P | H19: P | I19: A | K19: A | L19: P | M19: P | N19: P | O19: P | P19: P | R19: P | S19: L | T19: L | U19: L | V19: L | W19: L | Y19: P | Z19: P | AA19: P | AB19: P | AC19: A | AD19: P | AF19: P | AG19: P | AH19: P | AI19: P | AJ19: =COUNTIF(E19:AI19,"P") -> 19 | AK19: =COUNTIF(E19:AI19,"A") -> 3 | AL19: Due Present days | AM19: =26*$AM$5 -> 702 | AN19: =26*$AM$5 -> 702 | AO19: =AM19+AN19 -> 1404
A20: 16 | B20: Aqsa | C20: Ahsan Ali | D20: ECE | E20: P | F20: L | G20: L | H20: L | I20: L | K20: L | L20: L | M20: L | N20: L | O20: L | P20: L | R20: A | S20: A | T20: A | U20: A | V20: A | W20: A | Y20: A | Z20: A | AA20: A | AB20: A | AC20: P | AD20: A | AF20: P | AG20: P | AH20: P | AI20: P | AJ20: =COUNTIF(E20:AI20,"P") -> 6 | AK20: =COUNTIF(E20:AI20,"A") -> 11 | AL20: Absent days | AM20: =AM19-AM12 -> 100 | AN20: =AN19-AN12 -> 127 | AO20: =AM20+AN20 -> 227
A21: 17 | B21: Muhammad Fawad | C21: Waseem Ahmed Channa | D21: ECE | E21: P | F21: P | G21: P | H21: P | I21: P | K21: P | L21: P | M21: P | N21: P | O21: P | R21: P | S21: P | T21: P | U21: P | V21: P | W21: P | Y21: P | Z21: P | AA21: P | AB21: P | AC21: P | AD21: P | AF21: P | AG21: P | AH21: P | AI21: P | AJ21: =COUNTIF(E21:AI21,"P") -> 26 | AK21: =COUNTIF(E21:AI21,"A") -> 0 | AL21: % | AM21: =AM20/AM19 -> 0.14245014 | AN21: =AN20/AN19 -> 0.18091168 | AO21: =AO20/AO19 -> 0.16168091
A22: 18 | B22: Muhammad Haris | C22: M. Shareef Niyazi | D22: ECE | E22: P | F22: P | G22: A | H22: A | I22: A | K22: P | L22: P | M22: P | N22: P | O22: P | P22: P | R22: P | S22: P | T22: P | U22: P | V22: P | W22: P | Y22: P | Z22: P | AA22: A | AB22: P | AC22: P | AD22: P | AF22: P | AG22: P | AH22: P | AI22: P | AJ22: =COUNTIF(E22:AI22,"P") -> 23 | AK22: =COUNTIF(E22:AI22,"A") -> 4
A23: 19 | B23: Muhammad Ayan | C23: Abdul Ghaffar | D23: ECE | E23: P | F23: P | G23: P | H23: P | I23: P | K23: P | L23: P | M23: P | N23: P | O23: P | P23: P | R23: P | S23: P | T23: P | U23: P | V23: P | W23: P | Y23: P | Z23: P | AA23: P | AB23: A | AC23: P | AD23: P | AF23: P | AG23: P | AH23: P | AI23: P | AJ23: =COUNTIF(E23:AI23,"P") -> 26 | AK23: =COUNTIF(E23:AI23,"A") -> 1
A24: 20 | B24: Danish | C24: Ayaz Ali | D24: ECE | E24: P | F24: P | G24: P | H24: P | I24: P | K24: P | L24: P | M24: P | N24: P | O24: P | P24: P | R24: P | S24: P | T24: P | U24: A | V24: P | W24: P | Y24: P | Z24: P | AA24: P | AB24: P | AC24: P | AD24: P | AF24: P | AG24: P | AH24: P | AI24: A | AJ24: =COUNTIF(E24:AI24,"P") -> 25 | AK24: =COUNTIF(E24:AI24,"A") -> 2
A25: 21 | B25: Mujahid Ali | C25: Sajjad Ali | D25: ECE | E25: P | F25: P | G25: P | H25: A | I25: A | K25: P | L25: P | M25: P | N25: P | O25: P | P25: P | R25: P | S25: P | T25: L | U25: L | V25: L | W25: L | Y25: A | Z25: A | AA25: A | AB25: A | AC25: A | AD25: L | AF25: P | AG25: P | AH25: P | AI25: P | AJ25: =COUNTIF(E25:AI25,"P") -> 15 | AK25: =COUNTIF(E25:AI25,"A") -> 7
A26: 22 | B26: Zawar Ali | C26: Kamran Ali | D26: ECE | E26: P | F26: P | G26: P | H26: P | I26: A | K26: P | L26: P | M26: P | N26: P | O26: P | P26: P | R26: P | S26: P | T26: P | U26: P | V26: P | W26: P | Y26: P | Z26: P | AA26: P | AB26: P | AC26: P | AD26: P | AF26: P | AG26: P | AH26: P | AI26: P | AJ26: =COUNTIF(E26:AI26,"P") -> 26 | AK26: =COUNTIF(E26:AI26,"A") -> 1
A27: 23 | B27: Muhammad Rayyan | C27: Ghulam Murtaza | D27: ECE | E27: P | F27: P | G27: P | H27: P | I27: P | K27: P | L27: P | M27: P | N27: L | O27: L | P27: L | R27: P | S27: A | T27: P | U27: P | V27: A | W27: P | Y27: P | Z27: P | AA27: P | AB27: P | AC27: P | AD27: A | AF27: A | AG27: P | AH27: P | AI27: P | AJ27: =COUNTIF(E27:AI27,"P") -> 20 | AK27: =COUNTIF(E27:AI27,"A") -> 4
A28: 24 | B28: Safa | C28: Dil Murad | D28: ECE | E28: P | F28: P | G28: P | H28: P | I28: P | K28: P | L28: P | M28: P | N28: P | O28: P | P28: P | R28: P | S28: P | T28: P | U28: P | V28: P | W28: P | Y28: P | Z28: P | AA28: P | AB28: A | AC28: A | AD28: P | AF28: P | AG28: P | AH28: P | AI28: P | AJ28: =COUNTIF(E28:AI28,"P") -> 25 | AK28: =COUNTIF(E28:AI28,"A") -> 2
A29: 25 | B29: Hifza | C29: Zakir Ali | D29: ECE | E29: P | F29: P | G29: A | H29: P | I29: P | K29: P | L29: P | M29: P | N29: P | O29: P | P29: P | R29: P | S29: P | T29: P | U29: P | V29: P | W29: P | Y29: P | Z29: P | AA29: P | AB29: P | AC29: P | AD29: P | AF29: P | AG29: P | AH29: P | AI29: P | AJ29: =COUNTIF(E29:AI29,"P") -> 26 | AK29: =COUNTIF(E29:AI29,"A") -> 1
A30: 26 | B30: Zameeran | C30: Babar Ali | D30: ECE | E30: P | F30: P | G30: P | H30: P | I30: P | K30: P | L30: P | M30: P | N30: P | O30: P | P30: P | R30: P | S30: P | T30: A | U30: P | V30: P | W30: P | Y30: P | Z30: P | AA30: P | AB30: P | AC30: A | AD30: P | AF30: P | AG30: P | AH30: P | AI30: P | AJ30: =COUNTIF(E30:AI30,"P") -> 25 | AK30: =COUNTIF(E30:AI30,"A") -> 2
A31: 27 | B31: Parwisha | C31: Sarfaraz Ahmed | D31: ECE | E31: A | F31: A | G31: P | H31: P | I31: P | K31: P | L31: P | M31: P | N31: P | O31: P | P31: P | R31: P | S31: P | T31: P | U31: P | V31: P | W31: P | Y31: P | Z31: P | AA31: A | AB31: P | AC31: P | AD31: P | AF31: P | AG31: P | AH31: P | AI31: P | AJ31: =COUNTIF(E31:AI31,"P") -> 24 | AK31: =COUNTIF(E31:AI31,"A") -> 3
A32: 28 | B32: Muhammad Ahad | C32: Khalid Hussain Abbasi | D32: ECE | E32: A | F32: P | G32: P | H32: P | I32: P | K32: P | L32: P | M32: P | N32: P | O32: A | P32: A | R32: P | S32: P | T32: P | U32: P | V32: P | W32: P | Y32: A | Z32: P | AA32: P | AB32: P | AC32: P | AD32: P | AF32: P | AG32: P | AH32: P | AI32: P | AJ32: =COUNTIF(E32:AI32,"P") -> 23 | AK32: =COUNTIF(E32:AI32,"A") -> 4
A33: 29 | B33: Aiza | C33: Irshad-Ul-Haq | D33: ECE | E33: P | F33: P | G33: P | H33: P | I33: P | K33: P | L33: P | M33: P | N33: P | O33: P | P33: P | R33: P | S33: P | T33: P | U33: P | V33: P | W33: P | Y33: P | Z33: P | AA33: P | AB33: P | AC33: P | AD33: P | AF33: P | AG33: P | AH33: P | AI33: P | AJ33: =COUNTIF(E33:AI33,"P") -> 27 | AK33: =COUNTIF(E33:AI33,"A") -> 0
... A40: 36 | B40: M. Awais | C40: Mehboob Ali | D40: ECE | E40: A | F40: L | G40: P | H40: P | I40: P | K40: P | L40: P | M40: A | N40: P | O40: A | P40: P | R40: P | S40: P | T40: P | U40: P | V40: P | W40: P | Y40: P | Z40: P | AA40: P | AB40: P | AC40: P | AD40: P | AF40: P | AG40: P | AH40: P | AI40: P | AJ40: =COUNTIF(E40:AI40,"P") -> 23 | AK40: =COUNTIF(E40:AI40,"A") -> 3
A41: 37 | B41: M. Raheel | D41: ECE | E41: A | F41: L | G41: P | H41: P | I41: P | K41: P | L41: P | M41: P | N41: P | O41: P | P41: P | R41: P | S41: P | T41: P | U41: P | V41: P | W41: P | Y41: P | Z41: P | AA41: A | AB41: P | AC41: P | AD41: P | AF41: P | AG41: P | AH41: P | AI41: P | AJ41: =COUNTIF(E41:AI41,"P") -> 24 | AK41: =COUNTIF(E41:AI41,"A") -> 2
A42: 38 | B42: Fiza | C42: Ahmed | D42: ECE | E42: P | F42: P | G42: P | H42: P | I42: P | K42: P | L42: P | M42: P | N42: P | O42: P | P42: P | R42: P | S42: P | T42: P | U42: P | V42: P | W42: P | Y42: P | Z42: P | AA42: P | AB42: P | AC42: P | AD42: P | AF42: P | AG42: P | AH42: P | AI42: P | AJ42: =COUNTIF(E42:AI42,"P") -> 27 | AK42: =COUNTIF(E42:AI42,"A") -> 0
A43: 39 | B43: Amanullah | C43: Sajid Ahmed | D43: ECE | E43: P | F43: P | G43: P | H43: P | I43: A | K43: P | L43: P | M43: P | N43: P | O43: A | P43: P | R43: P | S43: P | T43: P | U43: A | V43: P | W43: P | Y43: P | Z43: P | AA43: P | AB43: A | AC43: A | AD43: P | AF43: A | AG43: A | AH43: P | AI43: P | AJ43: =COUNTIF(E43:AI43,"P") -> 20 | AK43: =COUNTIF(E43:AI43,"A") -> 7
A44: 40 | B44: Ahmed Ali | C44: Asghar Ali | D44: ECE | E44: P | F44: P | G44: P | H44: P | I44: A | K44: P | L44: P | M44: P | N44: P | O44: P | P44: P | R44: P | S44: P | T44: P | U44: A | V44: P | W44: P | Y44: P | Z44: P | AA44: P | AB44: P | AC44: P | AD44: P | AF44: P | AG44: P | AH44: P | AI44: P | AJ44: =COUNTIF(E44:AI44,"P") -> 25 | AK44: =COUNTIF(E44:AI44,"A") -> 2
A45: 41 | B45: M. Qasim | C45: Abdul Hameed | D45: ECE | E45: P | F45: P | G45: P | H45: P | I45: P | K45: A | L45: A | M45: P | N45: P | O45: A | P45: P | R45: P | S45: P | T45: P | U45: P | V45: P | W45: P | Y45: A | Z45: A | AA45: P | AB45: P | AC45: P | AD45: A | AF45: P | AG45: P | AH45: P | AI45: A | AJ45: =COUNTIF(E45:AI45,"P") -> 20 | AK45: =COUNTIF(E45:AI45,"A") -> 7
A46: 42 | B46: Shahbaz Ali | C46: Muhammad Ibrahim | D46: ECE | E46: P | F46: P | G46: P | H46: P | I46: P | K46: P | L46: P | M46: P | N46: P | O46: P | P46: A | R46: P | S46: P | T46: P | U46: P | V46: P | W46: P | Y46: P | Z46: P | AA46: P | AB46: P | AC46: P | AD46: P | AF46: P | AG46: P | AH46: P | AI46: P | AJ46: =COUNTIF(E46:AI46,"P") -> 26 | AK46: =COUNTIF(E46:AI46,"A") -> 1
A47: 43 | B47: Eshaal | C47: M. Fahad | D47: ECE | E47: P | F47: P | G47: P | H47: P | I47: A | K47: P | L47: P | M47: P | N47: P | O47: P | P47: P | R47: P | S47: P | T47: P | U47: P | V47: P | W47: P | Y47: P | Z47: P | AA47: P | AB47: P | AC47: P | AD47: A | AF47: P | AG47: P | AH47: P | AI47: P | AJ47: =COUNTIF(E47:AI47,"P") -> 25 | AK47: =COUNTIF(E47:AI47,"A") -> 2
A48: 44 | B48: Rija Batool | C48: Ghulam Mehdi | D48: ECE | E48: P | F48: A | G48: P | H48: P | I48: A | K48: P | L48: P | M48: P | N48: P | O48: P | P48: P | R48: P | S48: P | T48: P | U48: P | V48: A | W48: P | Y48: P | Z48: P | AA48: P | AB48: A | AC48: A | AD48: P | AF48: P | AG48: P | AH48: P | AI48: P | AJ48: =COUNTIF(E48:AI48,"P") -> 22 | AK48: =COUNTIF(E48:AI48,"A") -> 5
A49: 45 | B49: Musfiral | C49: Faisal | D49: ECE | E49: P | F49: P | G49: P | H49: P | I49: P | K49: P | L49: P | M49: P | N49: P | O49: P | P49: P | R49: P | S49: P | T49: P | U49: P | V49: A | W49: P | Y49: P | Z49: P | AA49: P | AB49: P | AC49: A | AD49: P | AF49: P | AG49: P | AH49: P | AI49: P | AJ49: =COUNTIF(E49:AI49,"P") -> 25 | AK49: =COUNTIF(E49:AI49,"A") -> 2
A50: 46 | B50: Saifullah | C50: Farooq Ali | D50: ECE | E50: P | F50: A | G50: P | H50: P | I50: A | K50: P | L50: P | M50: P | N50: A | O50: A | P50: A | R50: A | S50: A | T50: P | U50: P | V50: P | W50: A | Y50: P | Z50: P | AA50: P | AB50: P | AC50: A | AD50: P | AF50: P | AG50: P | AH50: P | AI50: P | AJ50: =COUNTIF(E50:AI50,"P") -> 18 | AK50: =COUNTIF(E50:AI50,"A") -> 9
A51: 47 | B51: Ali Usman | C51: Ali | D51: ECE | E51: P | F51: P | G51: P | H51: P | I51: P | K51: P | L51: P | M51: P | N51: P | O51: A | P51: P | R51: P | S51: P | T51: P | U51: P | V51: P | W51: P | Y51: P | Z51: P | AA51: P | AB51: P | AC51: P | AD51: P | AF51: P | AG51: P | AH51: P | AI51: P | AJ51: =COUNTIF(E51:AI51,"P") -> 26 | AK51: =COUNTIF(E51:AI51,"A") -> 1
A52: 48 | B52: Ali Sher | C52: Rajab Ali | D52: ECE | E52: P | F52: P | G52: P | H52: P | I52: P | K52: P | L52: P | M52: P | N52: P | O52: P | P52: P | R52: P | S52: P | T52: P | U52: P | V52: P | W52: P | Y52: P | Z52: P | AA52: P | AB52: P | AC52: P | AD52: P | AF52: P | AG52: P | AH52: P | AI52: P | AJ52: =COUNTIF(E52:AI52,"P") -> 27 | AK52: =COUNTIF(E52:AI52,"A") -> 0
A53: 49 | B53: Abdullah | C53: Jameel Hussain | D53: ECE | E53: P | F53: P | G53: P | H53: P | I53: P | K53: P | L53: P | M53: P | N53: P | O53: P | P53: P | R53: P | S53: P | T53: P | U53: L | V53: L | W53: L | Y53: P | Z53: P | AA53: P | AB53: P | AC53: P | AD53: P | AF53: P | AG53: P | AH53: P | AI53: P | AJ53: =COUNTIF(E53:AI53,"P") -> 24 | AK53: =COUNTIF(E53:AI53,"A") -> 0
A54: 50 | B54: Israr | C54: Zulfiqar Ali | D54: ECE | E54: P | F54: P | G54: P | H54: P | I54: A | K54: P | L54: P | M54: P | N54: P | O54: P | P54: A | R54: P | S54: P | T54: P | U54: P | V54: P | W54: P | Y54: P | Z54: P | AA54: P | AB54: P | AC54: L | AD54: P | AF54: P | AG54: P | AH54: P | AI54: P | AJ54: =COUNTIF(E54:AI54,"P") -> 24 | AK54: =COUNTIF(E54:AI54,"A") -> 2
A55: 51 | B55: Zakria | D55: ECE | E55: - | F55: - | G55: - | H55: P | I55: A | K55: A | L55: A | M55: A | N55: P | O55: P | P55: P | R55: P | S55: P | T55: P | U55: P | V55: P | W55: P | Y55: P | Z55: P | AA55: P | AB55: P | AC55: P | AD55: P | AF55: P | AG55: P | AH55: P | AI55: A | AJ55: =COUNTIF(E55:AI55,"P") -> 19 | AK55: =COUNTIF(E55:AI55,"A") -> 5
A56: 52 | B56: Anabia | D56: ECE | E56: - | F56: - | G56: - | H56: - | I56: - | K56: P | L56: A | M56: A | N56: P | O56: A | P56: A | R56: A | S56: A | T56: A | U56: P | V56: P | W56: A | Y56: P | Z56: P | AA56: P | AB56: P | AC56: A | AD56: A | AF56: A | AG56: P | AH56: P | AI56: A | AJ56: =COUNTIF(E56:AI56,"P") -> 10 | AK56: =COUNTIF(E56:AI56,"A") -> 12

Sheet ECE (Daffodils)
A1: Goverment high school (SJCHS)
A2: Monthly Attendence Month of October-2024
A3: S.No | B3: Student Name | C3: Father Name | D3: Class | E3: =TEXT(E4,"ddd") -> Tue | F3: =TEXT(F4,"ddd") -> Wed | G3: =TEXT(G4,"ddd") -> Thu | H3: =TEXT(H4,"ddd") -> Fri | I3: =TEXT(I4,"ddd") -> Sat | J3: =TEXT(J4,"ddd") -> Sun | K3: =TEXT(K4,"ddd") -> Mon | L3: =TEXT(L4,"ddd") -> Tue | ... AI3: =TEXT(AI4,"ddd") -> Thu | AJ3: Present | AK3: Absent | AL3: Year 2024
E4: 45566 | F4: 45567 | G4: 45568 | H4: 45569 | I4: 45570 | J4: 45571 | K4: 45572 | L4: 45573 | M4: 45574 | N4: 45575 | O4: 45576 | P4: 45577 | Q4: 45578 | R4: 45579 | S4: 45580 | T4: 45581 | U4: 45582 | V4: 45583 | W4: 45584 | X4: 45585 | Y4: 45586 | Z4: 45587 | AA4: 45588 | AB4: 45589 | AC4: 45590 | AD4: 45591 | AE4: 45592 | AF4: 45593 | AG4: 45594 | AH4: 45595 | AI4: 45596 | AL4: Total days | AM4: =SUM(AM5:AM7) -> 31
A5: 1 | B5: Alishba Batool | C5: Irfan Ali | D5: ECE | E5: P | F5: P | G5: P | H5: P | I5: A | J5: SUNDAY - SUNDAY - SUNDAY - SUNDAY - SUNDAY - SUNDAY - SUNDAY - SUNDAY - SUNDAY | K5: P | L5: P | M5: P | N5: P | O5: P | P5: P | Q5: SUNDAY - SUNDAY - SUNDAY - SUNDAY - SUNDAY - SUNDAY - SUNDAY - SUNDAY - SUNDAY | R5: P | S5: P | T5: P | U5: P | V5: P | W5: P | X5: SUNDAY - SUNDAY - SUNDAY - SUNDAY - SUNDAY - SUNDAY - SUNDAY - SUNDAY - SUNDAY | Y5: P | Z5: P | AA5: P | AB5: P | AC5: P | AD5: P | AE5: SUNDAY - SUNDAY - SUNDAY - SUNDAY - SUNDAY - SUNDAY - SUNDAY - SUNDAY - SUNDAY | AF5: P | AG5: P | AH5: P | AI5: P | AJ5: =COUNTIF(E5:AI5,"P") -> 26 | AK5: =COUNTIF(E5:AI5,"A") -> 1 | AL5: Working days | AM5: 27
A6: 2 | B6: Amna | C6: Imtiaz Hussain | D6: ECE | E6: P | F6: P | G6: P | H6: P | I6: P | K6: P | L6: P | M6: P | N6: P | O6: P | P6: P | R6: P | S6: P | T6: P | U6: P | V6: A | W6: P | Y6: P | Z6: P | AA6: P | AB6: P | AC6: P | AD6: A | AF6: P | AG6: P | AH6: P | AI6: P | AJ6: =COUNTIF(E6:AI6,"P") -> 25 | AK6: =COUNTIF(E6:AI6,"A") -> 2 | AL6: Sunday | AM6: 4
A7: 3 | B7: Aniza Memon | C7: M. Qasim | D7: ECE | E7: P | F7: P | G7: P | H7: P | I7: A | K7: P | L7: A | M7: P | N7: P | O7: P | P7: A | R7: P | S7: P | T7: P | U7: P | V7: P | W7: A | Y7: A | Z7: P | AA7: A | AB7: P | AC7: A | AD7: A | AF7: P | AG7: P | AH7: P | AI7: P | AJ7: =COUNTIF(E7:AI7,"P") -> 19 | AK7: =COUNTIF(E7:AI7,"A") -> 8
A8: 4 | B8: Areeba | C8: Altaf Hussain | D8: ECE | E8: P | F8: P | G8: P | H8: P | I8: P | K8: P | L8: P | M8: P | N8: A | O8: A | P8: A | R8: A | S8: P | T8: P | U8: P | V8: P | W8: P | Y8: P | Z8: P | AA8: P | AB8: P | AC8: P | AD8: A | AF8: P | AG8: P | AH8: A | AI8: P | AJ8: =COUNTIF(E8:AI8,"P") -> 21 | AK8: =COUNTIF(E8:AI8,"A") -> 6
A9: 5 | B9: Batool | C9: Amjad Ali | D9: ECE | E9: P | F9: P | G9: P | H9: P | I9: A | K9: A | L9: A | M9: A | N9: A | O9: A | P9: L | R9: L | S9: L | T9: L | U9: L | V9: L | W9: L | Y9: L | Z9: L | AA9: L | AB9: L | AC9: L | AD9: L | AF9: L | AG9: L | AH9: L | AI9: L | AJ9: =COUNTIF(E9:AI9,"P") -> 4 | AK9: =COUNTIF(E9:AI9,"A") -> 6 | AL9: Present Days Detail
A10: 6 | B10: Dua | C10: Khalid Hussain | D10: ECE | E10: P | F10: P | G10: P | H10: P | I10: P | K10: P | L10: P | M10: P | N10: P | O10: P | P10: P | R10: P | S10: P | T10: P | U10: P | V10: P | W10: P | Y10: P | Z10: P | AA10: P | AB10: P | AC10: P | AD10: P | AF10: P | AG10: P | AH10: P | AI10: P | AJ10: =COUNTIF(E10:AI10,"P") -> 27 | AK10: =COUNTIF(E10:AI10,"A") -> 0 | AL10: Detail | AM10: Boys | AN10: Girls | AO10: Total
A11: 7 | B11: Faiza | C11: Liaqat Ali | D11: ECE | E11: P | F11: P | G11: P | H11: P | I11: A | K11: P | L11: P | M11: P | N11: P | O11: P | P11: P | R11: P | S11: P | T11: P | U11: P | V11: P | W11: P | Y11: P | Z11: P | AA11: A | AB11: P | AC11: P | AD11: P | AF11: P | AG11: P | AH11: P | AI11: P | AJ11: =COUNTIF(E11:AI11,"P") -> 25 | AK11: =COUNTIF(E11:AI11,"A") -> 2 | AL11: Due Present days | AM11: =31*$AM$5 -> 837 | AN11: =25*$AM$5 -> 675 | AO11: =SUM(AM11:AN11) -> 1512
A12: 8 | B12: Fatima | C12: Aziz-ur-Rehman | D12: ECE | E12: P | F12: P | G12: A | H12: A | I12: A | K12: A | L12: P | M12: P | N12: P | O12: P | P12: P | R12: P | S12: P | T12: P | U12: P | V12: P | W12: P | Y12: P | Z12: P | AA12: P | AB12: P | AC12: P | AD12: P | AF12: P | AG12: P | AH12: P | AI12: P | AJ12: =COUNTIF(E12:AI12,"P") -> 23 | AK12: =COUNTIF(E12:AI12,"A") -> 4 | AL12: Actual present days | AM12: =SUM(AJ30:AJ60) -> 720 | AN12: =SUM(AJ5:AJ29) -> 530 | AO12: =AM12+AN12 -> 1250
A13: 9 | B13: Hafsa | C13: Hafeezullah | D13: ECE | E13: A | F13: A | G13: A | H13: P | I13: P | K13: P | L13: P | M13: P | N13: P | O13: P | P13: P | R13: P | S13: P | T13: P | U13: P | V13: P | W13: P | Y13: P | Z13: P | AA13: P | AB13: P | AC13: P | AD13: P | AF13: P | AG13: P | AH13: P | AI13: P | AJ13: =COUNTIF(E13:AI13,"P") -> 24 | AK13: =COUNTIF(E13:AI13,"A") -> 3 | AL13: % | AM13: =AM12/AM11 -> 0.86021505 | AN13: =AN12/AN11 -> 0.78518519 | AO13: =AO12/AO11 -> 0.82671958
A14: 10 | B14: Insha Arzoo | C14: Meeral | D14: ECE | E14: P | F14: P | G14: P | H14: P | I14: P | K14: P | L14: P | M14: P | N14: P | O14: P | P14: A | R14: P | S14: P | T14: P | U14: A | V14: P | W14: P | Y14: P | Z14: P | AA14: P | AB14: A | AC14: A | AD14: A | AF14: A | AG14: P | AH14: P | AI14: P | AJ14: =COUNTIF(E14:AI14,"P") -> 21 | AK14: =COUNTIF(E14:AI14,"A") -> 6
A15: 11 | B15: Kauser Fatima | C15: Amir Jamil | D15: ECE | E15: P | F15: P | G15: P | H15: P | I15: P | K15: P | L15: P | M15: P | N15: P | O15: P | P15: P | R15: A | S15: P | T15: P | U15: P | V15: P | W15: P | Y15: P | Z15: P | AA15: P | AB15: P | AC15: P | AD15: P | AF15: P | AG15: P | AH15: P | AI15: P | AJ15: =COUNTIF(E15:AI15,"P") -> 26 | AK15: =COUNTIF(E15:AI15,"A") -> 1
A16: 12 | B16: Mehrunisa | C16: Aijaz Ali | D16: ECE | E16: P | F16: P | G16: P | H16: P | I16: A | K16: P | L16: P | M16: P | N16: A | O16: P | P16: P | R16: P | S16: P | T16: A | U16: P | V16: P | W16: P | Y16: P | Z16: P | AA16: P | AB16: P | AC16: P | AD16: P | AF16: P | AG16: P | AH16: P | AI16: A | AJ16: =COUNTIF(E16:AI16,"P") -> 23 | AK16: =COUNTIF(E16:AI16,"A") -> 4
A17: 13 | B17: Mirha | C17: M. Luqman | D17: ECE | E17: P | F17: P | G17: P | H17: P | I17: P | K17: P | L17: P | M17: P | N17: P | O17: P | P17: L | R17: L | S17: P | T17: P | U17: P | V17: P | W17: P | Y17: P | Z17: P | AA17: P | AB17: P | AC17: P | AD17: P | AF17: P | AG17: P | AH17: P | AI17: P | AJ17: =COUNTIF(E17:AI17,"P") -> 25 | AK17: =COUNTIF(E17:AI17,"A") -> 0 | AL17: Absent Days Details
A18: 14 | B18: Misbah Bhutto | C18: M. Azeem | D18: ECE | E18: P | F18: P | G18: P | H18: P | I18: P | K18: P | L18: P | M18: P | N18: P | O18: P | P18: A | R18: A | S18: P | T18: P | U18: P | V18: P | W18: P | Y18: A | Z18: P | AA18: P | AB18: P | AC18: P | AD18: A | AF18: P | AG18: P | AH18: P | AI18: P | AJ18: =COUNTIF(E18:AI18,"P") -> 23 | AK18: =COUNTIF(E18:AI18,"A") -> 4 | AL18: Detail | AM18: Boys | AN18: Girls | AO18: Total
A19: 15 | B19: Rimsha | C19: Meer Ameer-ud-Din | D19: ECE | E19: A | F19: A | G19: A | H19: A | I19: A | K19: P | L19: P | M19: P | N19: P | O19: P | P19: P | R19: A | S19: P | T19: P | U19: P | V19: P | W19: P | Y19: P | Z19: P | AA19: P | AB19: P | AC19: A | AD19: P | AF19: P | AG19: P | AH19: P | AI19: P | AJ19: =COUNTIF(E19:AI19,"P") -> 20 | AK19: =COUNTIF(E19:AI19,"A") -> 7 | AL19: Due Present days | AM19: =31*$AM$5 -> 837 | AN19: =25*$AM$5 -> 675 | AO19: =AM19+AN19 -> 1512
A20: 16 | B20: Sidra | C20: Khalid Hussain | D20: ECE | E20: P | F20: P | G20: P | H20: P | I20: P | K20: P | L20: P | M20: P | N20: P | O20: P | P20: P | R20: P | S20: P | T20: P | U20: P | V20: P | W20: P | Y20: P | Z20: P | AA20: P | AB20: P | AC20: P | AD20: P | AF20: P | AG20: P | AH20: P | AI20: P | AJ20: =COUNTIF(E20:AI20,"P") -> 27 | AK20: =COUNTIF(E20:AI20,"A") -> 0 | AL20: Absent days | AM20: =AM19-AM12 -> 117 | AN20: =AN19-AN12 -> 145 | AO20: =AM20+AN20 -> 262
A21: 17 | B21: Sidra Batool | C21: M. Khan | D21: ECE | E21: P | F21: P | G21: P | H21: P | I21: P | K21: P | L21: P | M21: P | N21: P | O21: P | P21: P | R21: P | S21: P | T21: P | U21: P | V21: P | W21: P | Y21: P | Z21: P | AA21: P | AB21: P | AC21: P | AD21: P | AF21: P | AG21: P | AH21: P | AI21: P | AJ21: =COUNTIF(E21:AI21,"P") -> 27 | AK21: =COUNTIF(E21:AI21,"A") -> 0 | AL21: % | AM21: =AM20/AM19 -> 0.13978495 | AN21: =AN20/AN19 -> 0.21481481 | AO21: =AO20/AO19 -> 0.17328042
A22: 18 | B22: Taniya Bibi | C22: Wazir Ali | D22: ECE | E22: P | F22: P | G22: P | H22: A | I22: P | K22: P | L22: P | M22: P | N22: A | O22: A | P22: P | R22: P | S22: A | T22: P | U22: P | V22: P | W22: P | Y22: P | Z22: A | AA22: P | AB22: P | AC22: P | AD22: P | AF22: A | AG22: P | AH22: P | AI22: A | AJ22: =COUNTIF(E22:AI22,"P") -> 20 | AK22: =COUNTIF(E22:AI22,"A") -> 7
A23: 19 | B23: Tanzeela | C23: Hizbullah | D23: ECE | E23: P | F23: P | G23: A | H23: A | I23: A | K23: A | L23: A | M23: A | N23: A | O23: A | P23: A | R23: A | S23: P | T23: P | U23: P | V23: P | W23: A | Y23: P | Z23: P | AA23: P | AB23: P | AC23: P | AD23: P | AF23: P | AG23: P | AH23: P | AI23: P | AJ23: =COUNTIF(E23:AI23,"P") -> 16 | AK23: =COUNTIF(E23:AI23,"A") -> 11
A24: 20 | B24: Tayaba Fatima | C24: Waseem Ahmed | D24: ECE | E24: P | F24: P | G24: P | H24: P | I24: P | K24: P | L24: P | M24: P | N24: P | O24: P | P24: A | R24: P | S24: P | T24: P | U24: P | V24: P | W24: P | Y24: P | Z24: P | AA24: P | AB24: P | AC24: P | AD24: A | AF24: P | AG24: P | AH24: P | AI24: P | AJ24: =COUNTIF(E24:AI24,"P") -> 25 | AK24: =COUNTIF(E24:AI24,"A") -> 2
A25: 21 | B25: Tooba Noor | C25: M. Shareef | D25: ECE | E25: P | F25: P | G25: P | H25: P | I25: A | K25: P | L25: P | M25: P | N25: P | O25: P | P25: P | R25: P | S25: P | T25: P | U25: P | V25: P | W25: P | Y25: P | Z25: P | AA25: P | AB25: P | AC25: P | AD25: P | AF25: P | AG25: P | AH25: P | AI25: P | AJ25: =COUNTIF(E25:AI25,"P") -> 26 | AK25: =COUNTIF(E25:AI25,"A") -> 1
A26: 22 | B26: Umm-e-Kulsoom | C26: Shah Ali | D26: ECE | E26: P | F26: P | G26: P | H26: P | I26: A | K26: P | L26: P | M26: P | N26: P | O26: P | P26: A | R26: P | S26: P | T26: P | U26: P | V26: P | W26: P | Y26: P | Z26: P | AA26: P | AB26: P | AC26: P | AD26: P | AF26: P | AG26: P | AH26: P | AI26: P | AJ26: =COUNTIF(E26:AI26,"P") -> 25 | AK26: =COUNTIF(E26:AI26,"A") -> 2
A27: 23 | B27: Zunaira | C27: Amjad Ali | D27: ECE | E27: P | F27: A | G27: A | H27: A | I27: A | K27: A | L27: A | M27: A | N27: A | O27: A | P27: A | R27: L | S27: L | T27: L | U27: L | V27: L | W27: L | Y27: L | Z27: L | AA27: L | AB27: L | AC27: L | AD27: L | AF27: L | AG27: L | AH27: L | AI27: L | AJ27: =COUNTIF(E27:AI27,"P") -> 1 | AK27: =COUNTIF(E27:AI27,"A") -> 10
A28: 24 | B28: Sahib Khatoon | C28: A. Qayoom | D28: ECE | E28: A | F28: A | G28: A | H28: A | I28: P | K28: P | L28: P | M28: P | N28: P | O28: A | P28: P | R28: A | S28: P | T28: A | U28: L | V28: L | W28: L | Y28: L | Z28: P | AA28: A | AB28: P | AC28: A | AD28: A | AF28: P | AG28: P | AH28: P | AI28: P | AJ28: =COUNTIF(E28:AI28,"P") -> 13 | AK28: =COUNTIF(E28:AI28,"A") -> 10
A29: 25 | B29: Parsa Batool | D29: ECE | E29: P | F29: A | G29: P | H29: A | I29: A | K29: P | L29: P | M29: P | N29: A | O29: P | P29: A | R29: P | S29: P | T29: P | U29: A | V29: P | W29: P | Y29: P | Z29: P | AA29: P | AB29: P | AC29: A | AD29: P | AF29: P | AG29: A | AH29: P | AI29: A | AJ29: =COUNTIF(E29:AI29,"P") -> 18 | AK29: =COUNTIF(E29:AI29,"A") -> 9
A30: 1 | B30: Abrar | C30: Jan Muhammad | D30: ECE | E30: P | F30: A | G30: L | H30: L | I30: A | K30: P | L30: P | M30: P | N30: P | O30: P | P30: P | R30: P | S30: P | T30: P | U30: P | V30: P | W30: P | Y30: P | Z30: P | AA30: P | AB30: P | AC30: P | AD30: P | AF30: P | AG30: P | AH30: P | AI30: P | AJ30: =COUNTIF(E30:AI30,"P") -> 23 | AK30: =COUNTIF(E30:AI30,"A") -> 2
A31: 2 | B31: Azan Shafeeque | C31: M. Shafeeque | D31: ECE | E31: P | F31: A | G31: A | H31: A | I31: A | K31: P | L31: P | M31: P | N31: P | O31: P | P31: P | R31: P | S31: P | T31: P | U31: P | V31: P | W31: P | Y31: P | Z31: P | AA31: P | AB31: P | AC31: P | AD31: P | AF31: P | AG31: P | AH31: P | AI31: P | AJ31: =COUNTIF(E31:AI31,"P") -> 23 | AK31: =COUNTIF(E31:AI31,"A") -> 4
A32: 3 | B32: Azan Fayaz | C32: Fayaz Hussain | D32: ECE | E32: P | F32: P | G32: P | H32: P | I32: A | K32: P | L32: P | M32: P | N32: P | O32: P | P32: P | R32: P | S32: P | T32: P | U32: P | V32: P | W32: P | Y32: P | Z32: P | AA32: P | AB32: P | AC32: P | AD32: P | AF32: P | AG32: P | AH32: P | AI32: P | AJ32: =COUNTIF(E32:AI32,"P") -> 26 | AK32: =COUNTIF(E32:AI32,"A") -> 1
A33: 4 | B33: Adil Ahmed | C33: Faiz Muhammad | D33: ECE | E33: P | F33: P | G33: P | H33: P | I33: A | K33: P | L33: P | M33: P | N33: P | O33: P | P33: A | R33: P | S33: P | T33: P | U33: P | V33: A | W33: P | Y33: P | Z33: P | AA33: P | AB33: P | AC33: P | AD33: P | AF33: P | AG33: P | AH33: P | AI33: P | AJ33: =COUNTIF(E33:AI33,"P") -> 24 | AK33: =COUNTIF(E33:AI33,"A") -> 3
A34: 5 | B34: Ab. Qudoos | C34: Sikandar | D34: ECE | E34: P | F34: P | G34: P | H34: P | I34: A | K34: P | L34: P | M34: P | N34: P | O34: P | P34: P | R34: P | S34: P | T34: P | U34: P | V34: P | W34: P | Y34: P | Z34: P | AA34: P | AB34: P | AC34: P | AD34: P | AF34: P | AG34: P | AH34: P | AI34: P | AJ34: =COUNTIF(E34:AI34,"P") -> 26 | AK34: =COUNTIF(E34:AI34,"A") -> 1
A35: 6 | B35: Ab. Rehman | C35: M. Aslam | D35: ECE | E35: P | F35: P | G35: P | H35: P | I35: P | K35: P | L35: P | M35: P | N35: P | O35: A | P35: A | R35: A | S35: A | T35: P | U35: P | V35: P | W35: A | Y35: P | Z35: P | AA35: P | AB35: P | AC35: P | AD35: P | AF35: P | AG35: P | AH35: P | AI35: A | AJ35: =COUNTIF(E35:AI35,"P") -> 21 | AK35: =COUNTIF(E35:AI35,"A") -> 6
A36: 7 | B36: Ahmed Zia | C36: Zia Buksh | D36: ECE | E36: P | F36: A | G36: P | H36: P | I36: P | K36: A | L36: P | M36: P | N36: P | O36: P | P36: P | R36: P | S36: P | T36: P | U36: A | V36: P | W36: P | Y36: P | Z36: P | AA36: P | AB36: P | AC36: A | AD36: A | AF36: P | AG36: P | AH36: P | AI36: P | AJ36: =COUNTIF(E36:AI36,"P") -> 22 | AK36: =COUNTIF(E36:AI36,"A") -> 5
A37: 8 | B37: Arham | C37: Qasim Memon | D37: ECE | E37: P | F37: P | G37: P | H37: P | I37: P | K37: P | L37: A | M37: P | N37: P | O37: P | P37: A | R37: P | S37: P | T37: P | U37: P | V37: P | W37: A | Y37: A | Z37: P | AA37: P | AB37: P | AC37: A | AD37: A | AF37: P | AG37: P | AH37: P | AI37: P | AJ37: =COUNTIF(E37:AI37,"P") -> 21 | AK37: =COUNTIF(E37:AI37,"A") -> 6
A38: 9 | B38: Amar Farooque | C38: M. Farooque | D38: ECE | E38: P | F38: P | G38: P | H38: A | I38: P | K38: P | L38: P | M38: P | N38: P | O38: A | P38: P | R38: P | S38: P | T38: P | U38: P | V38: A | W38: P | Y38: P | Z38: P | AA38: A | AB38: P | AC38: A | AD38: P | AF38: A | AG38: P | AH38: A | AI38: A | AJ38: =COUNTIF(E38:AI38,"P") -> 19 | AK38: =COUNTIF(E38:AI38,"A") -> 8
A39: 10 | B39: Ashfaque | C39: M. Zubair | D39: ECE | E39: P | F39: P | G39: P | H39: P | I39: P | K39: P | L39: P | M39: P | N39: P | O39: P | P39: P | R39: P | S39: P | T39: P | U39: P | V39: P | W39: P | Y39: P | Z39: P | AA39: P | AB39: P | AC39: P | AD39: P | AF39: P | AG39: P | AH39: P | AI39: P | AJ39: =COUNTIF(E39:AI39,"P") -> 27 | AK39: =COUNTIF(E39:AI39,"A") -> 0
A40: 11 | B40: Fahad | C40: M. Maroof | D40: ECE | E40: P | F40: P | G40: P | H40: P | I40: A | K40: A | L40: A | M40: P | N40: P | O40: P | P40: P | R40: P | S40: P | T40: P | U40: P | V40: P | W40: P | Y40: P | Z40: L | AA40: L | AB40: L | AC40: L | AD40: P | AF40: P | AG40: P | AH40: P | AI40: A | AJ40: =COUNTIF(E40:AI40,"P") -> 19 | AK40: =COUNTIF(E40:AI40,"A") -> 4
A41: 12 | B41: Hussain | C41: Hafeezullah | D41: ECE | E41: P | F41: P | G41: P | H41: P | I41: P | K41: P | L41: P | M41: P | N41: P | O41: P | P41: P | R41: P | S41: P | T41: P | U41: P | V41: P | W41: P | Y41: P | Z41: P | AA41: P | AB41: P | AC41: P | AD41: P | AF41: P | AG41: P | AH41: P | AI41: P | AJ41: =COUNTIF(E41:AI41,"P") -> 27 | AK41: =COUNTIF(E41:AI41,"A") -> 0
... A54: 25 | B54: Immadullah | C54: Shabir Ahmed | D54: ECE | E54: P | F54: P | G54: P | H54: P | I54: A | K54: P | L54: P | M54: P | N54: P | O54: P | P54: A | R54: P | S54: P | T54: P | U54: P | V54: P | W54: A | Y54: P | Z54: P | AA54: P | AB54: P | AC54: P | AD54: A | AF54: P | AG54: P | AH54: P | AI54: P | AJ54: =COUNTIF(E54:AI54,"P") -> 23 | AK54: =COUNTIF(E54:AI54,"A") -> 4
A55: 26 | B55: M Fahad | D55: ECE | E55: P | F55: P | G55: P | H55: P | I55: P | K55: P | L55: P | M55: P | N55: P | O55: A | P55: A | R55: P | S55: P | T55: P | U55: P | V55: P | W55: P | Y55: A | Z55: P | AA55: P | AB55: P | AC55: P | AD55: P | AF55: P | AG55: P | AH55: P | AI55: P | AJ55: =COUNTIF(E55:AI55,"P") -> 24 | AK55: =COUNTIF(E55:AI55,"A") -> 3
A56: 27 | B56: Bilal Faheem | C56: M. Faheem | D56: ECE | E56: P | F56: P | G56: P | H56: P | I56: P | K56: P | L56: P | M56: P | N56: P | O56: P | P56: A | R56: P | S56: P | T56: P | U56: A | V56: A | W56: A | Y56: L | Z56: L | AA56: P | AB56: P | AC56: P | AD56: P | AF56: P | AG56: P | AH56: A | AI56: P | AJ56: =COUNTIF(E56:AI56,"P") -> 20 | AK56: =COUNTIF(E56:AI56,"A") -> 5
A57: 28 | B57: Ab. Barri | D57: ECE | E57: P | F57: P | G57: P | H57: P | I57: P | K57: P | L57: P | M57: P | N57: P | O57: P | P57: P | R57: P | S57: P | T57: P | U57: P | V57: P | W57: P | Y57: P | Z57: P | AA57: P | AB57: P | AC57: A | AD57: P | AF57: P | AG57: P | AH57: P | AI57: P | AJ57: =COUNTIF(E57:AI57,"P") -> 26 | AK57: =COUNTIF(E57:AI57,"A") -> 1
A58: 29 | B58: Hasnain Naeem | C58: Naeem Ahmed | D58: ECE | E58: P | F58: P | G58: P | H58: P | I58: A | K58: P | L58: P | M58: P | N58: P | O58: P | P58: P | R58: P | S58: P | T58: P | U58: P | V58: P | W58: P | Y58: P | Z58: P | AA58: P | AB58: P | AC58: P | AD58: P | AF58: P | AG58: P | AH58: P | AI58: P | AJ58: =COUNTIF(E58:AI58,"P") -> 26 | AK58: =COUNTIF(E58:AI58,"A") -> 1
A59: 30 | B59: M. Ahad | C59: Aman Badshah | E59: P | F59: P | G59: P | H59: P | I59: P | K59: P | L59: P | M59: P | N59: P | O59: P | P59: P | R59: P | S59: P | T59: P | U59: P | V59: P | W59: A | Y59: P | Z59: P | AA59: P | AB59: P | AC59: P | AD59: P | AF59: P | AG59: P | AH59: P | AI59: P | AJ59: =COUNTIF(E59:AI59,"P") -> 26 | AK59: =COUNTIF(E59:AI59,"A") -> 1
A60: 31 | B60: Ab. Hadi | E60: P | F60: P | G60: P | H60: P | I60: P | K60: P | L60: A | M60: P | N60: P | O60: P | P60: A | R60: P | S60: P | T60: P | U60: P | V60: P | W60: P | Y60: P | Z60: P | AA60: P | AB60: P | AC60: P | AD60: P | AF60: P | AG60: P | AH60: P | AI60: P | AJ60: =COUNTIF(E60:AI60,"P") -> 25 | AK60: =COUNTIF(E60:AI60,"A") -> 2

Sheet Class-I
A1: Goverment high school (SJCHS)
A2: Monthly Attendence Month of October-2024
A3: S.No | B3: Student Name | C3: Father Name | D3: Class | E3: =TEXT(E4,"ddd") -> Tue | F3: =TEXT(F4,"ddd") -> Wed | G3: =TEXT(G4,"ddd") -> Thu | H3: =TEXT(H4,"ddd") -> Fri | I3: =TEXT(I4,"ddd") -> Sat | J3: =TEXT(J4,"ddd") -> Sun | K3: =TEXT(K4,"ddd") -> Mon | L3: =TEXT(L4,"ddd") -> Tue | ... AI3: =TEXT(AI4,"ddd") -> Thu | AJ3: Present | AK3: Absent | AL3: Year 2024
E4: 45566 | F4: 45567 | G4: 45568 | H4: 45569 | I4: 45570 | J4: 45571 | K4: 45572 | L4: 45573 | M4: 45574 | N4: 45575 | O4: 45576 | P4: 45577 | Q4: 45578 | R4: 45579 | S4: 45580 | T4: 45581 | U4: 45582 | V4: 45583 | W4: 45584 | X4: 45585 | Y4: 45586 | Z4: 45587 | AA4: 45588 | AB4: 45589 | AC4: 45590 | AD4: 45591 | AE4: 45592 | AF4: 45593 | AG4: 45594 | AH4: 45595 | AI4: 45596 | AL4: Total days | AM4: =SUM(AM5:AM7) -> 31
A5: 1 | B5: Anum | C5: M. Arif | D5: One | E5: P | F5: P | G5: P | H5: P | I5: P | J5: SUNDAY - SUNDAY - SUNDAY - SUNDAY - SUNDAY - SUNDAY - SUNDAY | K5: P | L5: P | M5: P | N5: P | O5: P | P5: P | Q5: SUNDAY - SUNDAY - SUNDAY - SUNDAY - SUNDAY - SUNDAY - SUNDAY | R5: P | S5: P | T5: P | U5: P | V5: P | W5: P | X5: SUNDAY - SUNDAY - SUNDAY - SUNDAY - SUNDAY - SUNDAY - SUNDAY | Y5: A | Z5: P | AA5: P | AB5: P | AC5: P | AD5: P | AE5: SUNDAY - SUNDAY - SUNDAY - SUNDAY - SUNDAY - SUNDAY - SUNDAY | AF5: P | AG5: P | AH5: P | AI5: P | AJ5: =COUNTIF(E5:AI5,"P") -> 26 | AK5: =COUNTIF(E5:AI5,"A") -> 1 | AL5: Working days | AM5: 27
A6: 2 | B6: Ayat | C6: Meer Mohammad | D6: One | E6: A | F6: P | G6: P | H6: A | I6: P | K6: P | L6: P | M6: P | N6: P | O6: P | P6: A | R6: P | S6: P | T6: P | U6: P | V6: P | W6: A | Y6: P | Z6: P | AA6: P | AB6: A | AC6: A | AD6: A | AF6: A | AG6: A | AH6: A | AI6: A | AJ6: =COUNTIF(E6:AI6,"P") -> 16 | AK6: =COUNTIF(E6:AI6,"A") -> 11 | AL6: Sunday | AM6: 4
A7: 3 | B7: Amna | C7: Saeed Ahmed | D7: One | E7: P | F7: P | G7: P | H7: P | I7: P | K7: P | L7: P | M7: P | N7: P | O7: P | P7: P | R7: P | S7: A | T7: P | U7: P | V7: P | W7: P | Y7: P | Z7: P | AA7: P | AB7: P | AC7: P | AD7: P | AF7: P | AG7: P | AH7: P | AI7: P | AJ7: =COUNTIF(E7:AI7,"P") -> 26 | AK7: =COUNTIF(E7:AI7,"A") -> 1
A8: 4 | B8: Adeeba | C8: Qurban Ali | D8: One | E8: P | F8: P | G8: A | H8: A | I8: A | K8: P | L8: P | M8: P | N8: P | O8: P | P8: P | R8: P | S8: P | T8: P | U8: A | V8: P | W8: A | Y8: P | Z8: P | AA8: P | AB8: P | AC8: A | AD8: P | AF8: P | AG8: P | AH8: P | AI8: P | AJ8: =COUNTIF(E8:AI8,"P") -> 21 | AK8: =COUNTIF(E8:AI8,"A") -> 6
A9: 5 | B9: Emaan Noor | C9: Noor Mohammad | D9: One | E9: P | F9: P | G9: P | H9: P | I9: A | K9: P | L9: P | M9: P | N9: P | O9: P | P9: P | R9: P | S9: P | T9: P | U9: P | V9: P | W9: P | Y9: P | Z9: P | AA9: P | AB9: P | AC9: P | AD9: P | AF9: P | AG9: P | AH9: P | AI9: P | AJ9: =COUNTIF(E9:AI9,"P") -> 26 | AK9: =COUNTIF(E9:AI9,"A") -> 1 | AL9: Present Days Detail
A10: 6 | B10: Horain | C10: Saeed Ahmed | D10: One | E10: P | F10: P | G10: A | H10: P | I10: A | K10: P | L10: A | M10: P | N10: P | O10: P | P10: A | R10: P | S10: P | T10: P | U10: A | V10: P | W10: P | Y10: P | Z10: P | AA10: P | AB10: P | AC10: A | AD10: P | AF10: P | AG10: P | AH10: P | AI10: P | AJ10: =COUNTIF(E10:AI10,"P") -> 21 | AK10: =COUNTIF(E10:AI10,"A") -> 6 | AL10: Detail | AM10: Boys | AN10: Girls | AO10: Total
A11: 7 | B11: Hannah | C11: Luqman Ali | D11: One | E11: P | F11: P | G11: P | H11: P | I11: P | K11: P | L11: P | M11: P | N11: P | O11: L | P11: A | R11: A | S11: P | T11: P | U11: P | V11: P | W11: P | Y11: P | Z11: P | AA11: P | AB11: P | AC11: P | AD11: P | AF11: P | AG11: P | AH11: P | AI11: P | AJ11: =COUNTIF(E11:AI11,"P") -> 24 | AK11: =COUNTIF(E11:AI11,"A") -> 2 | AL11: Due Present days | AM11: =32*$AM$5 -> 864 | AN11: =24*$AM$5 -> 648 | AO11: =SUM(AM11:AN11) -> 1512
A12: 8 | B12: Horiya | C12: Siddique | D12: One | E12: P | F12: P | G12: P | H12: P | I12: A | K12: P | L12: P | M12: P | N12: P | O12: P | P12: P | R12: P | S12: P | T12: P | U12: P | V12: P | W12: P | Y12: P | Z12: P | AA12: P | AB12: P | AC12: P | AD12: A | AF12: P | AG12: P | AH12: P | AI12: P | AJ12: =COUNTIF(E12:AI12,"P") -> 25 | AK12: =COUNTIF(E12:AI12,"A") -> 2 | AL12: Actual present days | AM12: =SUM(AJ29:AJ60) -> 746 | AN12: =SUM(AJ5:AJ28) -> 525 | AO12: =AM12+AN12 -> 1271
A13: 9 | B13: Hareem Fatima | C13: Deedar Ali | D13: One | E13: P | F13: P | G13: P | H13: P | I13: A | K13: P | L13: P | M13: P | N13: P | O13: P | P13: P | R13: P | S13: P | T13: P | U13: P | V13: P | W13: A | Y13: P | Z13: P | AA13: P | AB13: P | AC13: P | AD13: P | AF13: P | AG13: P | AH13: P | AI13: P | AJ13: =COUNTIF(E13:AI13,"P") -> 25 | AK13: =COUNTIF(E13:AI13,"A") -> 2 | AL13: % | AM13: =AM12/AM11 -> 0.86342593 | AN13: =AN12/AN11 -> 0.81018519 | AO13: =AO12/AO11 -> 0.84060847
A14: 10 | B14: Maham Noor | C14: Zaheer Abbas | D14: One | E14: P | F14: P | G14: P | H14: P | I14: A | K14: P | L14: P | M14: P | N14: P | O14: P | P14: P | R14: P | S14: P | T14: P | U14: P | V14: P | W14: P | Y14: P | Z14: P | AA14: P | AB14: P | AC14: P | AD14: P | AF14: P | AG14: P | AH14: P | AI14: P | AJ14: =COUNTIF(E14:AI14,"P") -> 26 | AK14: =COUNTIF(E14:AI14,"A") -> 1
A15: 11 | B15: Maria | C15: Mehboob Ali | D15: One | E15: P | F15: P | G15: A | H15: A | I15: A | K15: P | L15: P | M15: P | N15: A | O15: A | P15: A | R15: A | S15: P | T15: A | U15: P | V15: P | W15: A | Y15: A | Z15: A | AA15: A | AB15: A | AC15: A | AD15: A | AF15: P | AG15: A | AH15: P | AI15: P | AJ15: =COUNTIF(E15:AI15,"P") -> 11 | AK15: =COUNTIF(E15:AI15,"A") -> 16
A16: 12 | B16: Mehreen | C16: M. Maroof | D16: One | E16: P | F16: P | G16: P | H16: P | I16: A | K16: P | L16: A | M16: P | N16: P | O16: P | P16: P | R16: P | S16: P | T16: P | U16: P | V16: P | W16: P | Y16: P | Z16: L | AA16: L | AB16: A | AC16: A | AD16: P | AF16: P | AG16: P | AH16: P | AI16: P | AJ16: =COUNTIF(E16:AI16,"P") -> 21 | AK16: =COUNTIF(E16:AI16,"A") -> 4
A17: 13 | B17: Mahira | C17: Arbab Ali | D17: One | E17: P | F17: A | G17: P | H17: A | I17: A | K17: A | L17: A | M17: A | N17: A | O17: A | P17: A | R17: P | S17: P | T17: P | U17: P | V17: P | W17: P | Y17: P | Z17: P | AA17: P | AB17: P | AC17: A | AD17: P | AF17: A | AG17: A | AH17: A | AI17: P | AJ17: =COUNTIF(E17:AI17,"P") -> 14 | AK17: =COUNTIF(E17:AI17,"A") -> 13 | AL17: Absent Days Details
A18: 14 | B18: Meerab | C18: Yasir Ahmed | D18: One | E18: A | F18: A | G18: A | H18: A | I18: A | K18: P | L18: P | M18: P | N18: P | O18: P | P18: P | R18: P | S18: P | T18: P | U18: P | V18: P | W18: P | Y18: A | Z18: A | AA18: A | AB18: A | AC18: A | AD18: A | AF18: P | AG18: P | AH18: P | AI18: P | AJ18: =COUNTIF(E18:AI18,"P") -> 16 | AK18: =COUNTIF(E18:AI18,"A") -> 11 | AL18: Detail | AM18: Boys | AN18: Girls | AO18: Total
A19: 15 | B19: Qudsia Zehra | C19: Awaheed Ali | D19: One | E19: A | F19: A | G19: P | H19: P | I19: P | K19: P | L19: P | M19: P | N19: P | O19: P | P19: P | R19: P | S19: P | T19: P | U19: P | V19: P | W19: P | Y19: P | Z19: P | AA19: P | AB19: P | AC19: P | AD19: A | AF19: P | AG19: P | AH19: P | AI19: P | AJ19: =COUNTIF(E19:AI19,"P") -> 24 | AK19: =COUNTIF(E19:AI19,"A") -> 3 | AL19: Due Present days | AM19: =32*$AM$5 -> 864 | AN19: =24*$AM$5 -> 648 | AO19: =AM19+AN19 -> 1512
A20: 16 | B20: Paras | C20: Sadam | D20: One | E20: P | F20: P | G20: P | H20: P | I20: A | K20: A | L20: P | M20: P | N20: P | O20: P | P20: A | R20: P | S20: P | T20: P | U20: P | V20: P | W20: A | Y20: P | Z20: P | AA20: P | AB20: P | AC20: P | AD20: A | AF20: P | AG20: P | AH20: P | AI20: P | AJ20: =COUNTIF(E20:AI20,"P") -> 22 | AK20: =COUNTIF(E20:AI20,"A") -> 5 | AL20: Absent days | AM20: =AM19-AM12 -> 118 | AN20: =AN19-AN12 -> 123 | AO20: =AM20+AN20 -> 241
A21: 17 | B21: Thamna Batool | C21: Shehzad | D21: One | E21: P | F21: P | G21: P | H21: P | I21: A | K21: P | L21: P | M21: P | N21: P | O21: P | P21: P | R21: P | S21: P | T21: P | U21: P | V21: A | W21: A | Y21: P | Z21: A | AA21: P | AB21: P | AC21: P | AD21: P | AF21: P | AG21: P | AH21: A | AI21: P | AJ21: =COUNTIF(E21:AI21,"P") -> 22 | AK21: =COUNTIF(E21:AI21,"A") -> 5 | AL21: % | AM21: =AM20/AM19 -> 0.13657407 | AN21: =AN20/AN19 -> 0.18981481 | AO21: =AO20/AO19 -> 0.15939153
A22: 18 | B22: Tamana Fatima | C22: Shehzad | D22: One | E22: P | F22: P | G22: P | H22: P | I22: A | K22: P | L22: P | M22: P | N22: P | O22: P | P22: P | R22: P | S22: P | T22: P | U22: P | V22: A | W22: A | Y22: P | Z22: A | AA22: P | AB22: P | AC22: P | AD22: P | AF22: P | AG22: P | AH22: A | AI22: P | AJ22: =COUNTIF(E22:AI22,"P") -> 22 | AK22: =COUNTIF(E22:AI22,"A") -> 5
A23: 19 | B23: Zaiba Bakhtawar | C23: Hameed | D23: One | E23: P | F23: P | G23: P | H23: P | I23: A | K23: P | L23: P | M23: P | N23: P | O23: P | P23: A | R23: P | S23: P | T23: P | U23: P | V23: P | W23: P | Y23: P | Z23: P | AA23: P | AB23: P | AC23: P | AD23: A | AF23: P | AG23: P | AH23: P | AI23: P | AJ23: =COUNTIF(E23:AI23,"P") -> 24 | AK23: =COUNTIF(E23:AI23,"A") -> 3
A24: 20 | B24: Zainab | C24: A. Aziz | D24: One | E24: P | F24: P | G24: P | H24: P | I24: A | K24: P | L24: P | M24: P | N24: P | O24: P | P24: P | R24: P | S24: P | T24: P | U24: P | V24: P | W24: A | Y24: P | Z24: P | AA24: P | AB24: P | AC24: P | AD24: P | AF24: P | AG24: P | AH24: P | AI24: P | AJ24: =COUNTIF(E24:AI24,"P") -> 25 | AK24: =COUNTIF(E24:AI24,"A") -> 2
A25: 21 | B25: Zainab | C25: Zulfiqar | D25: One | E25: P | F25: P | G25: P | H25: P | I25: A | K25: P | L25: P | M25: P | N25: P | O25: P | P25: A | R25: P | S25: P | T25: P | U25: P | V25: P | W25: P | Y25: P | Z25: P | AA25: P | AB25: P | AC25: P | AD25: P | AF25: P | AG25: P | AH25: P | AI25: P | AJ25: =COUNTIF(E25:AI25,"P") -> 25 | AK25: =COUNTIF(E25:AI25,"A") -> 2
A26: 22 | B26: Waniya | C26: Asad Ali | D26: One | E26: P | F26: A | G26: P | H26: P | I26: A | K26: P | L26: P | M26: P | N26: P | O26: P | P26: P | R26: P | S26: P | T26: P | U26: P | V26: A | W26: P | Y26: P | Z26: P | AA26: P | AB26: P | AC26: P | AD26: A | AF26: A | AG26: P | AH26: P | AI26: P | AJ26: =COUNTIF(E26:AI26,"P") -> 22 | AK26: =COUNTIF(E26:AI26,"A") -> 5
A27: 23 | B27: Haram | C27: Moien Khan | D27: One | E27: P | F27: P | G27: P | H27: P | I27: P | K27: P | L27: P | M27: P | N27: P | O27: P | P27: P | R27: A | S27: P | T27: P | U27: P | V27: A | W27: A | Y27: A | Z27: P | AA27: P | AB27: P | AC27: P | AD27: P | AF27: P | AG27: P | AH27: P | AI27: P | AJ27: =COUNTIF(E27:AI27,"P") -> 23 | AK27: =COUNTIF(E27:AI27,"A") -> 4
A28: 24 | B28: Ayesha | C28: A. Latif | D28: One | E28: P | F28: P | G28: P | H28: P | I28: A | K28: P | L28: P | M28: L | N28: L | O28: L | P28: L | R28: P | S28: P | T28: P | U28: P | V28: P | W28: P | Y28: A | Z28: P | AA28: P | AB28: A | AC28: A | AD28: A | AF28: P | AG28: P | AH28: P | AI28: P | AJ28: =COUNTIF(E28:AI28,"P") -> 18 | AK28: =COUNTIF(E28:AI28,"A") -> 5
A29: 1 | B29: Arsalan | C29: Zulfiqar | D29: One | E29: P | F29: P | G29: P | H29: P | I29: A | K29: P | L29: P | M29: P | N29: P | O29: P | P29: P | R29: P | S29: P | T29: P | U29: P | V29: P | W29: A | Y29: P | Z29: P | AA29: P | AB29: P | AC29: P | AD29: A | AF29: P | AG29: P | AH29: P | AI29: P | AJ29: =COUNTIF(E29:AI29,"P") -> 24 | AK29: =COUNTIF(E29:AI29,"A") -> 3
A30: 2 | B30: Arsalan | C30: Faheem | D30: One | E30: P | F30: P | G30: P | H30: P | I30: A | K30: P | L30: P | M30: P | N30: P | O30: P | P30: P | R30: P | S30: P | T30: P | U30: P | V30: L | W30: L | Y30: P | Z30: P | AA30: P | AB30: P | AC30: A | AD30: P | AF30: P | AG30: P | AH30: P | AI30: A | AJ30: =COUNTIF(E30:AI30,"P") -> 22 | AK30: =COUNTIF(E30:AI30,"A") -> 3
A31: 3 | B31: A. Nawaz | C31: M. Nawaz | D31: One | E31: P | F31: P | G31: P | H31: P | I31: A | K31: P | L31: P | M31: P | N31: P | O31: P | P31: P | R31: P | S31: P | T31: P | U31: P | V31: P | W31: P | Y31: P | Z31: A | AA31: A | AB31: A | AC31: A | AD31: P | AF31: P | AG31: P | AH31: P | AI31: P | AJ31: =COUNTIF(E31:AI31,"P") -> 22 | AK31: =COUNTIF(E31:AI31,"A") -> 5
A32: 4 | B32: A. Malik | C32: Sohail | D32: One | E32: P | F32: P | G32: A | H32: P | I32: P | K32: A | L32: P | M32: P | N32: P | O32: P | P32: A | R32: A | S32: P | T32: P | U32: P | V32: A | W32: P | Y32: P | Z32: P | AA32: P | AB32: P | AC32: A | AD32: P | AF32: A | AG32: A | AH32: A | AI32: P | AJ32: =COUNTIF(E32:AI32,"P") -> 18 | AK32: =COUNTIF(E32:AI32,"A") -> 9
A33: 5 | B33: Abdullah | C33: Imtiaz | D33: One | E33: P | F33: P | G33: P | H33: P | I33: P | K33: P | L33: P | M33: P | N33: P | O33: P | P33: P | R33: P | S33: P | T33: P | U33: P | V33: P | W33: P | Y33: P | Z33: P | AA33: P | AB33: P | AC33: P | AD33: A | AF33: P | AG33: P | AH33: P | AI33: P | AJ33: =COUNTIF(E33:AI33,"P") -> 26 | AK33: =COUNTIF(E33:AI33,"A") -> 1
... A60: 32 | B60: Zain Ali | C60: Altaf | D60: One | E60: P | F60: P | G60: P | H60: P | I60: P | K60: P | L60: P | M60: P | N60: A | O60: A | P60: P | R60: P | S60: P | T60: P | U60: P | V60: P | W60: P | Y60: P | Z60: P | AA60: P | AB60: P | AC60: P | AD60: A | AF60: A | AG60: P | AH60: P | AI60: P | AJ60: =COUNTIF(E60:AI60,"P") -> 23 | AK60: =COUNTIF(E60:AI60,"A") -> 4

Sheet Class-II
A1: Goverment High School (SJCHS)
A2: Monthly Attendence Month of October-2024
A3: S.No | B3: Student Name | C3: Father Name | D3: Class | E3: =TEXT(E4,"ddd") -> Tue | F3: =TEXT(F4,"ddd") -> Wed | G3: =TEXT(G4,"ddd") -> Thu | H3: =TEXT(H4,"ddd") -> Fri | I3: =TEXT(I4,"ddd") -> Sat | J3: =TEXT(J4,"ddd") -> Sun | K3: =TEXT(K4,"ddd") -> Mon | L3: =TEXT(L4,"ddd") -> Tue | ... AI3: =TEXT(AI4,"ddd") -> Thu | AJ3: Present | AK3: Absent | AL3: Year 2024
E4: 45566 | F4: 45567 | G4: 45568 | H4: 45569 | I4: 45570 | J4: 45571 | K4: 45572 | L4: 45573 | M4: 45574 | N4: 45575 | O4: 45576 | P4: 45577 | Q4: 45578 | R4: 45579 | S4: 45580 | T4: 45581 | U4: 45582 | V4: 45583 | W4: 45584 | X4: 45585 | Y4: 45586 | Z4: 45587 | AA4: 45588 | AB4: 45589 | AC4: 45590 | AD4: 45591 | AE4: 45592 | AF4: 45593 | AG4: 45594 | AH4: 45595 | AI4: 45596 | AL4: Total days | AM4: =SUM(AM5:AM7) -> 31
A5: 1 | B5: Abiha Zehra | C5: Ab. Mateen | D5: Two | E5: P | F5: P | G5: P | H5: P | I5: PTM - PTM - PTM - PTM - PTM - PTM - PTM - PTM - PTM - PTM | J5: SUNDAY - SUNDAY - SUNDAY - SUNDAY - SUNDAY - SUNDAY | K5: P | L5: P | M5: P | N5: P | O5: P | P5: P | Q5: SUNDAY - SUNDAY - SUNDAY - SUNDAY - SUNDAY - SUNDAY | R5: P | S5: P | T5: P | U5: A | V5: P | W5: P | X5: SUNDAY - SUNDAY - SUNDAY - SUNDAY - SUNDAY - SUNDAY | Y5: P | Z5: A | AA5: P | AB5: A | AC5: A | AD5: A | AE5: SUNDAY - SUNDAY - SUNDAY - SUNDAY - SUNDAY - SUNDAY | AF5: P | AG5: A | AH5: A | AI5: P | AJ5: =COUNTIF(E5:AI5,"P") -> 19 | AK5: =COUNTIF(E5:AI5,"A") -> 7 | AL5: Working days | AM5: 26
A6: 2 | B6: Aleena Zia | C6: Khuda Baksh | D6: Two | E6: P | F6: A | G6: P | H6: P | K6: A | L6: P | M6: P | N6: P | O6: P | P6: P | R6: P | S6: P | T6: P | U6: A | V6: P | W6: P | Y6: P | Z6: P | AA6: P | AB6: P | AC6: P | AD6: A | AF6: P | AG6: P | AH6: P | AI6: P | AJ6: =COUNTIF(E6:AI6,"P") -> 22 | AK6: =COUNTIF(E6:AI6,"A") -> 4 | AL6: Sunday | AM6: 4
A7: 3 | B7: Anumta Jamali | C7: Zaheer Abbas | D7: Two | E7: P | F7: P | G7: P | H7: P | K7: A | L7: A | M7: A | N7: A | O7: A | P7: A | R7: P | S7: P | T7: P | U7: P | V7: P | W7: P | Y7: P | Z7: P | AA7: P | AB7: P | AC7: P | AD7: P | AF7: P | AG7: P | AH7: P | AI7: P | AJ7: =COUNTIF(E7:AI7,"P") -> 20 | AK7: =COUNTIF(E7:AI7,"A") -> 6 | AL7: PTM | AM7: 1
A8: 4 | B8: Anusha | C8: Mukhtiyar Ali | D8: Two | E8: P | F8: P | G8: P | H8: P | K8: P | L8: P | M8: P | N8: P | O8: P | P8: P | R8: P | S8: P | T8: P | U8: P | V8: A | W8: P | Y8: P | Z8: P | AA8: P | AB8: P | AC8: L | AD8: L | AF8: L | AG8: L | AH8: L | AI8: L | AJ8: =COUNTIF(E8:AI8,"P") -> 19 | AK8: =COUNTIF(E8:AI8,"A") -> 1
A9: 5 | B9: Ayat | C9: Faiq Ali | D9: Two | E9: P | F9: P | G9: P | H9: P | K9: P | L9: P | M9: P | N9: P | O9: P | P9: A | R9: P | S9: P | T9: P | U9: P | V9: P | W9: P | Y9: P | Z9: P | AA9: P | AB9: P | AC9: P | AD9: A | AF9: P | AG9: P | AH9: P | AI9: P | AJ9: =COUNTIF(E9:AI9,"P") -> 24 | AK9: =COUNTIF(E9:AI9,"A") -> 2 | AL9: Present Days Detail
A10: 6 | B10: Ayesha | C10: Ali Muhammad | D10: Two | E10: P | F10: P | G10: P | H10: P | K10: A | L10: P | M10: A | N10: P | O10: P | P10: P | R10: P | S10: P | T10: P | U10: P | V10: P | W10: P | Y10: A | Z10: A | AA10: P | AB10: P | AC10: P | AD10: P | AF10: A | AG10: P | AH10: P | AI10: P | AJ10: =COUNTIF(E10:AI10,"P") -> 21 | AK10: =COUNTIF(E10:AI10,"A") -> 5 | AL10: Detail | AM10: Boys | AN10: Girls | AO10: Total
A11: 7 | B11: Dua | C11: Akbar Ali | D11: Two | E11: P | F11: P | G11: P | H11: P | K11: P | L11: P | M11: P | N11: P | O11: P | P11: P | R11: P | S11: P | T11: P | U11: P | V11: P | W11: P | Y11: P | Z11: P | AA11: P | AB11: P | AC11: P | AD11: P | AF11: P | AG11: P | AH11: P | AI11: P | AJ11: =COUNTIF(E11:AI11,"P") -> 26 | AK11: =COUNTIF(E11:AI11,"A") -> 0 | AL11: Due Present days | AM11: =26*$AM$5 -> 676 | AN11: =26*$AM$5 -> 676 | AO11: =SUM(AM11:AN11) -> 1352
A12: 8 | B12: Fiza | C12: Akbar Ali | D12: Two | E12: P | F12: P | G12: P | H12: P | K12: P | L12: P | M12: P | N12: P | O12: P | P12: P | R12: P | S12: P | T12: P | U12: P | V12: P | W12: P | Y12: P | Z12: P | AA12: P | AB12: A | AC12: P | AD12: P | AF12: P | AG12: P | AH12: P | AI12: P | AJ12: =COUNTIF(E12:AI12,"P") -> 25 | AK12: =COUNTIF(E12:AI12,"A") -> 1 | AL12: Actual present days | AM12: =SUM(AJ31:AJ56) -> 548 | AN12: =SUM(AJ5:AJ30) -> 592 | AO12: =AM12+AN12 -> 1140
A13: 9 | B13: Jannat Fatima | C13: Zulfiqar | D13: Two | E13: P | F13: P | G13: P | H13: P | K13: P | L13: P | M13: P | N13: A | O13: P | P13: P | R13: P | S13: P | T13: P | U13: A | V13: P | W13: P | Y13: P | Z13: P | AA13: P | AB13: A | AC13: P | AD13: A | AF13: P | AG13: P | AH13: P | AI13: P | AJ13: =COUNTIF(E13:AI13,"P") -> 22 | AK13: =COUNTIF(E13:AI13,"A") -> 4 | AL13: % | AM13: =AM12/AM11 -> 0.81065089 | AN13: =AN12/AN11 -> 0.87573964 | AO13: =AO12/AO11 -> 0.84319527
A14: 10 | B14: Kashaf | C14: Abdul Rehman | D14: Two | E14: P | F14: P | G14: P | H14: P | K14: P | L14: P | M14: P | N14: P | O14: P | P14: P | R14: P | S14: P | T14: P | U14: P | V14: A | W14: A | Y14: P | Z14: P | AA14: P | AB14: A | AC14: P | AD14: A | AF14: P | AG14: P | AH14: P | AI14: P | AJ14: =COUNTIF(E14:AI14,"P") -> 22 | AK14: =COUNTIF(E14:AI14,"A") -> 4
A15: 11 | B15: Masooma | C15: M. Raheem | D15: Two | E15: P | F15: P | G15: P | H15: P | K15: P | L15: P | M15: A | N15: P | O15: P | P15: P | R15: P | S15: P | T15: P | U15: P | V15: P | W15: P | Y15: P | Z15: P | AA15: P | AB15: P | AC15: P | AD15: P | AF15: P | AG15: P | AH15: P | AI15: P | AJ15: =COUNTIF(E15:AI15,"P") -> 25 | AK15: =COUNTIF(E15:AI15,"A") -> 1
A16: 12 | B16: Muneeza | C16: Mir Amirudin | D16: Two | E16: A | F16: A | G16: A | H16: A | K16: A | L16: P | M16: A | N16: L | O16: P | P16: P | R16: P | S16: P | T16: P | U16: P | V16: P | W16: P | Y16: P | Z16: P | AA16: P | AB16: P | AC16: A | AD16: P | AF16: P | AG16: P | AH16: A | AI16: P | AJ16: =COUNTIF(E16:AI16,"P") -> 17 | AK16: =COUNTIF(E16:AI16,"A") -> 8
A17: 13 | B17: Nayyara | C17: Khalid Hussain | D17: Two | E17: P | F17: P | G17: P | H17: P | K17: A | L17: P | M17: P | N17: P | O17: A | P17: A | R17: A | S17: P | T17: P | U17: P | V17: P | W17: P | Y17: P | Z17: P | AA17: P | AB17: P | AC17: P | AD17: P | AF17: P | AG17: P | AH17: P | AI17: P | AJ17: =COUNTIF(E17:AI17,"P") -> 22 | AK17: =COUNTIF(E17:AI17,"A") -> 4 | AL17: Absent Days Details
A18: 14 | B18: Rashida | C18: Sajjad Ahmed | D18: Two | E18: P | F18: P | G18: P | H18: P | K18: P | L18: P | M18: P | N18: P | O18: P | P18: P | R18: P | S18: P | T18: P | U18: P | V18: A | W18: A | Y18: P | Z18: P | AA18: P | AB18: P | AC18: P | AD18: P | AF18: P | AG18: P | AH18: P | AI18: A | AJ18: =COUNTIF(E18:AI18,"P") -> 23 | AK18: =COUNTIF(E18:AI18,"A") -> 3 | AL18: Detail | AM18: Boys | AN18: Girls | AO18: Total
A19: 15 | B19: Rubab Zahra | C19: Abdul Aziz | D19: Two | E19: P | F19: P | G19: P | H19: P | K19: P | L19: P | M19: P | N19: P | O19: P | P19: P | R19: P | S19: P | T19: P | U19: P | V19: P | W19: P | Y19: P | Z19: P | AA19: P | AB19: P | AC19: P | AD19: P | AF19: P | AG19: P | AH19: P | AI19: P | AJ19: =COUNTIF(E19:AI19,"P") -> 26 | AK19: =COUNTIF(E19:AI19,"A") -> 0 | AL19: Due Present days | AM19: =26*$AM$5 -> 676 | AN19: =26*$AM$5 -> 676 | AO19: =AM19+AN19 -> 1352
A20: 16 | B20: Soha Jamali | C20: Sajid Ali | D20: Two | E20: P | F20: P | G20: P | H20: P | K20: P | L20: P | M20: P | N20: P | O20: P | P20: P | R20: P | S20: P | T20: P | U20: P | V20: P | W20: P | Y20: P | Z20: P | AA20: P | AB20: P | AC20: P | AD20: P | AF20: P | AG20: P | AH20: P | AI20: P | AJ20: =COUNTIF(E20:AI20,"P") -> 26 | AK20: =COUNTIF(E20:AI20,"A") -> 0 | AL20: Absent days | AM20: =AM19-AM12 -> 128 | AN20: =AN19-AN12 -> 84 | AO20: =AM20+AN20 -> 212
A21: 17 | B21: Tahreem Fatima | C21: Khalid Hussain | D21: Two | E21: P | F21: P | G21: P | H21: P | K21: P | L21: P | M21: P | N21: P | O21: P | P21: P | R21: P | S21: P | T21: P | U21: P | V21: P | W21: P | Y21: P | Z21: P | AA21: P | AB21: P | AC21: P | AD21: P | AF21: P | AG21: P | AH21: P | AI21: P | AJ21: =COUNTIF(E21:AI21,"P") -> 26 | AK21: =COUNTIF(E21:AI21,"A") -> 0 | AL21: % | AM21: =AM20/AM19 -> 0.18934911 | AN21: =AN20/AN19 -> 0.12426036 | AO21: =AO20/AO19 -> 0.15680473
A22: 18 | B22: Sehar Fatima | C22: Altaf Hussain | D22: Two | E22: P | F22: P | G22: P | H22: P | K22: P | L22: P | M22: P | N22: P | O22: P | P22: P | R22: P | S22: P | T22: P | U22: P | V22: P | W22: P | Y22: P | Z22: P | AA22: P | AB22: P | AC22: P | AD22: P | AF22: P | AG22: P | AH22: P | AI22: P | AJ22: =COUNTIF(E22:AI22,"P") -> 26 | AK22: =COUNTIF(E22:AI22,"A") -> 0
A23: 19 | B23: Taskeen | C23: Amjad Ali | D23: Two | E23: P | F23: P | G23: P | H23: P | K23: A | L23: A | M23: A | N23: L | O23: L | P23: L | R23: L | S23: L | T23: L | U23: L | V23: L | W23: L | Y23: A | Z23: A | AA23: A | AB23: A | AC23: A | AD23: A | AF23: A | AG23: A | AH23: A | AI23: A | AJ23: =COUNTIF(E23:AI23,"P") -> 4 | AK23: =COUNTIF(E23:AI23,"A") -> 13
A24: 20 | B24: Zainab | C24: Sikandar | D24: Two | E24: P | F24: P | G24: P | H24: P | K24: P | L24: P | M24: P | N24: P | O24: P | P24: P | R24: P | S24: P | T24: P | U24: A | V24: P | W24: P | Y24: P | Z24: P | AA24: P | AB24: P | AC24: P | AD24: P | AF24: P | AG24: P | AH24: P | AI24: P | AJ24: =COUNTIF(E24:AI24,"P") -> 25 | AK24: =COUNTIF(E24:AI24,"A") -> 1
A25: 21 | B25: Kashish | C25: M. Noman | D25: Two | E25: P | F25: P | G25: P | H25: P | K25: A | L25: P | M25: P | N25: P | O25: P | P25: P | R25: P | S25: P | T25: P | U25: P | V25: P | W25: P | Y25: P | Z25: P | AA25: P | AB25: P | AC25: P | AD25: P | AF25: P | AG25: P | AH25: P | AI25: P | AJ25: =COUNTIF(E25:AI25,"P") -> 25 | AK25: =COUNTIF(E25:AI25,"A") -> 1
A26: 22 | B26: Saba | C26: Asif | D26: Two | E26: P | F26: P | G26: P | H26: P | K26: P | L26: P | M26: P | N26: P | O26: P | P26: P | R26: P | S26: P | T26: P | U26: P | V26: P | W26: P | Y26: P | Z26: P | AA26: P | AB26: P | AC26: P | AD26: P | AF26: P | AG26: P | AH26: P | AI26: P | AJ26: =COUNTIF(E26:AI26,"P") -> 26 | AK26: =COUNTIF(E26:AI26,"A") -> 0
A27: 23 | B27: Afsana | C27: Ab. Hafeez | D27: Two | E27: P | F27: P | G27: P | H27: P | K27: P | L27: P | M27: P | N27: P | O27: P | P27: P | R27: P | S27: P | T27: P | U27: P | V27: P | W27: P | Y27: P | Z27: P | AA27: P | AB27: P | AC27: P | AD27: P | AF27: P | AG27: P | AH27: P | AI27: P | AJ27: =COUNTIF(E27:AI27,"P") -> 26 | AK27: =COUNTIF(E27:AI27,"A") -> 0
A28: 24 | B28: Ayesha | C28: Ab. Hafeez | D28: Two | E28: P | F28: P | G28: P | H28: P | K28: P | L28: P | M28: P | N28: P | O28: P | P28: P | R28: P | S28: P | T28: P | U28: P | V28: P | W28: P | Y28: P | Z28: P | AA28: P | AB28: P | AC28: P | AD28: P | AF28: P | AG28: P | AH28: P | AI28: P | AJ28: =COUNTIF(E28:AI28,"P") -> 26 | AK28: =COUNTIF(E28:AI28,"A") -> 0
A29: 25 | B29: Sehrish | D29: Two | E29: P | F29: P | G29: P | H29: P | K29: P | L29: P | M29: P | N29: P | O29: P | P29: A | R29: P | S29: P | T29: P | U29: P | V29: P | W29: P | Y29: P | Z29: P | AA29: P | AB29: P | AC29: P | AD29: A | AF29: P | AG29: P | AH29: P | AI29: P | AJ29: =COUNTIF(E29:AI29,"P") -> 24 | AK29: =COUNTIF(E29:AI29,"A") -> 2
A30: 26 | B30: Ayesha | C30: Zulfiqar | D30: Two | E30: P | F30: P | G30: P | H30: P | K30: P | L30: P | M30: P | N30: P | O30: P | P30: A | R30: P | S30: P | T30: P | U30: P | V30: P | W30: P | Y30: P | Z30: P | AA30: P | AB30: P | AC30: P | AD30: p | AF30: P | AG30: P | AH30: P | AI30: P | AJ30: =COUNTIF(E30:AI30,"P") -> 25 | AK30: =COUNTIF(E30:AI30,"A") -> 1
A31: 1 | B31: Abdul Musawir | C31: M. Ismail | D31: Two | E31: P | F31: P | G31: P | H31: P | K31: P | L31: P | M31: P | N31: P | O31: P | P31: P | R31: P | S31: P | T31: P | U31: P | V31: P | W31: P | Y31: P | Z31: P | AA31: P | AB31: P | AC31: P | AD31: P | AF31: P | AG31: P | AH31: P | AI31: A | AJ31: =COUNTIF(E31:AI31,"P") -> 25 | AK31: =COUNTIF(E31:AI31,"A") -> 1
A32: 2 | B32: Abdul Rehman | C32: Sajid Ali | D32: Two | E32: P | F32: P | G32: P | H32: P | K32: P | L32: P | M32: P | N32: P | O32: A | P32: P | R32: P | S32: P | T32: P | U32: A | V32: P | W32: P | Y32: P | Z32: P | AA32: P | AB32: A | AC32: A | AD32: P | AF32: P | AG32: A | AH32: P | AI32: P | AJ32: =COUNTIF(E32:AI32,"P") -> 21 | AK32: =COUNTIF(E32:AI32,"A") -> 5
A33: 3 | B33: Abdul Wahab | C33: Abdul Hafeez | D33: Two | E33: P | F33: P | G33: P | H33: A | K33: P | L33: P | M33: P | N33: P | O33: P | P33: A | R33: P | S33: P | T33: P | U33: P | V33: P | W33: P | Y33: P | Z33: P | AA33: P | AB33: P | AC33: P | AD33: A | AF33: P | AG33: P | AH33: P | AI33: P | AJ33: =COUNTIF(E33:AI33,"P") -> 23 | AK33: =COUNTIF(E33:AI33,"A") -> 3
A34: 4 | B34: Abdullah | C34: Riazuddin | D34: Two | E34: P | F34: P | G34: P | H34: P | K34: P | L34: L | M34: L | N34: P | O34: P | P34: P | R34: P | S34: P | T34: P | U34: P | V34: P | W34: P | Y34: A | Z34: A | AA34: P | AB34: P | AC34: A | AD34: A | AF34: A | AG34: A | AH34: P | AI34: P | AJ34: =COUNTIF(E34:AI34,"P") -> 18 | AK34: =COUNTIF(E34:AI34,"A") -> 6
A35: 5 | B35: Ali Shanawar | C35: Mukhtiyar | D35: Two | E35: P | F35: A | G35: P | H35: P | K35: P | L35: P | M35: P | N35: A | O35: P | P35: P | R35: P | S35: P | T35: P | U35: P | V35: A | W35: P | Y35: P | Z35: P | AA35: P | AB35: A | AC35: L | AD35: L | AF35: L | AG35: L | AH35: L | AI35: L | AJ35: =COUNTIF(E35:AI35,"P") -> 16 | AK35: =COUNTIF(E35:AI35,"A") -> 4
A36: 6 | B36: Faizan | C36: Lutfullah | D36: Two | E36: A | F36: P | G36: P | H36: P | K36: P | L36: A | M36: A | N36: P | O36: P | P36: P | R36: P | S36: A | T36: P | U36: P | V36: P | W36: A | Y36: P | Z36: P | AA36: P | AB36: P | AC36: P | AD36: A | AF36: P | AG36: P | AH36: P | AI36: P | AJ36: =COUNTIF(E36:AI36,"P") -> 20 | AK36: =COUNTIF(E36:AI36,"A") -> 6
A37: 7 | B37: Fayaz | C37: Samano Khan | D37: Two | E37: P | F37: P | G37: P | H37: P | K37: P | L37: P | M37: P | N37: P | O37: P | P37: A | R37: A | S37: P | T37: P | U37: A | V37: P | W37: P | Y37: P | Z37: P | AA37: P | AB37: P | AC37: P | AD37: A | AF37: P | AG37: P | AH37: P | AI37: P | AJ37: =COUNTIF(E37:AI37,"P") -> 22 | AK37: =COUNTIF(E37:AI37,"A") -> 4
A38: 8 | B38: Ghulam Abbas | C38: Kamran Ali | D38: Two | E38: P | F38: P | G38: P | H38: P | K38: P | L38: P | M38: P | N38: P | O38: A | P38: P | R38: P | S38: P | T38: P | U38: P | V38: P | W38: P | Y38: P | Z38: P | AA38: P | AB38: A | AC38: P | AD38: P | AF38: P | AG38: P | AH38: P | AI38: P | AJ38: =COUNTIF(E38:AI38,"P") -> 24 | AK38: =COUNTIF(E38:AI38,"A") -> 2
A39: 9 | B39: Ghulam Mehdi | C39: Rizwan | D39: Two | E39: P | F39: P | G39: P | H39: A | K39: P | L39: P | M39: P | N39: P | O39: P | P39: P | R39: P | S39: P | T39: P | U39: P | V39: P | W39: P | Y39: P | Z39: P | AA39: P | AB39: P | AC39: P | AD39: P | AF39: P | AG39: P | AH39: P | AI39: P | AJ39: =COUNTIF(E39:AI39,"P") -> 25 | AK39: =COUNTIF(E39:AI39,"A") -> 1
A40: 10 | B40: Hammad Ali | C40: Sajjad Ali | D40: Two | E40: P | F40: P | G40: P | H40: A | K40: P | L40: P | M40: P | N40: P | O40: P | P40: P | R40: P | S40: A | T40: A | U40: P | V40: A | W40: P | Y40: A | Z40: P | AA40: P | AB40: P | AC40: P | AD40: A | AF40: P | AG40: P | AH40: P | AI40: P | AJ40: =COUNTIF(E40:AI40,"P") -> 20 | AK40: =COUNTIF(E40:AI40,"A") -> 6
A41: 11 | B41: Haris | C41: Akbar Ali | D41: Two | E41: P | F41: P | G41: P | H41: P | K41: P | L41: P | M41: P | N41: P | O41: P | P41: P | R41: P | S41: P | T41: P | U41: P | V41: P | W41: P | Y41: P | Z41: P | AA41: P | AB41: P | AC41: P | AD41: P | AF41: P | AG41: P | AH41: P | AI41: P | AJ41: =COUNTIF(E41:AI41,"P") -> 26 | AK41: =COUNTIF(E41:AI41,"A") -> 0
... A56: 26 | B56: Burair Abbas | C56: Azhar Abbas | D56: Two | E56: P | F56: P | G56: P | H56: A | K56: P | L56: P | M56: P | N56: P | O56: P | P56: A | R56: A | S56: P | T56: P | U56: P | V56: P | W56: P | Y56: P | Z56: P | AA56: P | AB56: P | AC56: P | AD56: P | AF56: P | AG56: P | AH56: P | AI56: P | AJ56: =COUNTIF(E56:AI56,"P") -> 23 | AK56: =COUNTIF(E56:AI56,"A") -> 3

Sheet Class-III
A1: Goverment high school (SJCHS)
A2: Monthly Attendence Month of October-2024
A3: S.No | B3: Student Name | C3: Father Name | D3: Class | E3: =TEXT(E4,"ddd") -> Tue | F3: =TEXT(F4,"ddd") -> Wed | G3: =TEXT(G4,"ddd") -> Thu | H3: =TEXT(H4,"ddd") -> Fri | I3: =TEXT(I4,"ddd") -> Sat | J3: =TEXT(J4,"ddd") -> Sun | K3: =TEXT(K4,"ddd") -> Mon | L3: =TEXT(L4,"ddd") -> Tue | ... AI3: =TEXT(AI4,"ddd") -> Thu | AJ3: Present | AK3: Absent | AL3: Year 2024
E4: 45566 | F4: 45567 | G4: 45568 | H4: 45569 | I4: 45570 | J4: 45571 | K4: 45572 | L4: 45573 | M4: 45574 | N4: 45575 | O4: 45576 | P4: 45577 | Q4: 45578 | R4: 45579 | S4: 45580 | T4: 45581 | U4: 45582 | V4: 45583 | W4: 45584 | X4: 45585 | Y4: 45586 | Z4: 45587 | AA4: 45588 | AB4: 45589 | AC4: 45590 | AD4: 45591 | AE4: 45592 | AF4: 45593 | AG4: 45594 | AH4: 45595 | AI4: 45596 | AL4: Total days | AM4: =SUM(AM5:AM7) -> 31
A5: 1 | B5: Anjuman | C5: Ab. Ghaffar | D5: Three | E5: P | F5: P | G5: P | H5: P | I5: PTM - PTM - PTM - PTM - PTM - PTM - PTM - PTM - PTM - PTM | J5: SUNDAY - SUNDAY - SUNDAY - SUNDAY - SUNDAY - SUNDAY - SUNDAY | K5: P | L5: P | M5: P | N5: P | O5: P | P5: P | Q5: SUNDAY - SUNDAY - SUNDAY - SUNDAY - SUNDAY - SUNDAY - SUNDAY | R5: P | S5: P | T5: P | U5: P | V5: P | W5: P | X5: SUNDAY - SUNDAY - SUNDAY - SUNDAY - SUNDAY - SUNDAY - SUNDAY | Y5: A | Z5: P | AA5: P | AB5: P | AC5: P | AD5: A | AE5: SUNDAY - SUNDAY - SUNDAY - SUNDAY - SUNDAY - SUNDAY - SUNDAY | AF5: P | AG5: P | AH5: P | AI5: P | AJ5: =COUNTIF(E5:AI5,"P") -> 24 | AK5: =COUNTIF(E5:AI5,"A") -> 2 | AL5: Working days | AM5: 26
A6: 2 | B6: Ayeza | C6: M. Ameen Solangi | D6: Three | E6: P | F6: P | G6: P | H6: P | K6: P | L6: P | M6: P | N6: P | O6: P | P6: P | R6: P | S6: P | T6: P | U6: P | V6: P | W6: P | Y6: P | Z6: P | AA6: P | AB6: P | AC6: P | AD6: P | AF6: P | AG6: P | AH6: P | AI6: P | AJ6: =COUNTIF(E6:AI6,"P") -> 26 | AK6: =COUNTIF(E6:AI6,"A") -> 0 | AL6: Sunday | AM6: 4
A7: 3 | B7: Dua Batool | C7: Muneer Ahmed Tahiri | D7: Three | E7: P | F7: P | G7: P | H7: P | K7: P | L7: P | M7: A | N7: P | O7: P | P7: P | R7: P | S7: P | T7: P | U7: A | V7: P | W7: P | Y7: P | Z7: P | AA7: P | AB7: P | AC7: P | AD7: P | AF7: P | AG7: P | AH7: P | AI7: P | AJ7: =COUNTIF(E7:AI7,"P") -> 24 | AK7: =COUNTIF(E7:AI7,"A") -> 2 | AL7: PTM | AM7: 1
A8: 4 | B8: Fiza | C8: Hamid Ali Siyal | D8: Three | E8: P | F8: P | G8: P | H8: P | K8: P | L8: A | M8: P | N8: P | O8: P | P8: A | R8: P | S8: P | T8: P | U8: A | V8: P | W8: A | Y8: P | Z8: P | AA8: A | AB8: P | AC8: A | AD8: A | AF8: A | AG8: P | AH8: P | AI8: P | AJ8: =COUNTIF(E8:AI8,"P") -> 18 | AK8: =COUNTIF(E8:AI8,"A") -> 8
A9: 5 | B9: Hadeeqa | C9: Haji Malah | D9: Three | E9: P | F9: P | G9: P | H9: P | K9: A | L9: P | M9: P | N9: A | O9: P | P9: P | R9: P | S9: P | T9: P | U9: A | V9: P | W9: P | Y9: P | Z9: P | AA9: P | AB9: A | AC9: P | AD9: P | AF9: A | AG9: P | AH9: P | AI9: P | AJ9: =COUNTIF(E9:AI9,"P") -> 21 | AK9: =COUNTIF(E9:AI9,"A") -> 5 | AL9: Present Days Detail
A10: 6 | B10: Hajul | C10: Manzoor Ahmed Memon | D10: Three | E10: P | F10: P | G10: P | H10: P | K10: P | L10: P | M10: P | N10: P | O10: P | P10: A | R10: P | S10: P | T10: P | U10: P | V10: P | W10: P | Y10: P | Z10: P | AA10: P | AB10: P | AC10: P | AD10: P | AF10: P | AG10: P | AH10: P | AI10: P | AJ10: =COUNTIF(E10:AI10,"P") -> 25 | AK10: =COUNTIF(E10:AI10,"A") -> 1 | AL10: Detail | AM10: Boys | AN10: Girls | AO10: Total
A11: 7 | B11: Hafsa Jamali | C11: Rehmatullah | D11: Three | E11: P | F11: P | G11: P | H11: P | K11: P | L11: P | M11: P | N11: P | O11: P | P11: P | R11: P | S11: P | T11: P | U11: P | V11: P | W11: P | Y11: P | Z11: P | AA11: P | AB11: P | AC11: P | AD11: P | AF11: P | AG11: A | AH11: A | AI11: P | AJ11: =COUNTIF(E11:AI11,"P") -> 24 | AK11: =COUNTIF(E11:AI11,"A") -> 2 | AL11: Due Present days | AM11: =30*$AM$5 -> 780 | AN11: =26*$AM$5 -> 676 | AO11: =SUM(AM11:AN11) -> 1456
A12: 8 | B12: Insha | C12: Fazal Mohammad | D12: Three | E12: P | F12: P | G12: P | H12: P | K12: P | L12: P | M12: P | N12: P | O12: P | P12: P | R12: P | S12: P | T12: P | U12: P | V12: P | W12: P | Y12: P | Z12: P | AA12: P | AB12: P | AC12: P | AD12: P | AF12: P | AG12: P | AH12: A | AI12: P | AJ12: =COUNTIF(E12:AI12,"P") -> 25 | AK12: =COUNTIF(E12:AI12,"A") -> 1 | AL12: Actual present days | AM12: =SUM(AJ31:AJ60) -> 627 | AN12: =SUM(AJ5:AJ30) -> 567 | AO12: =AM12+AN12 -> 1194
A13: 9 | B13: Kashaf | C13: M. Noman | D13: Three | E13: P | F13: P | G13: P | H13: P | K13: P | L13: P | M13: P | N13: P | O13: P | P13: P | R13: P | S13: P | T13: P | U13: P | V13: P | W13: P | Y13: P | Z13: P | AA13: P | AB13: P | AC13: P | AD13: P | AF13: P | AG13: P | AH13: P | AI13: P | AJ13: =COUNTIF(E13:AI13,"P") -> 26 | AK13: =COUNTIF(E13:AI13,"A") -> 0 | AL13: % | AM13: =AM12/AM11 -> 0.80384615 | AN13: =AN12/AN11 -> 0.8387574 | AO13: =AO12/AO11 -> 0.82005495
A14: 10 | B14: Kashaf | C14: Shahid Hussain | D14: Three | E14: P | F14: P | G14: P | H14: P | K14: A | L14: P | M14: A | N14: P | O14: P | P14: P | R14: P | S14: P | T14: P | U14: P | V14: P | W14: P | Y14: P | Z14: P | AA14: P | AB14: P | AC14: P | AD14: A | AF14: P | AG14: P | AH14: P | AI14: P | AJ14: =COUNTIF(E14:AI14,"P") -> 23 | AK14: =COUNTIF(E14:AI14,"A") -> 3
A15: 11 | B15: Maryam | C15: Irfan Ali | D15: Three | E15: A | F15: A | G15: A | H15: A | K15: A | L15: A | M15: A | N15: A | O15: A | P15: A | R15: A | S15: A | T15: A | U15: A | V15: A | W15: A | Y15: A | Z15: A | AA15: A | AB15: A | AC15: A | AD15: A | AF15: A | AG15: A | AH15: A | AI15: A | AJ15: =COUNTIF(E15:AI15,"P") -> 0 | AK15: =COUNTIF(E15:AI15,"A") -> 26
A16: 12 | B16: Noor-E-Sahar | C16: Mir Ameerudin | D16: Three | E16: L | F16: L | G16: L | H16: P | K16: P | L16: P | M16: P | N16: P | O16: P | P16: P | R16: P | S16: P | T16: P | U16: P | V16: P | W16: P | Y16: P | Z16: P | AA16: P | AB16: P | AC16: A | AD16: P | AF16: P | AG16: P | AH16: P | AI16: P | AJ16: =COUNTIF(E16:AI16,"P") -> 22 | AK16: =COUNTIF(E16:AI16,"A") -> 1
A17: 13 | B17: Sehrish Ali | C17: Shah Ali | D17: Three | E17: P | F17: P | G17: P | H17: P | K17: P | L17: P | M17: P | N17: P | O17: A | P17: P | R17: P | S17: P | T17: P | U17: P | V17: P | W17: P | Y17: A | Z17: P | AA17: P | AB17: P | AC17: P | AD17: P | AF17: P | AG17: P | AH17: P | AI17: P | AJ17: =COUNTIF(E17:AI17,"P") -> 24 | AK17: =COUNTIF(E17:AI17,"A") -> 2 | AL17: Absent Days Details
A18: 14 | B18: Shafia | C18: Meer Muhammad | D18: Three | E18: P | F18: P | G18: P | H18: P | K18: A | L18: P | M18: P | N18: P | O18: P | P18: P | R18: P | S18: P | T18: P | U18: P | V18: P | W18: A | Y18: P | Z18: P | AA18: P | AB18: L | AC18: L | AD18: L | AF18: L | AG18: L | AH18: L | AI18: L | AJ18: =COUNTIF(E18:AI18,"P") -> 17 | AK18: =COUNTIF(E18:AI18,"A") -> 2 | AL18: Detail | AM18: Boys | AN18: Girls | AO18: Total
A19: 15 | B19: Sawebia | C19: Hafeezullah | D19: Three | E19: P | F19: P | G19: P | H19: P | K19: P | L19: P | M19: P | N19: P | O19: P | P19: P | R19: P | S19: P | T19: P | U19: P | V19: P | W19: P | Y19: P | Z19: P | AA19: P | AB19: P | AC19: P | AD19: P | AF19: A | AG19: P | AH19: P | AI19: P | AJ19: =COUNTIF(E19:AI19,"P") -> 25 | AK19: =COUNTIF(E19:AI19,"A") -> 1 | AL19: Due Present days | AM19: =30*$AM$5 -> 780 | AN19: =26*$AM$5 -> 676 | AO19: =AM19+AN19 -> 1456
A20: 16 | B20: Sughra | C20: Suhrab Ali | D20: Three | E20: P | F20: P | G20: P | H20: P | K20: P | L20: P | M20: P | N20: P | O20: P | P20: P | R20: P | S20: P | T20: P | U20: P | V20: P | W20: P | Y20: P | Z20: P | AA20: P | AB20: P | AC20: P | AD20: P | AF20: P | AG20: P | AH20: P | AI20: P | AJ20: =COUNTIF(E20:AI20,"P") -> 26 | AK20: =COUNTIF(E20:AI20,"A") -> 0 | AL20: Absent days | AM20: =AM19-AM12 -> 153 | AN20: =AN19-AN12 -> 109 | AO20: =AM20+AN20 -> 262
A21: 17 | B21: Tashfeen | C21: M. Idrees | D21: Three | E21: P | F21: P | G21: P | H21: P | K21: A | L21: P | M21: P | N21: P | O21: P | P21: A | R21: P | S21: P | T21: P | U21: P | V21: P | W21: A | Y21: A | Z21: P | AA21: P | AB21: P | AC21: P | AD21: P | AF21: P | AG21: A | AH21: P | AI21: P | AJ21: =COUNTIF(E21:AI21,"P") -> 21 | AK21: =COUNTIF(E21:AI21,"A") -> 5 | AL21: % | AM21: =AM20/AM19 -> 0.19615385 | AN21: =AN20/AN19 -> 0.1612426 | AO21: =AO20/AO19 -> 0.17994505
A22: 18 | B22: Tasmiya | C22: Shehbaz Ahmed | D22: Three | E22: P | F22: P | G22: P | H22: P | K22: P | L22: P | M22: A | N22: P | O22: P | P22: P | R22: P | S22: P | T22: P | U22: A | V22: P | W22: P | Y22: A | Z22: A | AA22: P | AB22: P | AC22: P | AD22: A | AF22: P | AG22: P | AH22: P | AI22: P | AJ22: =COUNTIF(E22:AI22,"P") -> 21 | AK22: =COUNTIF(E22:AI22,"A") -> 5
A23: 19 | B23: Tayyaba | C23: M. Farooque Sarki | D23: Three | E23: P | F23: P | G23: P | H23: P | K23: P | L23: P | M23: P | N23: P | O23: A | P23: A | R23: P | S23: P | T23: P | U23: P | V23: P | W23: A | Y23: P | Z23: P | AA23: P | AB23: P | AC23: P | AD23: P | AF23: P | AG23: P | AH23: P | AI23: P | AJ23: =COUNTIF(E23:AI23,"P") -> 23 | AK23: =COUNTIF(E23:AI23,"A") -> 3
A24: 20 | B24: Hafsa | C24: Fahad | D24: Three | E24: P | F24: P | G24: P | H24: P | K24: P | L24: P | M24: P | N24: P | O24: P | P24: P | R24: P | S24: P | T24: P | U24: P | V24: P | W24: P | Y24: P | Z24: P | AA24: P | AB24: P | AC24: P | AD24: A | AF24: P | AG24: P | AH24: P | AI24: P | AJ24: =COUNTIF(E24:AI24,"P") -> 25 | AK24: =COUNTIF(E24:AI24,"A") -> 1
A25: 21 | B25: Hooriya | C25: Fahad | D25: Three | E25: P | F25: P | G25: P | H25: P | K25: P | L25: P | M25: P | N25: P | O25: P | P25: P | R25: P | S25: P | T25: P | U25: P | V25: P | W25: P | Y25: P | Z25: P | AA25: P | AB25: P | AC25: P | AD25: A | AF25: P | AG25: P | AH25: P | AI25: P | AJ25: =COUNTIF(E25:AI25,"P") -> 25 | AK25: =COUNTIF(E25:AI25,"A") -> 1
A26: 22 | B26: Zainab Batool | C26: Mohsin Ali | D26: Three | E26: P | F26: P | G26: P | H26: P | K26: A | L26: P | M26: P | N26: P | O26: P | P26: P | R26: P | S26: P | T26: P | U26: A | V26: P | W26: P | Y26: P | Z26: P | AA26: P | AB26: P | AC26: P | AD26: A | AF26: P | AG26: P | AH26: P | AI26: P | AJ26: =COUNTIF(E26:AI26,"P") -> 23 | AK26: =COUNTIF(E26:AI26,"A") -> 3
A27: 23 | B27: Rida-E-Zainab | C27: Faraz Hyder | D27: Three | E27: P | F27: P | G27: P | H27: P | K27: P | L27: P | M27: P | N27: A | O27: P | P27: P | R27: P | S27: P | T27: P | U27: P | V27: P | W27: P | Y27: P | Z27: P | AA27: P | AB27: P | AC27: P | AD27: P | AF27: P | AG27: P | AH27: P | AI27: P | AJ27: =COUNTIF(E27:AI27,"P") -> 25 | AK27: =COUNTIF(E27:AI27,"A") -> 1
A28: 24 | B28: Bushra | C28: Farhan | D28: Three | E28: P | F28: P | G28: P | H28: P | K28: P | L28: P | M28: P | N28: P | O28: P | P28: A | R28: P | S28: P | T28: P | U28: P | V28: P | W28: A | Y28: P | Z28: P | AA28: P | AB28: P | AC28: P | AD28: A | AF28: P | AG28: P | AH28: P | AI28: P | AJ28: =COUNTIF(E28:AI28,"P") -> 23 | AK28: =COUNTIF(E28:AI28,"A") -> 3
A29: 25 | B29: Alisha | C29: Ghulam Asghar | D29: Three | E29: P | F29: P | G29: P | H29: P | K29: P | L29: P | M29: P | N29: P | O29: P | P29: P | R29: A | S29: A | T29: A | U29: A | V29: A | W29: A | Y29: A | Z29: A | AA29: A | AB29: A | AC29: A | AD29: A | AF29: A | AG29: A | AH29: A | AI29: A | AJ29: =COUNTIF(E29:AI29,"P") -> 10 | AK29: =COUNTIF(E29:AI29,"A") -> 16
A30: 26 | B30: Mubashira | C30: Ubaidullah | D30: Three | E30: A | F30: P | G30: A | H30: P | K30: P | L30: P | M30: P | N30: P | O30: P | P30: A | R30: P | S30: P | T30: P | U30: P | V30: P | W30: P | Y30: P | Z30: P | AA30: P | AB30: P | AC30: A | AD30: A | AF30: P | AG30: P | AH30: P | AI30: P | AJ30: =COUNTIF(E30:AI30,"P") -> 21 | AK30: =COUNTIF(E30:AI30,"A") -> 5
A31: 1 | B31: Abdul Qudoos | C31: Waheed Ahmed | D31: Three | E31: P | F31: P | G31: P | H31: P | K31: P | L31: P | M31: P | N31: P | O31: P | P31: P | R31: P | S31: P | T31: P | U31: P | V31: P | W31: P | Y31: P | Z31: P | AA31: P | AB31: P | AC31: P | AD31: P | AF31: P | AG31: P | AH31: P | AI31: P | AJ31: =COUNTIF(E31:AI31,"P") -> 26 | AK31: =COUNTIF(E31:AI31,"A") -> 0
A32: 2 | B32: Abbas Ali | C32: Deedar Ali | D32: Three | E32: P | F32: A | G32: P | H32: P | K32: P | L32: P | M32: P | N32: P | O32: A | P32: P | R32: P | S32: P | T32: P | U32: P | V32: P | W32: A | Y32: P | Z32: P | AA32: P | AB32: P | AC32: P | AD32: P | AF32: P | AG32: P | AH32: P | AI32: P | AJ32: =COUNTIF(E32:AI32,"P") -> 23 | AK32: =COUNTIF(E32:AI32,"A") -> 3
A33: 3 | B33: Abdul Rafay | C33: Noor Ul Haq | D33: Three | E33: P | F33: P | G33: P | H33: P | K33: P | L33: P | M33: P | N33: P | O33: P | P33: P | R33: P | S33: P | T33: P | U33: P | V33: P | W33: P | Y33: P | Z33: P | AA33: P | AB33: L | AC33: P | AD33: P | AF33: P | AG33: A | AH33: P | AI33: P | AJ33: =COUNTIF(E33:AI33,"P") -> 24 | AK33: =COUNTIF(E33:AI33,"A") -> 1
... A59: 29 | B59: Atteeque ur Rehman | C59: Raffique Ahmed | D59: Three | E59: P | F59: P | G59: P | H59: A | K59: P | L59: P | M59: P | N59: P | O59: A | P59: P | R59: P | S59: P | T59: P | U59: P | V59: P | W59: P | Y59: P | Z59: P | AA59: P | AB59: P | AC59: P | AD59: P | AF59: P | AG59: P | AH59: P | AI59: P | AJ59: =COUNTIF(E59:AI59,"P") -> 24 | AK59: =COUNTIF(E59:AI59,"A") -> 2
A60: 30 | B60: Muhammad Essa | D60: Three | E60: - | F60: - | G60: - | H60: - | K60: - | L60: - | M60: P | N60: P | O60: P | P60: P | R60: P | S60: P | T60: P | U60: A | V60: P | W60: P | Y60: P | Z60: P | AA60: P | AB60: P | AC60: P | AD60: P | AF60: P | AG60: P | AH60: P | AI60: P | AJ60: =COUNTIF(E60:AI60,"P") -> 19 | AK60: =COUNTIF(E60:AI60,"A") -> 1

Sheet Class-IV
A1: Goverment high school (SJCHS)
A2: Monthly Attendence Month of October-2024
A3: S.No | B3: Student Name | C3: Father Name | D3: Class | E3: =TEXT(E4,"ddd") -> Tue | F3: =TEXT(F4,"ddd") -> Wed | G3: =TEXT(G4,"ddd") -> Thu | H3: =TEXT(H4,"ddd") -> Fri | I3: =TEXT(I4,"ddd") -> Sat | J3: =TEXT(J4,"ddd") -> Sun | K3: =TEXT(K4,"ddd") -> Mon | L3: =TEXT(L4,"ddd") -> Tue | ... AI3: =TEXT(AI4,"ddd") -> Thu | AJ3: Present | AK3: Absent | AL3: Year 2024
E4: 45566 | F4: 45567 | G4: 45568 | H4: 45569 | I4: 45570 | J4: 45571 | K4: 45572 | L4: 45573 | M4: 45574 | N4: 45575 | O4: 45576 | P4: 45577 | Q4: 45578 | R4: 45579 | S4: 45580 | T4: 45581 | U4: 45582 | V4: 45583 | W4: 45584 | X4: 45585 | Y4: 45586 | Z4: 45587 | AA4: 45588 | AB4: 45589 | AC4: 45590 | AD4: 45591 | AE4: 45592 | AF4: 45593 | AG4: 45594 | AH4: 45595 | AI4: 45596 | AL4: Total days | AM4: =SUM(AM5:AM7) -> 31
A5: 1 | B5: Aqeel Ahmed | C5: Najeebullah | D5: Four | E5: P | F5: P | G5: A | H5: A | I5: P | J5: SUNDAY - SUNDAY - SUNDAY - SUNDAY - SUNDAY - SUNDAY | K5: A | L5: A | M5: P | N5: A | O5: A | P5: P | Q5: SUNDAY - SUNDAY - SUNDAY - SUNDAY - SUNDAY - SUNDAY | R5: P | S5: P | T5: P | U5: P | V5: P | W5: A | X5: SUNDAY - SUNDAY - SUNDAY - SUNDAY - SUNDAY - SUNDAY | Y5: P | Z5: A | AA5: P | AB5: P | AC5: P | AD5: A | AE5: SUNDAY - SUNDAY - SUNDAY - SUNDAY - SUNDAY - SUNDAY | AF5: A | AG5: A | AH5: P | AI5: A | AJ5: =COUNTIF(E5:AI5,"P") -> 15 | AK5: =COUNTIF(E5:AH5,"A") -> 11 | AL5: Working days | AM5: 27
A6: 2 | B6: Alijan | C6: M. Shafique | D6: Four | E6: P | F6: P | G6: P | H6: P | I6: A | K6: P | L6: P | M6: P | N6: P | O6: P | P6: P | R6: P | S6: P | T6: P | U6: P | V6: P | W6: A | Y6: P | Z6: P | AA6: P | AB6: P | AC6: P | AD6: P | AF6: P | AG6: P | AH6: P | AI6: P | AJ6: =COUNTIF(E6:AI6,"P") -> 25 | AK6: =COUNTIF(E6:AH6,"A") -> 2 | AL6: Sunday | AM6: 4
A7: 3 | B7: Dost M. | C7: M. Usman | D7: Four | E7: P | F7: P | G7: P | H7: P | I7: A | K7: P | L7: P | M7: P | N7: P | O7: P | P7: P | R7: P | S7: P | T7: P | U7: P | V7: A | W7: P | Y7: P | Z7: P | AA7: P | AB7: P | AC7: P | AD7: P | AF7: P | AG7: P | AH7: P | AI7: P | AJ7: =COUNTIF(E7:AI7,"P") -> 25 | AK7: =COUNTIF(E7:AH7,"A") -> 2
A8: 4 | B8: Fahad | C8: Riaz | D8: Four | E8: P | F8: P | G8: P | H8: P | I8: A | K8: P | L8: P | M8: P | N8: L | O8: A | P8: P | R8: A | S8: A | T8: A | U8: A | V8: A | W8: A | Y8: P | Z8: A | AA8: A | AB8: A | AC8: A | AD8: A | AF8: A | AG8: A | AH8: A | AI8: A | AJ8: =COUNTIF(E8:AI8,"P") -> 9 | AK8: =COUNTIF(E8:AH8,"A") -> 16
A9: 5 | B9: Imdad Ali | C9: Hamid Ali | D9: Four | E9: P | F9: P | G9: P | H9: P | I9: A | K9: A | L9: A | M9: P | N9: A | O9: A | P9: P | R9: A | S9: P | T9: A | U9: P | V9: A | W9: P | Y9: P | Z9: P | AA9: P | AB9: P | AC9: A | AD9: A | AF9: P | AG9: P | AH9: P | AI9: P | AJ9: =COUNTIF(E9:AI9,"P") -> 17 | AK9: =COUNTIF(E9:AH9,"A") -> 10 | AL9: Present Days Detail
A10: 6 | B10: M. Suleman | C10: Usman | D10: Four | E10: P | F10: P | G10: P | H10: P | I10: A | K10: P | L10: P | M10: P | N10: P | O10: P | P10: P | R10: P | S10: P | T10: A | U10: P | V10: P | W10: P | Y10: P | Z10: A | AA10: P | AB10: P | AC10: P | AD10: A | AF10: P | AG10: P | AH10: P | AI10: P | AJ10: =COUNTIF(E10:AI10,"P") -> 23 | AK10: =COUNTIF(E10:AH10,"A") -> 4 | AL10: Detail | AM10: Boys | AN10: Girls | AO10: Total
A11: 7 | B11: M. Faisal | C11: Abdull Sattar | D11: Four | E11: P | F11: P | G11: P | H11: P | I11: P | K11: P | L11: P | M11: P | N11: P | O11: P | P11: P | R11: P | S11: P | T11: P | U11: P | V11: P | W11: P | Y11: P | Z11: P | AA11: P | AB11: P | AC11: P | AD11: P | AF11: P | AG11: P | AH11: P | AI11: P | AJ11: =COUNTIF(E11:AI11,"P") -> 27 | AK11: =COUNTIF(E11:AH11,"A") -> 0 | AL11: Due Present days | AM11: =21*$AM$5 -> 567 | AN11: =32*$AM$5 -> 864 | AO11: =SUM(AM11:AN11) -> 1431
A12: 8 | B12: Muzammil | C12: Deedar Ali | D12: Four | E12: P | F12: P | G12: P | H12: P | I12: P | K12: P | L12: P | M12: P | N12: P | O12: P | P12: P | R12: P | S12: P | T12: P | U12: P | V12: P | W12: P | Y12: P | Z12: P | AA12: P | AB12: P | AC12: P | AD12: P | AF12: P | AG12: P | AH12: P | AI12: P | AJ12: =COUNTIF(E12:AI12,"P") -> 27 | AK12: =COUNTIF(E12:AH12,"A") -> 0 | AL12: Actual present days | AM12: =SUM(AJ5:AJ25) -> 431 | AN12: =SUM(AJ26:AJ57) -> 704 | AO12: =AM12+AN12 -> 1135
A13: 9 | B13: Tanveer Ahmed | C13: Wazeer Ahmed | D13: Four | E13: P | F13: P | G13: P | H13: P | I13: P | K13: P | L13: A | M13: P | N13: P | O13: P | P13: P | R13: P | S13: P | T13: P | U13: A | V13: P | W13: P | Y13: A | Z13: A | AA13: P | AB13: P | AC13: P | AD13: P | AF13: A | AG13: P | AH13: P | AI13: P | AJ13: =COUNTIF(E13:AI13,"P") -> 22 | AK13: =COUNTIF(E13:AH13,"A") -> 5 | AL13: % | AM13: =AM12/AM11 -> 0.76014109 | AN13: =AN12/AN11 -> 0.81481481 | AO13: =AO12/AO11 -> 0.79315164
A14: 10 | B14: Zain | C14: Zaheer Ahmed | D14: Four | E14: P | F14: P | G14: P | H14: P | I14: A | K14: P | L14: P | M14: A | N14: P | O14: A | P14: P | R14: P | S14: P | T14: P | U14: P | V14: P | W14: P | Y14: P | Z14: P | AA14: P | AB14: P | AC14: P | AD14: P | AF14: P | AG14: P | AH14: P | AI14: P | AJ14: =COUNTIF(E14:AI14,"P") -> 24 | AK14: =COUNTIF(E14:AH14,"A") -> 3
A15: 11 | B15: Zulfiqar | C15: Nazeer Ali | D15: Four | E15: P | F15: P | G15: P | H15: P | I15: A | K15: A | L15: P | M15: A | N15: P | O15: P | P15: P | R15: P | S15: P | T15: A | U15: P | V15: P | W15: P | Y15: P | Z15: P | AA15: A | AB15: P | AC15: P | AD15: P | AF15: P | AG15: P | AH15: P | AI15: P | AJ15: =COUNTIF(E15:AI15,"P") -> 22 | AK15: =COUNTIF(E15:AH15,"A") -> 5
A16: 12 | B16: Tasawur Ali | C16: Ahsan Ali | D16: Four | E16: P | F16: P | G16: P | H16: P | I16: A | K16: P | L16: P | M16: P | N16: P | O16: P | P16: P | R16: P | S16: P | T16: P | U16: P | V16: P | W16: A | Y16: A | Z16: P | AA16: P | AB16: A | AC16: P | AD16: P | AF16: P | AG16: P | AH16: P | AI16: P | AJ16: =COUNTIF(E16:AI16,"P") -> 23 | AK16: =COUNTIF(E16:AH16,"A") -> 4
A17: 13 | B17: Zain-ul-Abdin | C17: Dil Murad | D17: Four | E17: P | F17: P | G17: P | H17: P | I17: P | K17: P | L17: A | M17: P | N17: P | O17: P | P17: P | R17: P | S17: P | T17: P | U17: P | V17: P | W17: P | Y17: P | Z17: P | AA17: P | AB17: P | AC17: A | AD17: P | AF17: P | AG17: P | AH17: P | AI17: P | AJ17: =COUNTIF(E17:AI17,"P") -> 25 | AK17: =COUNTIF(E17:AH17,"A") -> 2 | AL17: Absent Days Details
A18: 14 | B18: Sameer Ali | C18: Gulbahar Ali | D18: Four | E18: P | F18: P | G18: P | H18: P | I18: A | K18: P | L18: A | M18: P | N18: P | O18: P | P18: P | R18: P | S18: P | T18: A | U18: P | V18: P | W18: P | Y18: P | Z18: P | AA18: P | AB18: P | AC18: P | AD18: P | AF18: P | AG18: P | AH18: P | AI18: P | AJ18: =COUNTIF(E18:AI18,"P") -> 24 | AK18: =COUNTIF(E18:AH18,"A") -> 3 | AL18: Detail | AM18: Boys | AN18: Girls | AO18: Total
A19: 15 | B19: M. Anees | C19: M. Ramzan | D19: Four | E19: P | F19: P | G19: P | H19: A | I19: P | K19: P | L19: P | M19: P | N19: L | O19: L | P19: L | R19: L | S19: L | T19: L | U19: L | V19: P | W19: A | Y19: P | Z19: P | AA19: P | AB19: P | AC19: A | AD19: P | AF19: P | AG19: P | AH19: P | AI19: P | AJ19: =COUNTIF(E19:AI19,"P") -> 17 | AK19: =COUNTIF(E19:AH19,"A") -> 3 | AL19: Due Present days | AM19: =21*$AM$5 -> 567 | AN19: =32*$AM$5 -> 864 | AO19: =AM19+AN19 -> 1431
A20: 16 | B20: Hamadullah | C20: Abrar Hussain | D20: Four | E20: P | F20: P | G20: P | H20: P | I20: P | K20: P | L20: P | M20: P | N20: P | O20: P | P20: P | R20: P | S20: P | T20: P | U20: P | V20: P | W20: P | Y20: P | Z20: P | AA20: P | AB20: P | AC20: P | AD20: P | AF20: P | AG20: P | AH20: P | AI20: P | AJ20: =COUNTIF(E20:AI20,"P") -> 27 | AK20: =COUNTIF(E20:AH20,"A") -> 0 | AL20: Absent days | AM20: =AM19-AM12 -> 136 | AN20: =AN19-AN12 -> 160 | AO20: =AM20+AN20 -> 296
A21: 17 | B21: M. Hussain | C21: Khawar | D21: Four | E21: P | F21: P | G21: P | H21: A | I21: P | K21: P | L21: A | M21: P | N21: P | O21: P | P21: P | R21: P | S21: P | T21: P | U21: P | V21: P | W21: P | Y21: A | Z21: P | AA21: P | AB21: P | AC21: P | AD21: P | AF21: P | AG21: P | AH21: P | AI21: P | AJ21: =COUNTIF(E21:AI21,"P") -> 24 | AK21: =COUNTIF(E21:AH21,"A") -> 3 | AL21: % | AM21: =AM20/AM19 -> 0.23985891 | AN21: =AN20/AN19 -> 0.18518519 | AO21: =AO20/AO19 -> 0.20684836
A22: 18 | B22: Saadullah | C22: Hafeezullah | D22: Four | E22: P | F22: P | G22: P | H22: P | I22: P | K22: P | L22: P | M22: P | N22: P | O22: P | P22: P | R22: P | S22: P | T22: P | U22: P | V22: P | W22: P | Y22: P | Z22: A | AA22: P | AB22: P | AC22: P | AD22: A | AF22: P | AG22: P | AH22: P | AI22: P | AJ22: =COUNTIF(E22:AI22,"P") -> 25 | AK22: =COUNTIF(E22:AH22,"A") -> 2
A23: 19 | B23: Saqlain | C23: Imran | D23: Four | E23: A | F23: A | G23: A | H23: A | I23: A | K23: A | L23: A | M23: A | N23: A | O23: A | P23: A | R23: A | S23: A | T23: A | U23: A | V23: A | W23: A | Y23: A | Z23: A | AA23: A | AB23: A | AC23: A | AD23: A | AF23: A | AG23: A | AH23: A | AI23: A | AJ23: =COUNTIF(E23:AI23,"P") -> 0 | AK23: =COUNTIF(E23:AH23,"A") -> 26
A24: 20 | B24: M. Qassam | C24: Imran H. | D24: Four | E24: P | F24: P | G24: P | H24: P | I24: A | K24: A | L24: P | M24: A | N24: P | O24: P | P24: P | R24: P | S24: A | T24: P | U24: A | V24: A | W24: A | Y24: P | Z24: P | AA24: P | AB24: P | AC24: A | AD24: P | AF24: P | AG24: P | AH24: P | AI24: P | AJ24: =COUNTIF(E24:AI24,"P") -> 19 | AK24: =COUNTIF(E24:AH24,"A") -> 8
A25: 21 | B25: Aliyan | C25: Gulraiz | D25: Four | E25: A | F25: A | G25: A | H25: A | I25: A | K25: A | L25: A | M25: A | N25: A | O25: A | P25: A | R25: A | S25: A | T25: A | U25: P | V25: P | W25: A | Y25: P | Z25: A | AA25: P | AB25: P | AC25: P | AD25: P | AF25: P | AG25: P | AH25: P | AI25: P | AJ25: =COUNTIF(E25:AI25,"P") -> 11 | AK25: =COUNTIF(E25:AH25,"A") -> 16
A26: 1 | B26: Areeba | C26: M. Arif | D26: Four | E26: P | F26: P | G26: P | H26: P | I26: P | K26: P | L26: P | M26: P | N26: P | O26: P | P26: P | R26: P | S26: P | T26: P | U26: P | V26: P | W26: P | Y26: A | Z26: P | AA26: P | AB26: P | AC26: P | AD26: P | AF26: P | AG26: P | AH26: P | AI26: P | AJ26: =COUNTIF(E26:AI26,"P") -> 26 | AK26: =COUNTIF(E26:AH26,"A") -> 1
A27: 2 | B27: Ambreen | C27: Abdul Ghafoor | D27: Four | E27: P | F27: P | G27: P | H27: P | I27: P | K27: P | L27: P | M27: P | N27: P | O27: P | P27: P | R27: P | S27: P | T27: P | U27: P | V27: P | W27: P | Y27: P | Z27: P | AA27: P | AB27: P | AC27: P | AD27: P | AF27: A | AG27: P | AH27: P | AI27: P | AJ27: =COUNTIF(E27:AI27,"P") -> 26 | AK27: =COUNTIF(E27:AH27,"A") -> 1
A28: 3 | B28: Bakhtawar | C28: Taj Muhammad | D28: Four | E28: P | F28: P | G28: P | H28: P | I28: P | K28: P | L28: P | M28: P | N28: P | O28: P | P28: A | R28: P | S28: P | T28: P | U28: P | V28: P | W28: P | Y28: P | Z28: P | AA28: P | AB28: P | AC28: P | AD28: P | AF28: P | AG28: P | AH28: P | AI28: P | AJ28: =COUNTIF(E28:AI28,"P") -> 26 | AK28: =COUNTIF(E28:AH28,"A") -> 1
A29: 4 | B29: Bibi Zehra | C29: Liaquat | D29: Four | E29: P | F29: A | G29: P | H29: P | I29: P | K29: P | L29: P | M29: P | N29: P | O29: P | P29: P | R29: P | S29: P | T29: P | U29: P | V29: P | W29: P | Y29: P | Z29: P | AA29: P | AB29: P | AC29: A | AD29: P | AF29: P | AG29: P | AH29: P | AI29: P | AJ29: =COUNTIF(E29:AI29,"P") -> 25 | AK29: =COUNTIF(E29:AH29,"A") -> 2
A30: 5 | B30: Bushra | C30: Rana | D30: Four | E30: P | F30: p | G30: P | H30: P | I30: P | K30: P | L30: P | M30: P | N30: P | O30: P | P30: P | R30: P | S30: P | T30: A | U30: P | V30: L | W30: L | Y30: P | Z30: P | AA30: P | AB30: P | AC30: P | AD30: P | AF30: P | AG30: A | AH30: P | AI30: P | AJ30: =COUNTIF(E30:AI30,"P") -> 23 | AK30: =COUNTIF(E30:AH30,"A") -> 2
A31: 6 | B31: Dua | C31: M. Shafique | D31: Four | E31: P | F31: p | G31: P | H31: A | I31: P | K31: P | L31: A | M31: A | N31: P | O31: P | P31: P | R31: P | S31: P | T31: P | U31: P | V31: P | W31: P | Y31: P | Z31: P | AA31: P | AB31: P | AC31: P | AD31: P | AF31: P | AG31: P | AH31: P | AI31: P | AJ31: =COUNTIF(E31:AI31,"P") -> 24 | AK31: =COUNTIF(E31:AH31,"A") -> 3
A32: 7 | B32: Fatima Gul | C32: Shah Nazwaz | D32: Four | E32: P | F32: p | G32: P | H32: P | I32: P | K32: P | L32: P | M32: P | N32: A | O32: A | P32: A | R32: P | S32: P | T32: P | U32: A | V32: P | W32: P | Y32: P | Z32: P | AA32: P | AB32: P | AC32: P | AD32: P | AF32: P | AG32: P | AH32: P | AI32: P | AJ32: =COUNTIF(E32:AI32,"P") -> 23 | AK32: =COUNTIF(E32:AH32,"A") -> 4
A33: 8 | B33: Sakina | C33: Rafique | D33: Four | E33: P | F33: p | G33: A | H33: A | I33: A | K33: A | L33: A | M33: P | N33: A | O33: P | P33: A | R33: P | S33: P | T33: A | U33: A | V33: P | W33: P | Y33: A | Z33: A | AA33: A | AB33: A | AC33: A | AD33: P | AF33: P | AG33: P | AH33: P | AI33: A | AJ33: =COUNTIF(E33:AI33,"P") -> 12 | AK33: =COUNTIF(E33:AH33,"A") -> 14
... A48: 23 | B48: Nuzhat | C48: Khalid Hussain | D48: Four | E48: p | F48: p | G48: P | H48: P | I48: A | K48: P | L48: A | M48: P | N48: P | O48: P | P48: P | R48: P | S48: P | T48: P | U48: P | V48: P | W48: P | Y48: P | Z48: P | AA48: P | AB48: P | AC48: P | AD48: P | AF48: P | AG48: P | AH48: P | AI48: P | AJ48: =COUNTIF(E48:AI48,"P") -> 25 | AK48: =COUNTIF(E48:AH48,"A") -> 2
A49: 24 | B49: Rooba | D49: Four | E49: p | F49: p | G49: P | H49: P | I49: A | K49: P | L49: P | M49: P | N49: A | O49: P | P49: P | R49: P | S49: A | T49: P | U49: P | V49: P | W49: P | Y49: P | Z49: A | AA49: P | AB49: P | AC49: A | AD49: P | AF49: A | AG49: A | AH49: A | AI49: P | AJ49: =COUNTIF(E49:AI49,"P") -> 19 | AK49: =COUNTIF(E49:AH49,"A") -> 8
A50: 25 | B50: Tahmeena | C50: Gulbahar Ali | D50: Four | E50: p | F50: p | G50: P | H50: P | I50: A | K50: P | L50: A | M50: A | N50: P | O50: P | P50: P | R50: P | S50: P | T50: P | U50: P | V50: P | W50: P | Y50: P | Z50: P | AA50: P | AB50: A | AC50: P | AD50: P | AF50: A | AG50: P | AH50: P | AI50: P | AJ50: =COUNTIF(E50:AI50,"P") -> 22 | AK50: =COUNTIF(E50:AH50,"A") -> 5
A51: 26 | B51: Zara | C51: Zahid Ali | D51: Four | E51: p | F51: A | G51: P | H51: P | I51: A | K51: P | L51: P | M51: P | N51: P | O51: P | P51: A | R51: P | S51: P | T51: P | U51: P | V51: P | W51: P | Y51: P | Z51: P | AA51: P | AB51: P | AC51: P | AD51: P | AF51: P | AG51: P | AH51: A | AI51: A | AJ51: =COUNTIF(E51:AI51,"P") -> 22 | AK51: =COUNTIF(E51:AH51,"A") -> 4
A52: 27 | B52: Zoya | C52: Nisar Ahmed | D52: Four | E52: P | F52: A | G52: P | H52: P | I52: P | K52: P | L52: P | M52: P | N52: P | O52: P | P52: P | R52: P | S52: P | T52: P | U52: P | V52: P | W52: A | Y52: A | Z52: P | AA52: P | AB52: P | AC52: P | AD52: P | AF52: P | AG52: P | AH52: P | AI52: P | AJ52: =COUNTIF(E52:AI52,"P") -> 24 | AK52: =COUNTIF(E52:AH52,"A") -> 3
A53: 28 | B53: Zoya | C53: Ahsan Ali | D53: Four | E53: A | F53: p | G53: P | H53: A | I53: A | K53: P | L53: A | M53: P | N53: A | O53: A | P53: A | R53: P | S53: P | T53: P | U53: A | V53: P | W53: P | Y53: P | Z53: A | AA53: A | AB53: A | AC53: A | AD53: A | AF53: A | AG53: P | AH53: P | AI53: A | AJ53: =COUNTIF(E53:AI53,"P") -> 12 | AK53: =COUNTIF(E53:AH53,"A") -> 14
A54: 29 | B54: Bisma | C54: Basheer Ahmed | D54: Four | E54: p | F54: p | G54: P | H54: A | I54: A | K54: P | L54: P | M54: P | N54: P | O54: P | P54: A | R54: P | S54: P | T54: P | U54: P | V54: A | W54: P | Y54: P | Z54: P | AA54: P | AB54: P | AC54: P | AD54: A | AF54: P | AG54: P | AH54: P | AI54: P | AJ54: =COUNTIF(E54:AI54,"P") -> 22 | AK54: =COUNTIF(E54:AH54,"A") -> 5
A55: 30 | B55: Sabeen | C55: Shahid | D55: Four | E55: p | F55: p | G55: P | H55: P | I55: A | K55: A | L55: P | M55: P | N55: P | O55: P | P55: P | R55: P | S55: P | T55: P | U55: P | V55: P | W55: P | Y55: P | Z55: P | AA55: P | AB55: A | AC55: P | AD55: P | AF55: A | AG55: P | AH55: P | AI55: P | AJ55: =COUNTIF(E55:AI55,"P") -> 23 | AK55: =COUNTIF(E55:AH55,"A") -> 4
A56: 31 | B56: Javeria | C56: Jameel Hussain | D56: Four | E56: p | F56: p | G56: P | H56: P | I56: P | K56: P | L56: P | M56: P | N56: P | O56: P | P56: P | R56: P | S56: P | T56: P | U56: A | V56: P | W56: P | Y56: A | Z56: P | AA56: P | AB56: P | AC56: P | AD56: P | AF56: P | AG56: P | AH56: P | AI56: P | AJ56: =COUNTIF(E56:AI56,"P") -> 25 | AK56: =COUNTIF(E56:AH56,"A") -> 2
A57: 32 | B57: Nisa Fatima | C57: Liaquat Ali | D57: Four | E57: A | F57: p | G57: P | H57: P | I57: P | K57: P | L57: P | M57: A | N57: A | O57: P | P57: P | R57: P | S57: P | T57: P | U57: P | V57: P | W57: A | Y57: P | Z57: P | AA57: P | AB57: P | AC57: P | AD57: P | AF57: A | AG57: P | AH57: P | AI57: P | AJ57: =COUNTIF(E57:AI57,"P") -> 22 | AK57: =COUNTIF(E57:AH57,"A") -> 5

Sheet Class-V
A1: Goverment high school (SJCHS)
A2: Monthly Attendence Month of October-2024
A3: S.No | B3: Student Name | C3: Father Name | D3: Class | E3: =TEXT(E4,"ddd") -> Tue | F3: =TEXT(F4,"ddd") -> Wed | G3: =TEXT(G4,"ddd") -> Thu | H3: =TEXT(H4,"ddd") -> Fri | I3: =TEXT(I4,"ddd") -> Sat | J3: =TEXT(J4,"ddd") -> Sun | K3: =TEXT(K4,"ddd") -> Mon | L3: =TEXT(L4,"ddd") -> Tue | ... AI3: =TEXT(AI4,"ddd") -> Thu | AJ3: Present | AK3: Absent | AL3: Year 2024
E4: 45566 | F4: 45567 | G4: 45568 | H4: 45569 | I4: 45570 | J4: 45571 | K4: 45572 | L4: 45573 | M4: 45574 | N4: 45575 | O4: 45576 | P4: 45577 | Q4: 45578 | R4: 45579 | S4: 45580 | T4: 45581 | U4: 45582 | V4: 45583 | W4: 45584 | X4: 45585 | Y4: 45586 | Z4: 45587 | AA4: 45588 | AB4: 45589 | AC4: 45590 | AD4: 45591 | AE4: 45592 | AF4: 45593 | AG4: 45594 | AH4: 45595 | AI4: 45596 | AL4: Total days | AM4: =SUM(AM5:AM7) -> 31
A5: 1 | B5: Abdul Fatah | C5: Manzoor Ahmed | D5: Five | E5: P | F5: P | G5: P | H5: P | I5: P | J5: SUNDAY - SUNDAY - SUNDAY - SUNDAY - SUNDAY | K5: P | L5: P | M5: P | N5: P | O5: P | P5: P | Q5: SUNDAY - SUNDAY - SUNDAY - SUNDAY - SUNDAY | R5: P | S5: P | T5: P | U5: P | V5: P | W5: P | X5: SUNDAY - SUNDAY - SUNDAY - SUNDAY - SUNDAY | Y5: P | Z5: A | AA5: P | AB5: P | AC5: P | AD5: P | AE5: SUNDAY - SUNDAY - SUNDAY - SUNDAY - SUNDAY | AF5: P | AG5: P | AH5: P | AI5: P | AJ5: =COUNTIF(E5:AI5,"P") -> 26 | AK5: =COUNTIF(E5:AH5,"A") -> 1 | AL5: Working days | AM5: 27
A6: 2 | B6: Abdul Qayoom | C6: Waheed Ahmed | D6: Five | E6: P | F6: P | G6: P | H6: P | I6: P | K6: P | L6: P | M6: P | N6: P | O6: P | P6: P | R6: A | S6: P | T6: P | U6: P | V6: P | W6: P | Y6: P | Z6: P | AA6: P | AB6: P | AC6: P | AD6: P | AF6: P | AG6: P | AH6: P | AI6: P | AJ6: =COUNTIF(E6:AI6,"P") -> 26 | AK6: =COUNTIF(E6:AH6,"A") -> 1 | AL6: Sunday | AM6: 4
A7: 3 | B7: Ahmed Ali | C7: Nasrullah | D7: Five | E7: P | F7: P | G7: P | H7: P | I7: P | K7: P | L7: P | M7: P | N7: P | O7: P | P7: P | R7: P | S7: P | T7: P | U7: P | V7: P | W7: A | Y7: P | Z7: P | AA7: A | AB7: A | AC7: A | AD7: P | AF7: P | AG7: P | AH7: P | AI7: P | AJ7: =COUNTIF(E7:AI7,"P") -> 23 | AK7: =COUNTIF(E7:AH7,"A") -> 4
A8: 4 | B8: Ahsan Raza | C8: Meeral | D8: Five | E8: P | F8: P | G8: P | H8: P | I8: P | K8: A | L8: P | M8: P | N8: P | O8: P | P8: P | R8: P | S8: P | T8: P | U8: P | V8: P | W8: P | Y8: P | Z8: P | AA8: P | AB8: P | AC8: A | AD8: A | AF8: A | AG8: A | AH8: A | AI8: P | AJ8: =COUNTIF(E8:AI8,"P") -> 21 | AK8: =COUNTIF(E8:AH8,"A") -> 6
A9: 5 | B9: Ayan Ali | C9: Mehboob Ali | D9: Five | E9: P | F9: A | G9: P | H9: P | I9: P | K9: A | L9: A | M9: P | N9: P | O9: P | P9: P | R9: A | S9: P | T9: P | U9: P | V9: P | W9: A | Y9: A | Z9: P | AA9: P | AB9: P | AC9: A | AD9: A | AF9: P | AG9: P | AH9: P | AI9: P | AJ9: =COUNTIF(E9:AI9,"P") -> 19 | AK9: =COUNTIF(E9:AH9,"A") -> 8 | AL9: Present Days Detail
A10: 6 | B10: Ghulam Muhammad | C10: Parvaiz Ahmed | D10: Five | E10: P | F10: P | G10: P | H10: P | I10: P | K10: P | L10: P | M10: P | N10: P | O10: P | P10: P | R10: P | S10: P | T10: P | U10: P | V10: P | W10: P | Y10: P | Z10: P | AA10: P | AB10: P | AC10: A | AD10: A | AF10: P | AG10: P | AH10: P | AI10: P | AJ10: =COUNTIF(E10:AI10,"P") -> 25 | AK10: =COUNTIF(E10:AH10,"A") -> 2 | AL10: Detail | AM10: Boys | AN10: Girls | AO10: Total
A11: 7 | B11: Masab Ali | C11: Ahsan Ali | D11: Five | E11: P | F11: P | G11: P | H11: A | I11: A | K11: A | L11: P | M11: P | N11: P | O11: P | P11: P | R11: P | S11: P | T11: P | U11: P | V11: P | W11: A | Y11: P | Z11: P | AA11: P | AB11: P | AC11: A | AD11: P | AF11: P | AG11: P | AH11: P | AI11: P | AJ11: =COUNTIF(E11:AI11,"P") -> 22 | AK11: =COUNTIF(E11:AH11,"A") -> 5 | AL11: Due Present days | AM11: =23*$AM$5 -> 621 | AN11: =23*$AM$5 -> 621 | AO11: =SUM(AM11:AN11) -> 1242
A12: 8 | B12: Meesam Abbas | C12: Sabir Hussain | D12: Five | E12: P | F12: P | G12: P | H12: P | I12: P | K12: A | L12: P | M12: P | N12: P | O12: P | P12: P | R12: P | S12: P | T12: P | U12: P | V12: P | W12: P | Y12: P | Z12: P | AA12: P | AB12: P | AC12: A | AD12: P | AF12: P | AG12: P | AH12: P | AI12: P | AJ12: =COUNTIF(E12:AI12,"P") -> 25 | AK12: =COUNTIF(E12:AH12,"A") -> 2 | AL12: Actual present days | AM12: =SUM(AJ5:AJ27) -> 540 | AN12: =SUM(AJ28:AJ50) -> 437 | AO12: =AM12+AN12 -> 977
A13: 9 | B13: Muhammad Hassan | C13: Javaid Ali | D13: Five | E13: P | F13: P | G13: P | H13: P | I13: P | K13: P | L13: P | M13: P | N13: P | O13: P | P13: A | R13: P | S13: P | T13: P | U13: P | V13: P | W13: P | Y13: P | Z13: P | AA13: P | AB13: P | AC13: P | AD13: P | AF13: P | AG13: P | AH13: P | AI13: P | AJ13: =COUNTIF(E13:AI13,"P") -> 26 | AK13: =COUNTIF(E13:AH13,"A") -> 1 | AL13: % | AM13: =AM12/AM11 -> 0.86956522 | AN13: =AN12/AN11 -> 0.7037037 | AO13: =AO12/AO11 -> 0.78663446
A14: 10 | B14: Muhammad Zaid | C14: Khalid Abbasi | D14: Five | E14: P | F14: P | G14: P | H14: P | I14: P | K14: P | L14: P | M14: P | N14: P | O14: P | P14: P | R14: P | S14: A | T14: A | U14: A | V14: A | W14: A | Y14: P | Z14: P | AA14: P | AB14: P | AC14: P | AD14: P | AF14: P | AG14: P | AH14: P | AI14: P | AJ14: =COUNTIF(E14:AI14,"P") -> 22 | AK14: =COUNTIF(E14:AH14,"A") -> 5
A15: 11 | B15: Usman Jamali | C15: Liaqat Ali | D15: Five | E15: P | F15: P | G15: P | H15: P | I15: P | K15: P | L15: P | M15: P | N15: P | O15: P | P15: P | R15: P | S15: P | T15: P | U15: P | V15: P | W15: P | Y15: P | Z15: P | AA15: P | AB15: P | AC15: P | AD15: P | AF15: P | AG15: P | AH15: P | AI15: P | AJ15: =COUNTIF(E15:AI15,"P") -> 27 | AK15: =COUNTIF(E15:AH15,"A") -> 0
A16: 12 | B16: Muhammad Ali | C16: Maula Abdullah Bux | D16: Five | E16: P | F16: P | G16: P | H16: P | I16: P | K16: P | L16: P | M16: P | N16: P | O16: P | P16: P | R16: P | S16: P | T16: P | U16: A | V16: P | W16: P | Y16: P | Z16: P | AA16: A | AB16: A | AC16: A | AD16: A | AF16: P | AG16: P | AH16: P | AI16: P | AJ16: =COUNTIF(E16:AI16,"P") -> 22 | AK16: =COUNTIF(E16:AH16,"A") -> 5
A17: 13 | B17: Muhammad Israr | C17: Abdullah Bhand | D17: Five | E17: P | F17: P | G17: P | H17: P | I17: P | K17: P | L17: P | M17: P | N17: P | O17: P | P17: P | R17: P | S17: P | T17: P | U17: P | V17: P | W17: P | Y17: P | Z17: P | AA17: P | AB17: P | AC17: P | AD17: P | AF17: P | AG17: P | AH17: P | AI17: P | AJ17: =COUNTIF(E17:AI17,"P") -> 27 | AK17: =COUNTIF(E17:AH17,"A") -> 0 | AL17: Absent Days Details
A18: 14 | B18: Muhammad Rahim | C18: Muhammad Azeem | D18: Five | E18: P | F18: P | G18: P | H18: P | I18: P | K18: P | L18: P | M18: P | N18: P | O18: P | P18: P | R18: P | S18: P | T18: A | U18: P | V18: P | W18: A | Y18: P | Z18: P | AA18: A | AB18: A | AC18: A | AD18: A | AF18: P | AG18: P | AH18: P | AI18: P | AJ18: =COUNTIF(E18:AI18,"P") -> 21 | AK18: =COUNTIF(E18:AH18,"A") -> 6 | AL18: Detail | AM18: Boys | AN18: Girls | AO18: Total
A19: 15 | B19: Mohsin Ali | C19: Sajid Ali Junejo | D19: Five | E19: P | F19: P | G19: P | H19: P | I19: P | K19: A | L19: P | M19: P | N19: P | O19: P | P19: P | R19: P | S19: P | T19: P | U19: P | V19: P | W19: P | Y19: P | Z19: P | AA19: P | AB19: P | AC19: P | AD19: P | AF19: P | AG19: P | AH19: P | AI19: P | AJ19: =COUNTIF(E19:AI19,"P") -> 26 | AK19: =COUNTIF(E19:AH19,"A") -> 1 | AL19: Due Present days | AM19: =23*$AM$5 -> 621 | AN19: =23*$AM$5 -> 621 | AO19: =AM19+AN19 -> 1242
A20: 16 | B20: M. Ammad-ud-din | C20: Riyaz-ud-din | D20: Five | E20: P | F20: P | G20: P | H20: P | I20: P | K20: P | L20: P | M20: P | N20: P | O20: A | P20: P | R20: P | S20: P | T20: P | U20: P | V20: P | W20: P | Y20: P | Z20: P | AA20: A | AB20: A | AC20: A | AD20: A | AF20: P | AG20: P | AH20: P | AI20: P | AJ20: =COUNTIF(E20:AI20,"P") -> 22 | AK20: =COUNTIF(E20:AH20,"A") -> 5 | AL20: Absent days | AM20: =AM19-AM12 -> 81 | AN20: =AN19-AN12 -> 184 | AO20: =AM20+AN20 -> 265
A21: 17 | B21: Noman | C21: Abdul Rehman | D21: Five | E21: P | F21: P | G21: P | H21: P | I21: P | K21: P | L21: P | M21: P | N21: P | O21: P | P21: P | R21: P | S21: P | T21: P | U21: P | V21: P | W21: P | Y21: A | Z21: P | AA21: A | AB21: A | AC21: P | AD21: P | AF21: P | AG21: P | AH21: P | AI21: P | AJ21: =COUNTIF(E21:AI21,"P") -> 24 | AK21: =COUNTIF(E21:AH21,"A") -> 3 | AL21: % | AM21: =AM20/AM19 -> 0.13043478 | AN21: =AN20/AN19 -> 0.2962963 | AO21: =AO20/AO19 -> 0.21336554
A22: 18 | B22: Rahib Hussain | C22: Zahid Hussain | D22: Five | E22: P | F22: P | G22: P | H22: P | I22: P | K22: P | L22: P | M22: P | N22: P | O22: P | P22: P | R22: A | S22: P | T22: P | U22: P | V22: P | W22: P | Y22: A | Z22: P | AA22: P | AB22: P | AC22: P | AD22: P | AF22: P | AG22: P | AH22: P | AI22: P | AJ22: =COUNTIF(E22:AI22,"P") -> 25 | AK22: =COUNTIF(E22:AH22,"A") -> 2
A23: 19 | B23: Shamsuddin | C23: Asghar Ali | D23: Five | E23: P | F23: P | G23: P | H23: P | I23: P | K23: P | L23: P | M23: P | N23: P | O23: P | P23: P | R23: P | S23: P | T23: P | U23: P | V23: P | W23: P | Y23: P | Z23: P | AA23: P | AB23: P | AC23: P | AD23: P | AF23: P | AG23: P | AH23: P | AI23: P | AJ23: =COUNTIF(E23:AI23,"P") -> 27 | AK23: =COUNTIF(E23:AH23,"A") -> 0
A24: 20 | B24: Massab Ali | C24: Safdar Ali | D24: Five | E24: P | F24: P | G24: P | H24: P | I24: P | K24: P | L24: P | M24: P | N24: P | O24: P | P24: P | R24: P | S24: P | T24: P | U24: P | V24: P | W24: P | Y24: P | Z24: P | AA24: A | AB24: A | AC24: A | AD24: P | AF24: P | AG24: P | AH24: P | AI24: P | AJ24: =COUNTIF(E24:AI24,"P") -> 24 | AK24: =COUNTIF(E24:AH24,"A") -> 3
A25: 21 | B25: Zohaib Ali | C25: Zulfiqar Ali | D25: Five | E25: P | F25: P | G25: P | H25: P | I25: P | K25: P | L25: P | M25: P | N25: P | O25: P | P25: P | R25: P | S25: P | T25: P | U25: P | V25: P | W25: P | Y25: P | Z25: P | AA25: A | AB25: A | AC25: A | AD25: A | AF25: P | AG25: P | AH25: P | AI25: P | AJ25: =COUNTIF(E25:AI25,"P") -> 23 | AK25: =COUNTIF(E25:AH25,"A") -> 4
A26: 22 | B26: Faheem | C26: Sajid Ali | D26: Five | E26: A | F26: P | G26: P | H26: P | I26: P | K26: P | L26: P | M26: P | N26: P | O26: P | P26: A | R26: A | S26: A | T26: A | U26: A | V26: A | W26: A | Y26: A | Z26: . | AA26: P | AB26: P | AC26: A | AD26: A | AF26: A | AG26: A | AH26: A | AI26: A | AJ26: =COUNTIF(E26:AI26,"P") -> 11 | AK26: =COUNTIF(E26:AH26,"A") -> 14
A27: 23 | B27: M. Husnain | C27: Ubaidullah | D27: Five | E27: P | F27: P | G27: P | H27: P | I27: A | K27: P | L27: P | M27: P | N27: P | O27: P | P27: P | R27: P | S27: P | T27: P | U27: P | V27: P | W27: P | Y27: P | Z27: P | AA27: P | AB27: P | AC27: P | AD27: P | AF27: P | AG27: P | AH27: P | AI27: P | AJ27: =COUNTIF(E27:AI27,"P") -> 26 | AK27: =COUNTIF(E27:AH27,"A") -> 1
A28: 1 | B28: Aitina Sohail | C28: Sohail Sarwar Jatoi | D28: Five | E28: P | F28: P | G28: P | H28: P | I28: P | K28: P | L28: P | M28: P | N28: P | O28: P | P28: P | R28: A | S28: P | T28: P | U28: P | V28: A | W28: P | Y28: P | Z28: P | AA28: P | AB28: P | AC28: P | AD28: P | AF28: P | AG28: P | AH28: A | AI28: P | AJ28: =COUNTIF(E28:AI28,"P") -> 24 | AK28: =COUNTIF(E28:AH28,"A") -> 3
A29: 2 | B29: Ajwa Gul | C29: Sabir Hussain | D29: Five | E29: P | F29: P | G29: P | H29: P | I29: P | K29: P | L29: P | M29: P | N29: A | O29: P | P29: P | R29: P | S29: P | T29: P | U29: A | V29: P | W29: P | Y29: P | Z29: P | AA29: P | AB29: P | AC29: P | AD29: P | AF29: P | AG29: P | AH29: P | AI29: P | AJ29: =COUNTIF(E29:AI29,"P") -> 25 | AK29: =COUNTIF(E29:AH29,"A") -> 2
A30: 3 | B30: Alishba | C30: Maqsood Ahmed | D30: Five | E30: P | F30: P | G30: P | H30: P | I30: P | K30: A | L30: A | M30: P | N30: P | O30: A | P30: P | R30: P | S30: P | T30: P | U30: A | V30: P | W30: P | Y30: P | Z30: P | AA30: P | AB30: P | AC30: P | AD30: P | AF30: P | AG30: P | AH30: P | AI30: P | AJ30: =COUNTIF(E30:AI30,"P") -> 23 | AK30: =COUNTIF(E30:AH30,"A") -> 4
A31: 4 | B31: Anosha | C31: Altaf Hussain | D31: Five | E31: A | F31: A | G31: A | H31: A | I31: A | K31: P | L31: P | M31: P | N31: P | O31: A | P31: P | R31: A | S31: P | T31: P | U31: P | V31: P | W31: P | Y31: A | Z31: A | AA31: A | AB31: A | AC31: A | AD31: A | AF31: A | AG31: A | AH31: A | AI31: A | AJ31: =COUNTIF(E31:AI31,"P") -> 10 | AK31: =COUNTIF(E31:AH31,"A") -> 16
A32: 5 | B32: Dua Batool | C32: Faiq Ali | D32: Five | E32: P | F32: P | G32: P | H32: A | I32: A | K32: P | L32: P | M32: P | N32: P | O32: P | P32: P | R32: P | S32: P | T32: P | U32: P | V32: P | W32: P | Y32: P | Z32: P | AA32: A | AB32: A | AC32: A | AD32: A | AF32: P | AG32: P | AH32: P | AI32: P | AJ32: =COUNTIF(E32:AI32,"P") -> 21 | AK32: =COUNTIF(E32:AH32,"A") -> 6
A33: 6 | B33: Gul Naz | C33: Zahid Hussain | D33: Five | E33: P | F33: P | G33: P | H33: P | I33: P | K33: P | L33: P | M33: P | N33: P | O33: P | P33: P | R33: A | S33: P | T33: P | U33: P | V33: P | W33: P | Y33: P | Z33: P | AA33: P | AB33: P | AC33: A | AD33: P | AF33: P | AG33: P | AH33: P | AI33: P | AJ33: =COUNTIF(E33:AI33,"P") -> 25 | AK33: =COUNTIF(E33:AH33,"A") -> 2
... A50: 23 | B50: Rukhsana | C50: M. Sultan | D50: Five | E50: . | F50: P | G50: . | H50: P | I50: P | K50: P | L50: A | M50: A | N50: P | O50: P | P50: P | R50: P | S50: P | T50: A | U50: P | V50: P | W50: P | Y50: P | Z50: P | AA50: A | AB50: A | AC50: A | AD50: A | AF50: P | AG50: P | AH50: P | AI50: P | AJ50: =COUNTIF(E50:AI50,"P") -> 18 | AK50: =COUNTIF(E50:AH50,"A") -> 7

Sheet Class-VI
A1: Goverment high school (SJCHS)
A2: Monthly Attendence Month of october-2024
A3: S.No | B3: Student Name | C3: Father Name | D3: Class | E3: =TEXT(E4,"ddd") -> Tue | F3: =TEXT(F4,"ddd") -> Wed | G3: =TEXT(G4,"ddd") -> Thu | H3: =TEXT(H4,"ddd") -> Fri | I3: =TEXT(I4,"ddd") -> Sat | J3: =TEXT(J4,"ddd") -> Sun | K3: =TEXT(K4,"ddd") -> Mon | L3: =TEXT(L4,"ddd") -> Tue | ... AI3: =TEXT(AI4,"ddd") -> Thu | AJ3: Present | AK3: Absent | AL3: Year 2024
E4: 45566 | F4: 45567 | G4: 45568 | H4: 45569 | I4: 45570 | J4: 45571 | K4: 45572 | L4: 45573 | M4: 45574 | N4: 45575 | O4: 45576 | P4: 45577 | Q4: 45578 | R4: 45579 | S4: 45580 | T4: 45581 | U4: 45582 | V4: 45583 | W4: 45584 | X4: 45585 | Y4: 45586 | Z4: 45587 | AA4: 45588 | AB4: 45589 | AC4: 45590 | AD4: 45591 | AE4: 45592 | AF4: 45593 | AG4: 45594 | AH4: 45595 | AI4: 45596 | AL4: Total days | AM4: =SUM(AM5:AM7) -> 31
A5: 1 | B5: Abdul Rehman | C5: Ahmed Ali | D5: Six | E5: P | F5: P | G5: P | H5: P | I5: P | J5: SUNDAY - SUNDAY - SUNDAY - SUNDAY | K5: P | L5: P | M5: P | N5: P | O5: P | P5: PTM - PTM - PTM - PTM - PTM - PTM - PTM | Q5: SUNDAY - SUNDAY - SUNDAY - SUNDAY | R5: P | S5: P | T5: P | U5: A | V5: A | W5: P | X5: SUNDAY - SUNDAY - SUNDAY - SUNDAY | Y5: P | Z5: P | AA5: P | AB5: P | AC5: P | AD5: P | AE5: SUNDAY - SUNDAY - SUNDAY - SUNDAY | AF5: P | AG5: A | AH5: P | AI5: P | AJ5: =COUNTIF(E5:AI5,"P") -> 23 | AK5: =COUNTIF(E5:AH5,"A") -> 3 | AL5: Working days | AM5: 26
A6: 2 | B6: Abdul Samad | C6: Rehmatullah | D6: Six | E6: P | F6: P | G6: P | H6: P | I6: A | K6: P | L6: P | M6: P | N6: P | O6: P | R6: P | S6: P | T6: P | U6: P | V6: P | W6: P | Y6: P | Z6: P | AA6: P | AB6: P | AC6: P | AD6: P | AF6: P | AG6: L | AH6: L | AI6: P | AJ6: =COUNTIF(E6:AI6,"P") -> 23 | AK6: =COUNTIF(E6:AH6,"A") -> 1 | AL6: Sunday | AM6: 4
A7: 3 | B7: Abdul Wassay | C7: Sohail Sarwar | D7: Six | E7: P | F7: P | G7: P | H7: P | I7: A | K7: P | L7: P | M7: P | N7: P | O7: P | R7: P | S7: P | T7: P | U7: P | V7: P | W7: P | Y7: P | Z7: P | AA7: P | AB7: P | AC7: A | AD7: P | AF7: P | AG7: P | AH7: A | AI7: P | AJ7: =COUNTIF(E7:AI7,"P") -> 23 | AK7: =COUNTIF(E7:AH7,"A") -> 3 | AL7: PTM | AM7: 1
A8: 4 | B8: Abid Ali | C8: Ahmed Ali | D8: Six | E8: P | F8: P | G8: P | H8: P | I8: P | K8: P | L8: P | M8: P | N8: P | O8: P | R8: P | S8: P | T8: P | U8: P | V8: A | W8: P | Y8: P | Z8: P | AA8: P | AB8: P | AC8: P | AD8: P | AF8: P | AG8: P | AH8: P | AI8: P | AJ8: =COUNTIF(E8:AI8,"P") -> 25 | AK8: =COUNTIF(E8:AH8,"A") -> 1
A9: 5 | B9: Danish | C9: Imdad Ali | D9: Six | E9: P | F9: P | G9: P | H9: P | I9: A | K9: P | L9: P | M9: A | N9: A | O9: A | R9: A | S9: P | T9: P | U9: P | V9: A | W9: A | Y9: P | Z9: P | AA9: P | AB9: P | AC9: A | AD9: A | AF9: P | AG9: P | AH9: P | AI9: P | AJ9: =COUNTIF(E9:AI9,"P") -> 17 | AK9: =COUNTIF(E9:AH9,"A") -> 9 | AL9: Present Days Detail
A10: 6 | B10: Irshaad Ali | C10: Haji Malah | D10: Six | E10: P | F10: P | G10: P | H10: A | I10: A | K10: P | L10: P | M10: A | N10: A | O10: P | R10: P | S10: P | T10: P | U10: P | V10: A | W10: P | Y10: P | Z10: P | AA10: P | AB10: P | AC10: P | AD10: P | AF10: A | AG10: P | AH10: P | AI10: P | AJ10: =COUNTIF(E10:AI10,"P") -> 20 | AK10: =COUNTIF(E10:AH10,"A") -> 6 | AL10: Detail | AM10: Boys | AN10: Girls | AO10: Total
A11: 7 | B11: Joun Ali | C11: Imran Ali | D11: Six | E11: P | F11: P | G11: P | H11: P | I11: A | K11: P | L11: P | M11: P | N11: A | O11: P | R11: P | S11: P | T11: P | U11: A | V11: P | W11: A | Y11: P | Z11: P | AA11: P | AB11: P | AC11: A | AD11: P | AF11: P | AG11: P | AH11: P | AI11: A | AJ11: =COUNTIF(E11:AI11,"P") -> 20 | AK11: =COUNTIF(E11:AH11,"A") -> 5 | AL11: Due Present days | AM11: =17*$AM$5 -> 442 | AN11: =26*$AM$5 -> 676 | AO11: =SUM(AM11:AN11) -> 1118
A12: 8 | B12: M. Muzzamil | C12: Ahmed Ali | D12: Six | E12: P | F12: P | G12: P | H12: P | I12: A | K12: P | L12: P | M12: P | N12: P | O12: P | R12: P | S12: P | T12: P | U12: P | V12: P | W12: P | Y12: P | Z12: P | AA12: P | AB12: P | AC12: P | AD12: A | AF12: P | AG12: P | AH12: P | AI12: P | AJ12: =COUNTIF(E12:AI12,"P") -> 24 | AK12: =COUNTIF(E12:AH12,"A") -> 2 | AL12: Actual present days | AM12: =SUM(AJ5:AJ21) -> 383 | AN12: =SUM(AJ22:AJ47) -> 568 | AO12: =AM12+AN12 -> 951
A13: 9 | B13: M. Sameer | C13: Fazal Muhammad | D13: Six | E13: P | F13: P | G13: P | H13: P | I13: P | K13: P | L13: P | M13: P | N13: P | O13: P | R13: P | S13: P | T13: P | U13: P | V13: P | W13: P | Y13: P | Z13: P | AA13: P | AB13: P | AC13: P | AD13: P | AF13: P | AG13: P | AH13: P | AI13: P | AJ13: =COUNTIF(E13:AI13,"P") -> 26 | AK13: =COUNTIF(E13:AH13,"A") -> 0 | AL13: % | AM13: =AM12/AM11 -> 0.86651584 | AN13: =AN12/AN11 -> 0.84023669 | AO13: =AO12/AO11 -> 0.85062612
A14: 10 | B14: Meer Majid | C14: Haji Iqbal | D14: Six | E14: P | F14: P | G14: P | H14: P | I14: P | K14: P | L14: P | M14: P | N14: P | O14: P | R14: P | S14: P | T14: P | U14: P | V14: P | W14: P | Y14: P | Z14: P | AA14: P | AB14: P | AC14: P | AD14: P | AF14: P | AG14: P | AH14: P | AI14: P | AJ14: =COUNTIF(E14:AI14,"P") -> 26 | AK14: =COUNTIF(E14:AH14,"A") -> 0
A15: 11 | B15: M. Tayyab | C15: Javaid Ali | D15: Six | E15: P | F15: P | G15: P | H15: P | I15: P | K15: P | L15: A | M15: P | N15: P | O15: P | R15: P | S15: P | T15: P | U15: P | V15: P | W15: P | Y15: P | Z15: P | AA15: P | AB15: P | AC15: P | AD15: P | AF15: P | AG15: P | AH15: P | AI15: P | AJ15: =COUNTIF(E15:AI15,"P") -> 25 | AK15: =COUNTIF(E15:AH15,"A") -> 1
A16: 12 | B16: Mudasir Hussain | C16: Mukhtiyar Ali | D16: Six | E16: P | F16: P | G16: A | H16: P | I16: A | K16: A | L16: A | M16: A | N16: P | O16: A | R16: P | S16: P | T16: P | U16: A | V16: A | W16: A | Y16: A | Z16: A | AA16: A | AB16: A | AC16: A | AD16: A | AF16: A | AG16: P | AH16: P | AI16: P | AJ16: =COUNTIF(E16:AI16,"P") -> 10 | AK16: =COUNTIF(E16:AH16,"A") -> 16
A17: 13 | B17: Uzair Ahmed | C17: Abdul Sattar | D17: Six | E17: P | F17: P | G17: P | H17: P | I17: A | K17: P | L17: P | M17: P | N17: P | O17: P | R17: P | S17: P | T17: P | U17: P | V17: P | W17: P | Y17: P | Z17: P | AA17: P | AB17: P | AC17: P | AD17: P | AF17: P | AG17: P | AH17: P | AI17: P | AJ17: =COUNTIF(E17:AI17,"P") -> 25 | AK17: =COUNTIF(E17:AH17,"A") -> 1 | AL17: Absent Days Details
A18: 14 | B18: M. Yaseen | C18: Muhammad Younus | D18: Six | E18: P | F18: P | G18: P | H18: P | I18: P | K18: P | L18: P | M18: P | N18: P | O18: P | R18: P | S18: P | T18: P | U18: P | V18: P | W18: P | Y18: P | Z18: P | AA18: P | AB18: P | AC18: P | AD18: P | AF18: P | AG18: P | AH18: P | AI18: A | AJ18: =COUNTIF(E18:AI18,"P") -> 25 | AK18: =COUNTIF(E18:AH18,"A") -> 0 | AL18: Detail | AM18: Boys | AN18: Girls | AO18: Total
A19: 15 | B19: Faisal Ahmed | C19: Faiz Muhammad | D19: Six | E19: P | F19: P | G19: P | H19: P | I19: P | K19: P | L19: P | M19: P | N19: P | O19: P | R19: P | S19: P | T19: P | U19: P | V19: P | W19: A | Y19: P | Z19: P | AA19: P | AB19: P | AC19: P | AD19: P | AF19: P | AG19: P | AH19: P | AI19: P | AJ19: =COUNTIF(E19:AI19,"P") -> 25 | AK19: =COUNTIF(E19:AH19,"A") -> 1 | AL19: Due Present days | AM19: =17*$AM$5 -> 442 | AN19: =26*$AM$5 -> 676 | AO19: =AM19+AN19 -> 1118
A20: 16 | B20: Wajid Ali | C20: M. Ali Ahmed | D20: Six | E20: P | F20: P | G20: A | H20: P | I20: P | K20: A | L20: P | M20: A | N20: P | O20: P | R20: P | S20: P | T20: P | U20: P | V20: P | W20: A | Y20: P | Z20: P | AA20: P | AB20: P | AC20: P | AD20: P | AF20: P | AG20: P | AH20: A | AI20: P | AJ20: =COUNTIF(E20:AI20,"P") -> 21 | AK20: =COUNTIF(E20:AH20,"A") -> 5 | AL20: Absent days | AM20: =AM19-AM12 -> 59 | AN20: =AN19-AN12 -> 108 | AO20: =AM20+AN20 -> 167
A21: 17 | B21: Ayan | C21: Rafeeque Ahmed | D21: Six | E21: P | F21: P | G21: P | H21: P | I21: P | K21: P | L21: P | M21: P | N21: P | O21: A | R21: P | S21: P | T21: P | U21: P | V21: P | W21: P | Y21: P | Z21: P | AA21: P | AB21: P | AC21: P | AD21: P | AF21: P | AG21: P | AH21: P | AI21: P | AJ21: =COUNTIF(E21:AI21,"P") -> 25 | AK21: =COUNTIF(E21:AH21,"A") -> 1 | AL21: % | AM21: =AM20/AM19 -> 0.13348416 | AN21: =AN20/AN19 -> 0.15976331 | AO21: =AO20/AO19 -> 0.14937388
A22: 1 | B22: Amna | C22: Asghar Ali | D22: Six | E22: P | F22: P | G22: P | H22: P | I22: P | K22: A | L22: A | M22: P | N22: P | O22: P | R22: P | S22: P | T22: P | U22: P | V22: P | W22: P | Y22: P | Z22: P | AA22: P | AB22: P | AC22: P | AD22: P | AF22: P | AG22: P | AH22: P | AI22: P | AJ22: =COUNTIF(E22:AI22,"P") -> 24 | AK22: =COUNTIF(E22:AH22,"A") -> 2
A23: 2 | B23: Batool | C23: Sajid Ali | D23: Six | E23: P | F23: P | G23: P | H23: P | I23: P | K23: P | L23: P | M23: P | N23: P | O23: P | R23: P | S23: P | T23: P | U23: P | V23: P | W23: A | Y23: P | Z23: P | AA23: P | AB23: P | AC23: P | AD23: P | AF23: P | AG23: P | AH23: P | AI23: P | AJ23: =COUNTIF(E23:AI23,"P") -> 25 | AK23: =COUNTIF(E23:AH23,"A") -> 1
A24: 3 | B24: Fahmida | C24: Haji Malah | D24: Six | E24: P | F24: P | G24: P | H24: P | I24: P | K24: P | L24: P | M24: A | N24: P | O24: P | R24: P | S24: P | T24: P | U24: P | V24: P | W24: A | Y24: A | Z24: A | AA24: A | AB24: A | AC24: A | AD24: A | AF24: A | AG24: A | AH24: A | AI24: A | AJ24: =COUNTIF(E24:AI24,"P") -> 14 | AK24: =COUNTIF(E24:AH24,"A") -> 11
A25: 4 | B25: Faiza | C25: Tanveer Ahmed | D25: Six | E25: P | F25: P | G25: P | H25: P | I25: P | K25: A | L25: P | M25: P | N25: P | O25: P | R25: P | S25: P | T25: P | U25: P | V25: P | W25: P | Y25: P | Z25: P | AA25: P | AB25: P | AC25: P | AD25: P | AF25: P | AG25: P | AH25: L | AI25: P | AJ25: =COUNTIF(E25:AI25,"P") -> 24 | AK25: =COUNTIF(E25:AH25,"A") -> 1
A26: 5 | B26: Fatima | C26: Zahid Hussain | D26: Six | E26: P | F26: P | G26: P | H26: P | I26: P | K26: P | L26: P | M26: P | N26: P | O26: P | R26: P | S26: L | T26: L | U26: L | V26: L | W26: A | Y26: A | Z26: A | AA26: P | AB26: P | AC26: P | AD26: P | AF26: P | AG26: P | AH26: P | AI26: P | AJ26: =COUNTIF(E26:AI26,"P") -> 19 | AK26: =COUNTIF(E26:AH26,"A") -> 3
A27: 6 | B27: Iqra | C27: M. Ghafoor Jukhio | D27: Six | E27: P | F27: P | G27: P | H27: P | I27: A | K27: P | L27: P | M27: P | N27: P | O27: P | R27: P | S27: P | T27: P | U27: A | V27: P | W27: A | Y27: A | Z27: A | AA27: P | AB27: P | AC27: P | AD27: P | AF27: A | AG27: P | AH27: P | AI27: P | AJ27: =COUNTIF(E27:AI27,"P") -> 20 | AK27: =COUNTIF(E27:AH27,"A") -> 6
A28: 7 | B28: Kaneez Fatima | C28: Rizwan Ali | D28: Six | E28: P | F28: P | G28: P | H28: A | I28: P | K28: P | L28: P | M28: P | N28: P | O28: P | R28: P | S28: P | T28: P | U28: P | V28: P | W28: P | Y28: P | Z28: L | AA28: P | AB28: P | AC28: P | AD28: P | AF28: P | AG28: P | AH28: P | AI28: P | AJ28: =COUNTIF(E28:AI28,"P") -> 24 | AK28: =COUNTIF(E28:AH28,"A") -> 1
A29: 8 | B29: Mahnoor Fatima | C29: Ghulam Yaseen | D29: Six | E29: P | F29: P | G29: P | H29: P | I29: P | K29: P | L29: P | M29: P | N29: P | O29: P | R29: P | S29: P | T29: P | U29: P | V29: P | W29: P | Y29: A | Z29: P | AA29: P | AB29: P | AC29: P | AD29: P | AF29: P | AG29: P | AH29: P | AI29: P | AJ29: =COUNTIF(E29:AI29,"P") -> 25 | AK29: =COUNTIF(E29:AH29,"A") -> 1
A30: 9 | B30: Maryam | C30: Rehmatullah | D30: Six | E30: P | F30: P | G30: P | H30: P | I30: P | K30: P | L30: P | M30: P | N30: P | O30: P | R30: P | S30: P | T30: P | U30: P | V30: P | W30: P | Y30: P | Z30: P | AA30: P | AB30: P | AC30: P | AD30: P | AF30: P | AG30: P | AH30: P | AI30: P | AJ30: =COUNTIF(E30:AI30,"P") -> 26 | AK30: =COUNTIF(E30:AH30,"A") -> 0
A31: 10 | B31: Maryam | C31: Zulfiqaar Ali | D31: Six | E31: P | F31: P | G31: P | H31: P | I31: P | K31: P | L31: P | M31: P | N31: P | O31: P | R31: P | S31: P | T31: P | U31: P | V31: P | W31: P | Y31: P | Z31: P | AA31: P | AB31: P | AC31: P | AD31: P | AF31: P | AG31: A | AH31: L | AI31: P | AJ31: =COUNTIF(E31:AI31,"P") -> 24 | AK31: =COUNTIF(E31:AH31,"A") -> 1
A32: 11 | B32: Naina Naz | C32: Khawar Ali | D32: Six | E32: P | F32: P | G32: P | H32: P | I32: P | K32: P | L32: P | M32: P | N32: P | O32: P | R32: P | S32: P | T32: P | U32: P | V32: P | W32: P | Y32: A | Z32: P | AA32: P | AB32: P | AC32: P | AD32: P | AF32: P | AG32: P | AH32: P | AI32: P | AJ32: =COUNTIF(E32:AI32,"P") -> 25 | AK32: =COUNTIF(E32:AH32,"A") -> 1
A33: 12 | B33: Nida | C33: Mehboob Ali | D33: Six | E33: P | F33: A | G33: P | H33: P | I33: A | K33: P | L33: P | M33: P | N33: A | O33: P | R33: A | S33: A | T33: P | U33: P | V33: A | W33: A | Y33: P | Z33: P | AA33: P | AB33: L | AC33: L | AD33: L | AF33: A | AG33: P | AH33: A | AI33: A | AJ33: =COUNTIF(E33:AI33,"P") -> 13 | AK33: =COUNTIF(E33:AH33,"A") -> 9
... A47: 26 | B47: Misbah | C47: Gulraiz | D47: Six | E47: A | F47: A | G47: A | H47: A | I47: A | K47: A | L47: A | M47: A | N47: A | O47: A | R47: A | S47: A | T47: A | U47: P | V47: P | W47: P | Y47: P | Z47: A | AA47: P | AB47: P | AC47: P | AD47: P | AF47: P | AG47: A | AH47: P | AI47: P | AJ47: =COUNTIF(E47:AI47,"P") -> 11 | AK47: =COUNTIF(E47:AH47,"A") -> 15

Sheet Class-VII
A1: Goverment high school (SJCHS)
A2: Monthly Attendence Month of october-2024
A3: S.No | B3: Student Name | C3: Class | D3: =TEXT(D4,"ddd") -> Tue | E3: =TEXT(E4,"ddd") -> Wed | F3: =TEXT(F4,"ddd") -> Thu | G3: =TEXT(G4,"ddd") -> Fri | H3: =TEXT(H4,"ddd") -> Sat | I3: =TEXT(I4,"ddd") -> Sun | J3: =TEXT(J4,"ddd") -> Mon | K3: =TEXT(K4,"ddd") -> Tue | ... AH3: =TEXT(AH4,"ddd") -> Thu | AI3: Present | AJ3: Absent | AK3: Year 2024
D4: 45566 | E4: 45567 | F4: 45568 | G4: 45569 | H4: 45570 | I4: 45571 | J4: 45572 | K4: 45573 | L4: 45574 | M4: 45575 | N4: 45576 | O4: 45577 | P4: 45578 | Q4: 45579 | R4: 45580 | S4: 45581 | T4: 45582 | U4: 45583 | V4: 45584 | W4: 45585 | X4: 45586 | Y4: 45587 | Z4: 45588 | AA4: 45589 | AB4: 45590 | AC4: 45591 | AD4: 45592 | AE4: 45593 | AF4: 45594 | AG4: 45595 | AH4: 45596 | AK4: Total days | AL4: =SUM(AL5:AL7) -> 31
A5: 1 | B5: Abdullah | C5: 7th | D5: P | E5: P | F5: P | G5: P | H5: P | I5: SUNDAY - SUNDAY - SUNDAY - SUNDAY - SUNDAY | J5: P | K5: P | L5: P | M5: P | N5: P | O5: PTM - PTM - PTM - PTM - PTM - PTM - PTM | P5: SUNDAY - SUNDAY - SUNDAY - SUNDAY - SUNDAY | Q5: P | R5: P | S5: P | T5: P | U5: P | V5: A | W5: SUNDAY - SUNDAY - SUNDAY - SUNDAY - SUNDAY | X5: P | Y5: P | Z5: P | AA5: P | AB5: P | AC5: A | AD5: SUNDAY - SUNDAY - SUNDAY - SUNDAY - SUNDAY | AE5: P | AF5: P | AG5: P | AH5: P | AI5: =COUNTIF(D5:AH5,"P") -> 24 | AJ5: =COUNTIF(D5:AG5,"A") -> 2 | AK5: Working days | AL5: 26
A6: 2 | B6: Adil Khan | C6: 7th | D6: P | E6: P | F6: P | G6: P | H6: P | J6: P | K6: P | L6: P | M6: P | N6: P | Q6: P | R6: P | S6: P | T6: P | U6: P | V6: P | X6: P | Y6: P | Z6: P | AA6: P | AB6: P | AC6: A | AE6: P | AF6: P | AG6: P | AH6: P | AI6: =COUNTIF(D6:AH6,"P") -> 25 | AJ6: =COUNTIF(D6:AG6,"A") -> 1 | AK6: Sunday | AL6: 4
A7: 3 | B7: Ali Khan | C7: 7th | D7: P | E7: P | F7: P | G7: A | H7: A | J7: P | K7: P | L7: P | M7: P | N7: A | Q7: P | R7: P | S7: P | T7: P | U7: P | V7: P | X7: P | Y7: P | Z7: P | AA7: P | AB7: P | AC7: P | AE7: P | AF7: P | AG7: P | AH7: P | AI7: =COUNTIF(D7:AH7,"P") -> 23 | AJ7: =COUNTIF(D7:AG7,"A") -> 3 | AK7: PTM | AL7: 1
A8: 4 | B8: Ameer Hamza | C8: 7th | D8: P | E8: P | F8: P | G8: A | H8: A | J8: P | K8: P | L8: P | M8: P | N8: A | Q8: A | R8: P | S8: P | T8: P | U8: A | V8: A | X8: P | Y8: P | Z8: P | AA8: P | AB8: P | AC8: A | AE8: A | AF8: P | AG8: P | AH8: P | AI8: =COUNTIF(D8:AH8,"P") -> 18 | AJ8: =COUNTIF(D8:AG8,"A") -> 8
A9: 5 | B9: Bismillah Khan | C9: 7th | D9: P | E9: A | F9: P | G9: A | H9: A | J9: P | K9: P | L9: P | M9: P | N9: P | Q9: P | R9: P | S9: A | T9: A | U9: P | V9: P | X9: P | Y9: P | Z9: P | AA9: A | AB9: P | AC9: P | AE9: P | AF9: P | AG9: P | AH9: P | AI9: =COUNTIF(D9:AH9,"P") -> 20 | AJ9: =COUNTIF(D9:AG9,"A") -> 6 | AK9: Present Days Detail
A10: 6 | B10: Danish | C10: 7th | D10: A | E10: A | F10: A | G10: P | H10: A | J10: A | K10: P | L10: P | M10: P | N10: P | Q10: P | R10: P | S10: P | T10: P | U10: P | V10: P | X10: P | Y10: P | Z10: A | AA10: A | AB10: A | AC10: P | AE10: P | AF10: P | AG10: P | AH10: P | AI10: =COUNTIF(D10:AH10,"P") -> 18 | AJ10: =COUNTIF(D10:AG10,"A") -> 8 | AK10: Detail | AL10: Boys | AM10: Girls | AN10: Total
A11: 7 | B11: Daniyal | C11: 7th | D11: P | E11: P | F11: P | G11: P | H11: A | J11: P | K11: P | L11: A | M11: A | N11: A | Q11: A | R11: P | S11: P | T11: P | U11: A | V11: A | X11: P | Y11: P | Z11: P | AA11: P | AB11: A | AC11: A | AE11: P | AF11: P | AG11: P | AH11: P | AI11: =COUNTIF(D11:AH11,"P") -> 17 | AJ11: =COUNTIF(D11:AG11,"A") -> 9 | AK11: Due Present days | AL11: =29*$AL$5 -> 754 | AM11: =19*$AL$5 -> 494 | AN11: =SUM(AL11:AM11) -> 1248
A12: 8 | B12: Hamza Nisar | C12: 7th | D12: P | E12: P | F12: P | G12: A | H12: A | J12: P | K12: P | L12: A | M12: A | N12: A | Q12: P | R12: P | S12: P | T12: A | U12: P | V12: A | X12: P | Y12: P | Z12: P | AA12: P | AB12: P | AC12: P | AE12: A | AF12: P | AG12: P | AH12: P | AI12: =COUNTIF(D12:AH12,"P") -> 18 | AJ12: =COUNTIF(D12:AG12,"A") -> 8 | AK12: Actual present days | AL12: =SUM(AI5:AI33) -> 624 | AM12: =SUM(AI34:AI52) -> 426 | AN12: =AL12+AM12 -> 1050
A13: 9 | B13: Haseeb Hyder | C13: 7th | D13: P | E13: P | F13: P | G13: P | H13: P | J13: P | K13: P | L13: P | M13: P | N13: P | Q13: P | R13: P | S13: P | T13: P | U13: P | V13: P | X13: P | Y13: P | Z13: P | AA13: P | AB13: L | AC13: L | AE13: P | AF13: P | AG13: P | AH13: P | AI13: =COUNTIF(D13:AH13,"P") -> 24 | AJ13: =COUNTIF(D13:AG13,"A") -> 0 | AK13: % | AL13: =AL12/AL11 -> 0.82758621 | AM13: =AM12/AM11 -> 0.86234818 | AN13: =AN12/AN11 -> 0.84134615
A14: 10 | B14: Hasnain G. Nabi | C14: 7th | D14: P | E14: P | F14: P | G14: P | H14: A | J14: P | K14: P | L14: P | M14: P | N14: P | Q14: P | R14: P | S14: P | T14: P | U14: P | V14: P | X14: P | Y14: P | Z14: P | AA14: P | AB14: P | AC14: P | AE14: P | AF14: P | AG14: P | AH14: P | AI14: =COUNTIF(D14:AH14,"P") -> 25 | AJ14: =COUNTIF(D14:AG14,"A") -> 1
A15: 11 | B15: Hasnain Ali Soomro | C15: 7th | D15: P | E15: A | F15: A | G15: A | H15: A | J15: P | K15: P | L15: P | M15: A | N15: A | Q15: P | R15: P | S15: P | T15: A | U15: P | V15: P | X15: P | Y15: P | Z15: P | AA15: A | AB15: P | AC15: A | AE15: P | AF15: P | AG15: P | AH15: P | AI15: =COUNTIF(D15:AH15,"P") -> 17 | AJ15: =COUNTIF(D15:AG15,"A") -> 9
A16: 12 | B16: Hasnain Raza | C16: 7th | D16: P | E16: P | F16: P | G16: P | H16: A | J16: P | K16: P | L16: P | M16: P | N16: P | Q16: P | R16: P | S16: P | T16: P | U16: P | V16: P | X16: P | Y16: P | Z16: P | AA16: P | AB16: P | AC16: P | AE16: P | AF16: P | AG16: P | AH16: P | AI16: =COUNTIF(D16:AH16,"P") -> 25 | AJ16: =COUNTIF(D16:AG16,"A") -> 1
A17: 13 | B17: Hasnain yasir | C17: 7th | D17: P | E17: P | F17: P | G17: A | H17: A | J17: P | K17: P | L17: P | M17: P | N17: P | Q17: P | R17: P | S17: P | T17: P | U17: P | V17: L | X17: L | Y17: L | Z17: L | AA17: L | AB17: L | AC17: L | AE17: P | AF17: P | AG17: P | AH17: P | AI17: =COUNTIF(D17:AH17,"P") -> 17 | AJ17: =COUNTIF(D17:AG17,"A") -> 2 | AK17: Absent Days Details
A18: 14 | B18: Hasnain Mumtaz Ali | C18: 7th | D18: P | E18: P | F18: P | G18: A | H18: P | J18: P | K18: P | L18: P | M18: A | N18: A | Q18: A | R18: A | S18: A | T18: A | U18: A | V18: A | X18: A | Y18: A | Z18: A | AA18: P | AB18: P | AC18: P | AE18: P | AF18: P | AG18: P | AH18: P | AI18: =COUNTIF(D18:AH18,"P") -> 14 | AJ18: =COUNTIF(D18:AG18,"A") -> 12 | AK18: Detail | AL18: Boys | AM18: Girls | AN18: Total
A19: 15 | B19: Irfan Ali | C19: 7th | D19: A | E19: P | F19: P | G19: P | H19: A | J19: P | K19: P | L19: P | M19: P | N19: P | Q19: P | R19: P | S19: P | T19: P | U19: P | V19: P | X19: P | Y19: A | Z19: A | AA19: P | AB19: P | AC19: P | AE19: P | AF19: P | AG19: P | AH19: P | AI19: =COUNTIF(D19:AH19,"P") -> 22 | AJ19: =COUNTIF(D19:AG19,"A") -> 4 | AK19: Due Present days | AL19: =29*$AL$5 -> 754 | AM19: =19*$AL$5 -> 494 | AN19: =AL19+AM19 -> 1248
A20: 16 | B20: Mubashir | C20: 7th | D20: P | E20: P | F20: P | G20: P | H20: P | J20: P | K20: P | L20: P | M20: P | N20: P | Q20: P | R20: P | S20: P | T20: P | U20: P | V20: P | X20: P | Y20: P | Z20: P | AA20: P | AB20: P | AC20: P | AE20: P | AF20: P | AG20: P | AH20: P | AI20: =COUNTIF(D20:AH20,"P") -> 26 | AJ20: =COUNTIF(D20:AG20,"A") -> 0 | AK20: Absent days | AL20: =AL19-AL12 -> 130 | AM20: =AM19-AM12 -> 68 | AN20: =AL20+AM20 -> 198
A21: 17 | B21: Muzammil | C21: 7th | D21: P | E21: A | F21: A | G21: A | H21: P | J21: P | K21: P | L21: P | M21: A | N21: P | Q21: P | R21: A | S21: P | T21: P | U21: P | V21: A | X21: P | Y21: P | Z21: P | AA21: P | AB21: P | AC21: P | AE21: P | AF21: A | AG21: P | AH21: P | AI21: =COUNTIF(D21:AH21,"P") -> 19 | AJ21: =COUNTIF(D21:AG21,"A") -> 7 | AK21: % | AL21: =AL20/AL19 -> 0.17241379 | AM21: =AM20/AM19 -> 0.13765182 | AN21: =AN20/AN19 -> 0.15865385
A22: 18 | B22: M. Anwaar | C22: 7th | D22: P | E22: P | F22: P | G22: P | H22: A | J22: P | K22: P | L22: P | M22: P | N22: P | Q22: P | R22: P | S22: P | T22: P | U22: P | V22: P | X22: P | Y22: P | Z22: P | AA22: P | AB22: P | AC22: A | AE22: P | AF22: P | AG22: P | AH22: P | AI22: =COUNTIF(D22:AH22,"P") -> 24 | AJ22: =COUNTIF(D22:AG22,"A") -> 2
A23: 19 | B23: M. Hassan | C23: 7th | D23: P | E23: P | F23: P | G23: P | H23: P | J23: P | K23: P | L23: P | M23: P | N23: P | Q23: P | R23: A | S23: P | T23: P | U23: P | V23: P | X23: P | Y23: P | Z23: P | AA23: P | AB23: P | AC23: P | AE23: P | AF23: P | AG23: P | AH23: P | AI23: =COUNTIF(D23:AH23,"P") -> 25 | AJ23: =COUNTIF(D23:AG23,"A") -> 1
A24: 20 | B24: M. Mairaj | C24: 7th | D24: P | E24: P | F24: P | G24: P | H24: P | J24: P | K24: P | L24: P | M24: P | N24: P | Q24: P | R24: P | S24: P | T24: P | U24: P | V24: P | X24: P | Y24: P | Z24: P | AA24: P | AB24: P | AC24: P | AE24: P | AF24: P | AG24: P | AH24: P | AI24: =COUNTIF(D24:AH24,"P") -> 26 | AJ24: =COUNTIF(D24:AG24,"A") -> 0
A25: 21 | B25: M. Mudasir | C25: 7th | D25: P | E25: P | F25: P | G25: P | H25: A | J25: P | K25: P | L25: A | M25: P | N25: P | Q25: P | R25: P | S25: P | T25: P | U25: P | V25: P | X25: P | Y25: P | Z25: P | AA25: P | AB25: P | AC25: A | AE25: P | AF25: P | AG25: L | AH25: P | AI25: =COUNTIF(D25:AH25,"P") -> 22 | AJ25: =COUNTIF(D25:AG25,"A") -> 3
A26: 22 | B26: M. Raza | C26: 7th | D26: P | E26: P | F26: P | G26: P | H26: P | J26: P | K26: P | L26: P | M26: P | N26: A | Q26: P | R26: P | S26: P | T26: P | U26: P | V26: P | X26: A | Y26: P | Z26: P | AA26: P | AB26: P | AC26: P | AE26: P | AF26: P | AG26: L | AH26: P | AI26: =COUNTIF(D26:AH26,"P") -> 23 | AJ26: =COUNTIF(D26:AG26,"A") -> 2
A27: 23 | B27: M. Usman | C27: 7th | D27: P | E27: P | F27: P | G27: P | H27: P | J27: P | K27: P | L27: P | M27: P | N27: P | Q27: P | R27: P | S27: P | T27: P | U27: P | V27: P | X27: A | Y27: P | Z27: P | AA27: P | AB27: P | AC27: P | AE27: P | AF27: P | AG27: P | AH27: P | AI27: =COUNTIF(D27:AH27,"P") -> 25 | AJ27: =COUNTIF(D27:AG27,"A") -> 1
A28: 24 | B28: Nisar Ali | C28: 7th | D28: P | E28: P | F28: P | G28: P | H28: P | J28: P | K28: P | L28: P | M28: P | N28: P | Q28: P | R28: P | S28: P | T28: P | U28: P | V28: P | X28: P | Y28: P | Z28: P | AA28: P | AB28: P | AC28: P | AE28: P | AF28: P | AG28: P | AH28: P | AI28: =COUNTIF(D28:AH28,"P") -> 26 | AJ28: =COUNTIF(D28:AG28,"A") -> 0
A29: 25 | B29: Rizwan Arbab | C29: 7th | D29: P | E29: P | F29: P | G29: P | H29: P | J29: P | K29: P | L29: P | M29: P | N29: P | Q29: P | R29: P | S29: P | T29: P | U29: P | V29: P | X29: P | Y29: P | Z29: P | AA29: P | AB29: P | AC29: P | AE29: P | AF29: P | AG29: P | AH29: P | AI29: =COUNTIF(D29:AH29,"P") -> 26 | AJ29: =COUNTIF(D29:AG29,"A") -> 0
A30: 26 | B30: Rizwan Razique | C30: 7th | D30: A | E30: A | F30: P | G30: P | H30: A | J30: P | K30: P | L30: A | M30: P | N30: P | Q30: P | R30: P | S30: A | T30: P | U30: P | V30: P | X30: P | Y30: A | Z30: A | AA30: A | AB30: A | AC30: A | AE30: A | AF30: A | AG30: A | AH30: A | AI30: =COUNTIF(D30:AH30,"P") -> 12 | AJ30: =COUNTIF(D30:AG30,"A") -> 13
A31: 27 | B31: Safiullah Hafeez | C31: 7th | D31: P | E31: P | F31: P | G31: P | H31: A | J31: P | K31: P | L31: P | M31: P | N31: P | Q31: P | R31: P | S31: P | T31: P | U31: P | V31: P | X31: P | Y31: P | Z31: P | AA31: P | AB31: P | AC31: P | AE31: P | AF31: P | AG31: P | AH31: P | AI31: =COUNTIF(D31:AH31,"P") -> 25 | AJ31: =COUNTIF(D31:AG31,"A") -> 1
A32: 28 | B32: Sohail Ahmed | C32: 7th | D32: P | E32: P | F32: P | G32: P | H32: P | J32: P | K32: P | L32: A | M32: P | N32: P | Q32: P | R32: P | S32: P | T32: P | U32: P | V32: P | X32: P | Y32: P | Z32: P | AA32: P | AB32: P | AC32: P | AE32: A | AF32: P | AG32: A | AH32: P | AI32: =COUNTIF(D32:AH32,"P") -> 23 | AJ32: =COUNTIF(D32:AG32,"A") -> 3
A33: 29 | B33: Zahid Hussain | C33: 7th | D33: P | E33: P | F33: P | G33: P | H33: A | J33: A | K33: L | L33: L | M33: A | N33: A | Q33: P | R33: P | S33: A | T33: P | U33: A | V33: P | X33: P | Y33: P | Z33: P | AA33: L | AB33: L | AC33: L | AE33: P | AF33: P | AG33: P | AH33: P | AI33: =COUNTIF(D33:AH33,"P") -> 15 | AJ33: =COUNTIF(D33:AG33,"A") -> 6
... A52: 19 | B52: Laraib | C52: 7th | D52: A | E52: A | F52: A | G52: A | H52: A | J52: A | K52: A | L52: A | M52: A | N52: A | Q52: A | R52: A | S52: A | T52: A | U52: P | V52: P | X52: P | Y52: P | Z52: P | AA52: P | AB52: P | AC52: P | AE52: P | AF52: P | AG52: P | AH52: P | AI52: =COUNTIF(D52:AH52,"P") -> 12 | AJ52: =COUNTIF(D52:AG52,"A") -> 14

Sheet Class-VIII
A1: Goverment high school (SJCHS)
A2: Monthly Attendence Month of october-2024
A3: S.No | B3: Student Name | C3: Father Name | D3: Class | E3: =TEXT(E4,"ddd") -> Tue | F3: =TEXT(F4,"ddd") -> Wed | G3: =TEXT(G4,"ddd") -> Thu | H3: =TEXT(H4,"ddd") -> Fri | I3: =TEXT(I4,"ddd") -> Sat | J3: =TEXT(J4,"ddd") -> Sun | K3: =TEXT(K4,"ddd") -> Mon | L3: =TEXT(L4,"ddd") -> Tue | ... AI3: =TEXT(AI4,"ddd") -> Thu | AJ3: Present | AK3: Absent | AL3: Year 2024
E4: 45566 | F4: 45567 | G4: 45568 | H4: 45569 | I4: 45570 | J4: 45571 | K4: 45572 | L4: 45573 | M4: 45574 | N4: 45575 | O4: 45576 | P4: 45577 | Q4: 45578 | R4: 45579 | S4: 45580 | T4: 45581 | U4: 45582 | V4: 45583 | W4: 45584 | X4: 45585 | Y4: 45586 | Z4: 45587 | AA4: 45588 | AB4: 45589 | AC4: 45590 | AD4: 45591 | AE4: 45592 | AF4: 45593 | AG4: 45594 | AH4: 45595 | AI4: 45596 | AL4: Total days | AM4: =SUM(AM5:AM7) -> 31
A5: 1 | B5: Azra | C5: Muhammad Usman | D5: 8th | E5: P | F5: P | G5: P | H5: P | I5: P | J5: SUNDAY - SUNDAY - SUNDAY - SUNDAY - SUNDAY | K5: P | L5: A | M5: P | N5: P | O5: P | P5: PTM - PTM - PTM - PTM - PTM - PTM - PTM | Q5: SUNDAY - SUNDAY - SUNDAY - SUNDAY - SUNDAY | R5: P | S5: P | T5: P | U5: P | V5: P | W5: P | X5: SUNDAY - SUNDAY - SUNDAY - SUNDAY - SUNDAY | Y5: A | Z5: P | AA5: P | AB5: P | AC5: P | AD5: P | AE5: SUNDAY - SUNDAY - SUNDAY - SUNDAY - SUNDAY | AF5: P | AG5: A | AH5: P | AI5: P | AJ5: =COUNTIF(E5:AI5,"P") -> 23 | AK5: =COUNTIF(E5:AH5,"A") -> 3 | AL5: Working days | AM5: 26
A6: 2 | B6: Bisma | C6: Nisar Ahmed | D6: 8th | E6: P | F6: A | G6: A | H6: A | I6: A | K6: A | L6: P | M6: P | N6: L | O6: P | R6: P | S6: P | T6: P | U6: P | V6: P | W6: A | Y6: P | Z6: P | AA6: A | AB6: P | AC6: P | AD6: P | AF6: P | AG6: P | AH6: P | AI6: P | AJ6: =COUNTIF(E6:AI6,"P") -> 18 | AK6: =COUNTIF(E6:AH6,"A") -> 7 | AL6: Sunday | AM6: 4
A7: 3 | B7: Amna | C7: Imran Ali | D7: 8th | E7: P | F7: P | G7: P | H7: P | I7: P | K7: P | L7: P | M7: P | N7: P | O7: P | R7: P | S7: P | T7: P | U7: P | V7: P | W7: P | Y7: P | Z7: P | AA7: P | AB7: P | AC7: P | AD7: P | AF7: P | AG7: P | AH7: P | AI7: P | AJ7: =COUNTIF(E7:AI7,"P") -> 26 | AK7: =COUNTIF(E7:AH7,"A") -> 0 | AL7: PTM | AM7: 1
A8: 4 | B8: Hina | C8: Muhammad Ibrahim | D8: 8th | E8: P | F8: P | G8: P | H8: P | I8: P | K8: P | L8: P | M8: P | N8: P | O8: P | R8: P | S8: P | T8: P | U8: P | V8: P | W8: P | Y8: P | Z8: P | AA8: P | AB8: P | AC8: P | AD8: P | AF8: P | AG8: P | AH8: P | AI8: P | AJ8: =COUNTIF(E8:AI8,"P") -> 26 | AK8: =COUNTIF(E8:AH8,"A") -> 0
A9: 5 | B9: Iqra | C9: Faiz Muhammad | D9: 8th | E9: P | F9: P | G9: P | H9: P | I9: P | K9: P | L9: P | M9: A | N9: P | O9: P | R9: P | S9: P | T9: P | U9: P | V9: P | W9: P | Y9: P | Z9: P | AA9: P | AB9: P | AC9: P | AD9: P | AF9: P | AG9: P | AH9: P | AI9: P | AJ9: =COUNTIF(E9:AI9,"P") -> 25 | AK9: =COUNTIF(E9:AH9,"A") -> 1 | AL9: Present Days Detail
A10: 6 | B10: Iqra | C10: Muhammad Usman | D10: 8th | E10: P | F10: P | G10: P | H10: P | I10: P | K10: P | L10: A | M10: P | N10: P | O10: P | R10: P | S10: A | T10: P | U10: P | V10: P | W10: P | Y10: A | Z10: P | AA10: P | AB10: P | AC10: P | AD10: A | AF10: P | AG10: A | AH10: P | AI10: P | AJ10: =COUNTIF(E10:AI10,"P") -> 21 | AK10: =COUNTIF(E10:AH10,"A") -> 5 | AL10: Detail | AM10: Boys | AN10: Girls | AO10: Total
A11: 7 | B11: Kanwal Naz | C11: Zahid Hussain | D11: 8th | E11: P | F11: P | G11: P | H11: P | I11: P | K11: P | L11: P | M11: P | N11: P | O11: P | R11: L | S11: P | T11: P | U11: P | V11: P | W11: P | Y11: P | Z11: P | AA11: P | AB11: P | AC11: P | AD11: P | AF11: P | AG11: P | AH11: P | AI11: P | AJ11: =COUNTIF(E11:AI11,"P") -> 25 | AK11: =COUNTIF(E11:AH11,"A") -> 0 | AL11: Due Present days | AM11: =19*$AM$5 -> 494 | AN11: =25*$AM$5 -> 650 | AO11: =SUM(AM11:AN11) -> 1144
A12: 8 | B12: Maria | C12: M. Rehman Abbasi | D12: 8th | E12: P | F12: P | G12: P | H12: P | I12: P | K12: P | L12: P | M12: P | N12: P | O12: P | R12: P | S12: P | T12: P | U12: P | V12: P | W12: P | Y12: P | Z12: P | AA12: P | AB12: P | AC12: P | AD12: P | AF12: P | AG12: P | AH12: P | AI12: P | AJ12: =COUNTIF(E12:AI12,"P") -> 26 | AK12: =COUNTIF(E12:AH12,"A") -> 0 | AL12: Actual present days | AM12: =SUM(AJ30:AJ48) -> 405 | AN12: =SUM(AJ5:AJ29) -> 575 | AO12: =AM12+AN12 -> 980
A13: 9 | B13: Murk | C13: Rana Bhutto | D13: 8th | E13: P | F13: P | G13: P | H13: P | I13: P | K13: P | L13: P | M13: P | N13: P | O13: P | R13: P | S13: P | T13: P | U13: P | V13: P | W13: P | Y13: P | Z13: P | AA13: P | AB13: P | AC13: P | AD13: P | AF13: P | AG13: P | AH13: P | AI13: P | AJ13: =COUNTIF(E13:AI13,"P") -> 26 | AK13: =COUNTIF(E13:AH13,"A") -> 0 | AL13: % | AM13: =AM12/AM11 -> 0.81983806 | AN13: =AN12/AN11 -> 0.88461538 | AO13: =AO12/AO11 -> 0.85664336
A14: 10 | B14: Noshina | C14: M. Qasim | D14: 8th | E14: P | F14: P | G14: P | H14: P | I14: P | K14: P | L14: P | M14: P | N14: P | O14: A | R14: A | S14: P | T14: P | U14: P | V14: P | W14: P | Y14: P | Z14: P | AA14: P | AB14: P | AC14: P | AD14: P | AF14: P | AG14: P | AH14: P | AI14: P | AJ14: =COUNTIF(E14:AI14,"P") -> 24 | AK14: =COUNTIF(E14:AH14,"A") -> 2
A15: 11 | B15: Shadab Aziz | C15: Abdul Aziz | D15: 8th | E15: P | F15: P | G15: P | H15: P | I15: P | K15: P | L15: P | M15: P | N15: P | O15: P | R15: P | S15: P | T15: P | U15: P | V15: P | W15: P | Y15: P | Z15: P | AA15: P | AB15: P | AC15: P | AD15: P | AF15: P | AG15: P | AH15: P | AI15: P | AJ15: =COUNTIF(E15:AI15,"P") -> 26 | AK15: =COUNTIF(E15:AH15,"A") -> 0
A16: 12 | B16: Shaista | C16: Abdul Wahid | D16: 8th | E16: P | F16: P | G16: P | H16: P | I16: P | K16: A | L16: A | M16: P | N16: P | O16: P | R16: P | S16: P | T16: P | U16: P | V16: P | W16: P | Y16: P | Z16: P | AA16: P | AB16: A | AC16: P | AD16: P | AF16: P | AG16: P | AH16: P | AI16: P | AJ16: =COUNTIF(E16:AI16,"P") -> 23 | AK16: =COUNTIF(E16:AH16,"A") -> 3
A17: 13 | B17: Shaista Rani | C17: M. Moosa | D17: 8th | E17: P | F17: P | G17: P | H17: P | I17: P | K17: P | L17: P | M17: P | N17: P | O17: P | R17: P | S17: P | T17: P | U17: P | V17: P | W17: P | Y17: P | Z17: P | AA17: P | AB17: P | AC17: P | AD17: P | AF17: P | AG17: P | AH17: P | AI17: P | AJ17: =COUNTIF(E17:AI17,"P") -> 26 | AK17: =COUNTIF(E17:AH17,"A") -> 0 | AL17: Absent Days Details
A18: 14 | B18: Tasleem Rani | C18: M. Moosa | D18: 8th | E18: P | F18: P | G18: P | H18: P | I18: P | K18: P | L18: P | M18: P | N18: P | O18: P | R18: P | S18: P | T18: P | U18: P | V18: P | W18: P | Y18: P | Z18: P | AA18: P | AB18: P | AC18: P | AD18: P | AF18: P | AG18: P | AH18: P | AI18: P | AJ18: =COUNTIF(E18:AI18,"P") -> 26 | AK18: =COUNTIF(E18:AH18,"A") -> 0 | AL18: Detail | AM18: Boys | AN18: Girls | AO18: Total
A19: 15 | B19: Zarmina | C19: Gulbahar | D19: 8th | E19: P | F19: P | G19: A | H19: P | I19: A | K19: P | L19: P | M19: P | N19: A | O19: P | R19: P | S19: A | T19: P | U19: P | V19: P | W19: A | Y19: P | Z19: P | AA19: P | AB19: P | AC19: P | AD19: P | AF19: P | AG19: P | AH19: P | AI19: P | AJ19: =COUNTIF(E19:AI19,"P") -> 21 | AK19: =COUNTIF(E19:AH19,"A") -> 5 | AL19: Due Present days | AM19: =19*$AM$5 -> 494 | AN19: =25*$AM$5 -> 650 | AO19: =AM19+AN19 -> 1144
A20: 16 | B20: Dua Aliya | C20: Mukhtiyar | D20: 8th | E20: P | F20: P | G20: P | H20: P | I20: P | K20: P | L20: P | M20: P | N20: A | O20: P | R20: P | S20: A | T20: A | U20: A | V20: A | W20: A | Y20: P | Z20: A | AA20: A | AB20: A | AC20: A | AD20: A | AF20: A | AG20: A | AH20: A | AI20: A | AJ20: =COUNTIF(E20:AI20,"P") -> 11 | AK20: =COUNTIF(E20:AH20,"A") -> 14 | AL20: Absent days | AM20: =AM19-AM12 -> 89 | AN20: =AN19-AN12 -> 75 | AO20: =AM20+AN20 -> 164
A21: 17 | B21: Iqra | C21: Younus | D21: 8th | E21: P | F21: P | G21: P | H21: P | I21: P | K21: P | L21: P | M21: P | N21: P | O21: P | R21: P | S21: P | T21: P | U21: P | V21: P | W21: P | Y21: P | Z21: P | AA21: P | AB21: P | AC21: P | AD21: P | AF21: P | AG21: P | AH21: P | AI21: P | AJ21: =COUNTIF(E21:AI21,"P") -> 26 | AK21: =COUNTIF(E21:AH21,"A") -> 0 | AL21: % | AM21: =AM20/AM19 -> 0.18016194 | AN21: =AN20/AN19 -> 0.11538462 | AO21: =AO20/AO19 -> 0.14335664
A22: 18 | B22: Naghma Naz | C22: Zahid Hussain | D22: 8th | E22: P | F22: P | G22: P | H22: P | I22: P | K22: P | L22: P | M22: P | N22: P | O22: P | R22: P | S22: P | T22: P | U22: P | V22: P | W22: P | Y22: P | Z22: P | AA22: P | AB22: P | AC22: P | AD22: P | AF22: P | AG22: P | AH22: P | AI22: P | AJ22: =COUNTIF(E22:AI22,"P") -> 26 | AK22: =COUNTIF(E22:AH22,"A") -> 0
A23: 19 | B23: Aliya | C23: Mukhtiyar | D23: 8th | E23: P | F23: P | G23: P | H23: P | I23: P | K23: P | L23: P | M23: P | N23: P | O23: P | R23: P | S23: P | T23: A | U23: A | V23: A | W23: P | Y23: P | Z23: P | AA23: P | AB23: P | AC23: P | AD23: P | AF23: P | AG23: P | AH23: A | AI23: A | AJ23: =COUNTIF(E23:AI23,"P") -> 21 | AK23: =COUNTIF(E23:AH23,"A") -> 4
A24: 20 | B24: Dua | C24: Bahar Ali | D24: 8th | E24: P | F24: P | G24: P | H24: P | I24: P | K24: P | L24: A | M24: P | N24: P | O24: P | R24: P | S24: P | T24: P | U24: P | V24: P | W24: P | Y24: P | Z24: P | AA24: P | AB24: P | AC24: P | AD24: P | AF24: P | AG24: P | AH24: A | AI24: P | AJ24: =COUNTIF(E24:AI24,"P") -> 24 | AK24: =COUNTIF(E24:AH24,"A") -> 2
A25: 21 | B25: Sara Fatima | C25: M. Ashfaq | D25: 8th | E25: P | F25: P | G25: P | H25: P | I25: P | K25: P | L25: P | M25: A | N25: A | O25: P | R25: P | S25: P | T25: P | U25: P | V25: P | W25: P | Y25: P | Z25: P | AA25: P | AB25: P | AC25: P | AD25: P | AF25: P | AG25: P | AH25: P | AI25: P | AJ25: =COUNTIF(E25:AI25,"P") -> 24 | AK25: =COUNTIF(E25:AH25,"A") -> 2
A26: 22 | B26: Muskan | C26: Dildar Hussain | D26: 8th | E26: A | F26: P | G26: P | H26: P | I26: P | K26: P | L26: P | M26: P | N26: A | O26: P | R26: P | S26: P | T26: P | U26: P | V26: P | W26: P | Y26: P | Z26: P | AA26: P | AB26: P | AC26: P | AD26: P | AF26: P | AG26: P | AH26: P | AI26: P | AJ26: =COUNTIF(E26:AI26,"P") -> 24 | AK26: =COUNTIF(E26:AH26,"A") -> 2
A27: 23 | B27: Saira | C27: M. Salah | D27: 8th | E27: P | F27: P | G27: P | H27: P | I27: P | K27: P | L27: P | M27: P | N27: P | O27: P | R27: P | S27: P | T27: P | U27: P | V27: P | W27: P | Y27: P | Z27: P | AA27: P | AB27: P | AC27: P | AD27: P | AF27: P | AG27: P | AH27: P | AI27: P | AJ27: =COUNTIF(E27:AI27,"P") -> 26 | AK27: =COUNTIF(E27:AH27,"A") -> 0
A28: 24 | B28: Muskan | C28: Imran | D28: 8th | E28: P | F28: P | G28: P | H28: P | I28: P | K28: P | L28: P | M28: P | N28: P | O28: P | R28: A | S28: A | T28: A | U28: A | V28: P | W28: P | Y28: P | Z28: P | AA28: P | AB28: P | AC28: P | AD28: P | AF28: P | AG28: P | AH28: P | AI28: P | AJ28: =COUNTIF(E28:AI28,"P") -> 22 | AK28: =COUNTIF(E28:AH28,"A") -> 4
A29: 25 | B29: Iqra | C29: Awais | D29: 8th | E29: - | F29: - | G29: - | H29: - | I29: - | K29: - | L29: - | M29: - | N29: - | O29: - | R29: - | S29: - | T29: - | U29: - | V29: - | W29: - | Y29: - | Z29: P | AA29: P | AB29: P | AC29: P | AD29: P | AF29: P | AG29: P | AH29: P | AI29: P | AJ29: =COUNTIF(E29:AI29,"P") -> 9 | AK29: =COUNTIF(E29:AH29,"A") -> 0
A30: 1 | B30: Abdul Salam | C30: Abdul Rehman | D30: 8th | E30: P | F30: P | G30: P | H30: P | I30: P | K30: P | L30: P | M30: P | N30: P | O30: P | R30: P | S30: A | T30: A | U30: A | V30: P | W30: P | Y30: P | Z30: P | AA30: P | AB30: P | AC30: P | AD30: P | AF30: P | AG30: P | AH30: P | AI30: P | AJ30: =COUNTIF(E30:AI30,"P") -> 23 | AK30: =COUNTIF(E30:AH30,"A") -> 3
A31: 2 | B31: Ameer Ali | C31: Gulbahar Ali | D31: 8th | E31: P | F31: P | G31: P | H31: P | I31: P | K31: P | L31: A | M31: P | N31: P | O31: P | R31: P | S31: A | T31: A | U31: P | V31: P | W31: P | Y31: P | Z31: P | AA31: P | AB31: P | AC31: A | AD31: P | AF31: P | AG31: P | AH31: P | AI31: P | AJ31: =COUNTIF(E31:AI31,"P") -> 22 | AK31: =COUNTIF(E31:AH31,"A") -> 4
A32: 3 | B32: Faizan Ali | C32: Sohail Ahmed | D32: 8th | E32: P | F32: P | G32: P | H32: P | I32: P | K32: P | L32: P | M32: P | N32: P | O32: P | R32: P | S32: A | T32: A | U32: P | V32: P | W32: P | Y32: P | Z32: P | AA32: P | AB32: P | AC32: P | AD32: P | AF32: P | AG32: P | AH32: P | AI32: P | AJ32: =COUNTIF(E32:AI32,"P") -> 24 | AK32: =COUNTIF(E32:AH32,"A") -> 2
A33: 4 | B33: Ghaibi Khan | C33: Abdul Sattar | D33: 8th | E33: P | F33: P | G33: P | H33: P | I33: P | K33: P | L33: P | M33: P | N33: P | O33: P | R33: P | S33: A | T33: A | U33: P | V33: P | W33: P | Y33: A | Z33: A | AA33: P | AB33: P | AC33: P | AD33: P | AF33: P | AG33: P | AH33: P | AI33: P | AJ33: =COUNTIF(E33:AI33,"P") -> 22 | AK33: =COUNTIF(E33:AH33,"A") -> 4
... A48: 19 | B48: Salar | C48: Ghulam Aslam | D48: 8th | E48: P | F48: P | G48: P | H48: P | I48: P | K48: P | L48: P | M48: P | N48: P | O48: P | R48: P | S48: A | T48: A | U48: P | V48: P | W48: P | Y48: P | Z48: P | AA48: P | AB48: P | AC48: P | AD48: P | AF48: P | AG48: P | AH48: P | AI48: P | AJ48: =COUNTIF(E48:AI48,"P") -> 24 | AK48: =COUNTIF(E48:AH48,"A") -> 2

Sheet Class-IX
A1: Goverment high school (SJCHS)
A2: Monthly Attendence Month of october-2024
A3: S.No | B3: Student Name | C3: Father Name | D3: Class | E3: =TEXT(E4,"ddd") -> Tue | F3: =TEXT(F4,"ddd") -> Wed | G3: =TEXT(G4,"ddd") -> Thu | H3: =TEXT(H4,"ddd") -> Fri | I3: =TEXT(I4,"ddd") -> Sat | J3: =TEXT(J4,"ddd") -> Sun | K3: =TEXT(K4,"ddd") -> Mon | L3: =TEXT(L4,"ddd") -> Tue | ... AI3: =TEXT(AI4,"ddd") -> Thu | AJ3: Present | AK3: Absent | AL3: Year 2024
E4: 45566 | F4: 45567 | G4: 45568 | H4: 45569 | I4: 45570 | J4: 45571 | K4: 45572 | L4: 45573 | M4: 45574 | N4: 45575 | O4: 45576 | P4: 45577 | Q4: 45578 | R4: 45579 | S4: 45580 | T4: 45581 | U4: 45582 | V4: 45583 | W4: 45584 | X4: 45585 | Y4: 45586 | Z4: 45587 | AA4: 45588 | AB4: 45589 | AC4: 45590 | AD4: 45591 | AE4: 45592 | AF4: 45593 | AG4: 45594 | AH4: 45595 | AI4: 45596 | AL4: Total days | AM4: =SUM(AM5:AM7) -> 31
A5: 1 | B5: Asim | C5: M. Haneef | D5: Nine | E5: A | F5: A | G5: P | H5: P | I5: P | J5: SUNDAY - SUNDAY - SUNDAY - SUNDAY | K5: P | L5: P | M5: P | N5: P | O5: P | P5: PTM - PTM - PTM - PTM - PTM - PTM - PTM | Q5: SUNDAY - SUNDAY - SUNDAY - SUNDAY | R5: P | S5: P | T5: P | U5: P | V5: P | W5: P | X5: SUNDAY - SUNDAY - SUNDAY - SUNDAY | Y5: P | Z5: P | AA5: P | AB5: P | AC5: P | AD5: P | AE5: SUNDAY - SUNDAY - SUNDAY - SUNDAY | AF5: P | AG5: P | AH5: . | AI5: P | AJ5: =COUNTIF(E5:AI5,"P") -> 23 | AK5: =COUNTIF(E5:AH5,"A") -> 2 | AL5: Working days | AM5: 26
A6: 2 | B6: Haseeb ullah | C6: Hafeezullah Abro | D6: Nine | E6: A | F6: P | G6: P | H6: P | I6: P | K6: A | L6: P | M6: P | N6: P | O6: P | R6: P | S6: P | T6: P | U6: P | V6: P | W6: P | Y6: P | Z6: L | AA6: L | AB6: L | AC6: P | AD6: P | AF6: P | AG6: P | AH6: P | AI6: P | AJ6: =COUNTIF(E6:AI6,"P") -> 21 | AK6: =COUNTIF(E6:AH6,"A") -> 2 | AL6: Sunday | AM6: 4
A7: 3 | B7: Moez | C7: Munawar Ali Bhatti | D7: Nine | E7: P | F7: P | G7: P | H7: P | I7: P | K7: P | L7: P | M7: P | N7: P | O7: A | R7: P | S7: P | T7: P | U7: P | V7: P | W7: P | Y7: P | Z7: P | AA7: P | AB7: P | AC7: P | AD7: P | AF7: P | AG7: P | AH7: P | AI7: P | AJ7: =COUNTIF(E7:AI7,"P") -> 25 | AK7: =COUNTIF(E7:AH7,"A") -> 1 | AL7: PTM | AM7: 1
A8: 4 | B8: Mudassir | C8: Gulzar Ahmed | D8: Nine | E8: P | F8: P | G8: P | H8: P | I8: P | K8: P | L8: P | M8: P | N8: P | O8: P | R8: P | S8: P | T8: P | U8: P | V8: P | W8: P | Y8: P | Z8: P | AA8: P | AB8: P | AC8: P | AD8: P | AF8: P | AG8: P | AH8: P | AI8: P | AJ8: =COUNTIF(E8:AI8,"P") -> 26 | AK8: =COUNTIF(E8:AH8,"A") -> 0
A9: 5 | B9: Sarfaraz | C9: Ghulam Sarwar Kaladi | D9: Nine | E9: A | F9: A | G9: A | H9: A | I9: A | K9: A | L9: A | M9: A | N9: A | O9: A | R9: A | S9: A | T9: A | U9: A | V9: A | W9: A | Y9: A | Z9: A | AA9: A | AB9: A | AC9: A | AD9: A | AF9: A | AG9: A | AH9: A | AI9: A | AJ9: =COUNTIF(E9:AI9,"P") -> 0 | AK9: =COUNTIF(E9:AH9,"A") -> 25 | AL9: Present Days Detail
A10: 6 | B10: Taha | C10: Nisar Ahmed | D10: Nine | E10: A | F10: A | G10: P | H10: P | I10: P | K10: A | L10: P | M10: P | N10: P | O10: P | R10: P | S10: P | T10: P | U10: P | V10: P | W10: P | Y10: P | Z10: L | AA10: L | AB10: P | AC10: P | AD10: P | AF10: P | AG10: P | AH10: P | AI10: P | AJ10: =COUNTIF(E10:AI10,"P") -> 21 | AK10: =COUNTIF(E10:AH10,"A") -> 3 | AL10: Detail | AM10: Boys | AN10: Girls | AO10: Total
A11: 7 | B11: Zaheer Ali | C11: Shah Muhammad | D11: Nine | E11: P | F11: P | G11: P | H11: P | I11: P | K11: P | L11: P | M11: A | N11: A | O11: A | R11: P | S11: P | T11: P | U11: P | V11: P | W11: P | Y11: P | Z11: P | AA11: P | AB11: P | AC11: P | AD11: A | AF11: A | AG11: A | AH11: A | AI11: A | AJ11: =COUNTIF(E11:AI11,"P") -> 18 | AK11: =COUNTIF(E11:AH11,"A") -> 7 | AL11: Due Present days | AM11: =18*$AM$5 -> 468 | AN11: =22*$AM$5 -> 572 | AO11: =SUM(AM11:AN11) -> 1040
A12: 8 | B12: Nawab Khan | C12: M. Khan | D12: Nine | E12: P | F12: A | G12: P | H12: P | I12: P | K12: P | L12: P | M12: P | N12: P | O12: P | R12: P | S12: P | T12: P | U12: P | V12: P | W12: P | Y12: P | Z12: P | AA12: P | AB12: P | AC12: P | AD12: A | AF12: P | AG12: P | AH12: P | AI12: P | AJ12: =COUNTIF(E12:AI12,"P") -> 24 | AK12: =COUNTIF(E12:AH12,"A") -> 2 | AL12: Actual present days | AM12: =SUM(AJ5:AJ22) -> 369 | AN12: =SUM(AJ23:AJ44) -> 409 | AO12: =AM12+AN12 -> 778
A13: 9 | B13: Meesum Abbas | C13: Waheed ali | D13: Nine | E13: P | F13: P | G13: P | H13: P | I13: P | K13: P | L13: P | M13: P | N13: P | O13: P | R13: P | S13: P | T13: P | U13: P | V13: P | W13: P | Y13: P | Z13: P | AA13: P | AB13: A | AC13: P | AD13: P | AF13: P | AG13: P | AH13: P | AI13: P | AJ13: =COUNTIF(E13:AI13,"P") -> 25 | AK13: =COUNTIF(E13:AH13,"A") -> 1 | AL13: % | AM13: =AM12/AM11 -> 0.78846154 | AN13: =AN12/AN11 -> 0.71503497 | AO13: =AO12/AO11 -> 0.74807692
A14: 10 | B14: Manzar Hussain | C14: Ghulam Murtaza | D14: Nine | E14: P | F14: P | G14: P | H14: P | I14: A | K14: P | L14: P | M14: P | N14: P | O14: P | R14: P | S14: P | T14: P | U14: A | V14: P | W14: P | Y14: P | Z14: P | AA14: P | AB14: L | AC14: P | AD14: P | AF14: P | AG14: P | AH14: P | AI14: P | AJ14: =COUNTIF(E14:AI14,"P") -> 23 | AK14: =COUNTIF(E14:AH14,"A") -> 2
A15: 11 | B15: Noorullah | C15: Abdul Jabbar | D15: Nine | E15: A | F15: P | G15: P | H15: P | I15: P | K15: P | L15: P | M15: P | N15: P | O15: P | R15: P | S15: P | T15: P | U15: A | V15: P | W15: P | Y15: P | Z15: P | AA15: A | AB15: P | AC15: P | AD15: P | AF15: P | AG15: P | AH15: P | AI15: P | AJ15: =COUNTIF(E15:AI15,"P") -> 23 | AK15: =COUNTIF(E15:AH15,"A") -> 3
A16: 12 | B16: Saif ur Rehman | C16: Imran Ahmed | D16: Nine | E16: P | F16: P | G16: P | H16: P | I16: P | K16: P | L16: P | M16: P | N16: P | O16: P | R16: P | S16: P | T16: P | U16: P | V16: P | W16: P | Y16: P | Z16: P | AA16: P | AB16: P | AC16: A | AD16: P | AF16: P | AG16: P | AH16: P | AI16: P | AJ16: =COUNTIF(E16:AI16,"P") -> 25 | AK16: =COUNTIF(E16:AH16,"A") -> 1
A17: 13 | B17: Shafique | C17: Rafique Ahmed | D17: Nine | E17: A | F17: P | G17: P | H17: P | I17: P | K17: A | L17: P | M17: P | N17: P | O17: P | R17: A | S17: A | T17: A | U17: A | V17: A | W17: L | Y17: P | Z17: P | AA17: P | AB17: P | AC17: A | AD17: A | AF17: P | AG17: P | AH17: P | AI17: P | AJ17: =COUNTIF(E17:AI17,"P") -> 16 | AK17: =COUNTIF(E17:AH17,"A") -> 9 | AL17: Absent Days Details
A18: 14 | B18: M.Murtaqeem | C18: Shams | D18: Nine | E18: A | F18: P | G18: A | H18: P | I18: P | K18: P | L18: P | M18: P | N18: P | O18: A | R18: P | S18: P | T18: P | U18: P | V18: P | W18: P | Y18: P | Z18: P | AA18: P | AB18: P | AC18: P | AD18: P | AF18: P | AG18: P | AH18: P | AI18: P | AJ18: =COUNTIF(E18:AI18,"P") -> 23 | AK18: =COUNTIF(E18:AH18,"A") -> 3 | AL18: Detail | AM18: Boys | AN18: Girls | AO18: Total
A19: 15 | B19: Shaban | C19: Allah Dino | D19: Nine | E19: P | F19: P | G19: P | H19: P | I19: A | K19: P | L19: P | M19: P | N19: P | O19: P | R19: P | S19: P | T19: P | U19: P | V19: P | W19: P | Y19: P | Z19: P | AA19: P | AB19: L | AC19: P | AD19: P | AF19: P | AG19: P | AH19: P | AI19: P | AJ19: =COUNTIF(E19:AI19,"P") -> 24 | AK19: =COUNTIF(E19:AH19,"A") -> 1 | AL19: Due Present days | AM19: =18*$AM$5 -> 468 | AN19: =22*$AM$5 -> 572 | AO19: =AM19+AN19 -> 1040
A20: 16 | B20: M. Sufian | C20: Imran | D20: Nine | E20: P | F20: P | G20: P | H20: P | I20: P | K20: P | L20: P | M20: P | N20: A | O20: P | R20: P | S20: A | T20: P | U20: P | V20: P | W20: P | Y20: P | Z20: P | AA20: P | AB20: P | AC20: P | AD20: P | AF20: P | AG20: P | AH20: P | AI20: P | AJ20: =COUNTIF(E20:AI20,"P") -> 24 | AK20: =COUNTIF(E20:AH20,"A") -> 2 | AL20: Absent days | AM20: =AM19-AM12 -> 99 | AN20: =AN19-AN12 -> 163 | AO20: =AM20+AN20 -> 262
A21: 17 | B21: M. Shayan | C21: Jawad Ahmed | D21: Nine | E21: P | F21: P | G21: P | H21: P | I21: A | K21: P | L21: P | M21: P | N21: P | O21: P | R21: P | S21: P | T21: P | U21: P | V21: P | W21: P | Y21: P | Z21: P | AA21: P | AB21: A | AC21: P | AD21: P | AF21: P | AG21: P | AH21: P | AI21: P | AJ21: =COUNTIF(E21:AI21,"P") -> 24 | AK21: =COUNTIF(E21:AH21,"A") -> 2 | AL21: % | AM21: =AM20/AM19 -> 0.21153846 | AN21: =AN20/AN19 -> 0.28496503 | AO21: =AO20/AO19 -> 0.25192308
A22: 18 | B22: Ashan | D22: Nine | E22: - | F22: - | G22: - | H22: - | I22: - | K22: - | L22: - | M22: - | N22: - | O22: - | R22: - | S22: - | T22: - | U22: - | V22: - | W22: - | Y22: - | Z22: - | AA22: - | AB22: - | AC22: - | AD22: - | AF22: P | AG22: P | AH22: P | AI22: P | AJ22: =COUNTIF(E22:AI22,"P") -> 4 | AK22: =COUNTIF(E22:AH22,"A") -> 0
A23: 1 | B23: Haleema | C23: Qalandar Bakhsh | D23: Nine | E23: P | F23: P | G23: P | H23: P | I23: A | K23: A | L23: P | M23: P | N23: P | O23: P | R23: P | S23: P | T23: P | U23: A | V23: P | W23: P | Y23: P | Z23: P | AA23: P | AB23: P | AC23: P | AD23: P | AF23: P | AG23: P | AH23: P | AI23: P | AJ23: =COUNTIF(E23:AI23,"P") -> 23 | AK23: =COUNTIF(E23:AH23,"A") -> 3
A24: 2 | B24: Kinza Tariq | C24: M. Tariq Zafar | D24: Nine | E24: A | F24: A | G24: A | H24: A | I24: A | K24: A | L24: A | M24: A | N24: A | O24: A | R24: A | S24: A | T24: A | U24: A | V24: A | W24: A | Y24: A | Z24: A | AA24: A | AB24: A | AC24: A | AD24: A | AF24: A | AG24: A | AH24: A | AI24: A | AJ24: =COUNTIF(E24:AI24,"P") -> 0 | AK24: =COUNTIF(E24:AH24,"A") -> 25
A25: 3 | B25: Maheen Zulfiqar | C25: Zulfiqar Ali | D25: Nine | E25: P | F25: A | G25: A | H25: A | I25: P | K25: P | L25: P | M25: P | N25: P | O25: P | R25: P | S25: P | T25: P | U25: A | V25: P | W25: P | Y25: P | Z25: A | AA25: P | AB25: A | AC25: P | AD25: P | AF25: P | AG25: P | AH25: P | AI25: P | AJ25: =COUNTIF(E25:AI25,"P") -> 20 | AK25: =COUNTIF(E25:AH25,"A") -> 6
A26: 4 | B26: Maria | C26: Sohail Sarwar Jataoi | D26: Nine | E26: A | F26: A | G26: A | H26: A | I26: A | K26: A | L26: A | M26: A | N26: A | O26: A | R26: A | S26: A | T26: A | U26: A | V26: A | W26: A | Y26: A | Z26: A | AA26: A | AB26: A | AC26: A | AD26: A | AF26: A | AG26: A | AH26: A | AI26: A | AJ26: =COUNTIF(E26:AI26,"P") -> 0 | AK26: =COUNTIF(E26:AH26,"A") -> 25
A27: 5 | B27: Qandeel Zehra | C27: Waheed Ali | D27: Nine | E27: P | F27: P | G27: P | H27: P | I27: P | K27: P | L27: P | M27: P | N27: P | O27: P | R27: P | S27: P | T27: P | U27: P | V27: P | W27: P | Y27: P | Z27: P | AA27: A | AB27: P | AC27: P | AD27: P | AF27: P | AG27: P | AH27: P | AI27: A | AJ27: =COUNTIF(E27:AI27,"P") -> 24 | AK27: =COUNTIF(E27:AH27,"A") -> 1
A28: 6 | B28: Sanam | C28: Manzoor Ahmed Memon | D28: Nine | E28: A | F28: P | G28: P | H28: A | I28: A | K28: P | L28: P | M28: P | N28: P | O28: P | R28: P | S28: P | T28: P | U28: A | V28: P | W28: P | Y28: P | Z28: P | AA28: P | AB28: P | AC28: P | AD28: P | AF28: A | AG28: P | AH28: A | AI28: P | AJ28: =COUNTIF(E28:AI28,"P") -> 20 | AK28: =COUNTIF(E28:AH28,"A") -> 6
A29: 7 | B29: Zainab | C29: Sultan Ahmed | D29: Nine | E29: P | F29: P | G29: P | H29: P | I29: P | K29: P | L29: P | M29: P | N29: P | O29: P | R29: P | S29: P | T29: P | U29: P | V29: P | W29: P | Y29: P | Z29: P | AA29: P | AB29: P | AC29: P | AD29: A | AF29: P | AG29: P | AH29: P | AI29: P | AJ29: =COUNTIF(E29:AI29,"P") -> 25 | AK29: =COUNTIF(E29:AH29,"A") -> 1
A30: 8 | B30: Asia | C30: M. Khan | D30: Nine | E30: P | F30: P | G30: P | H30: P | I30: P | K30: P | L30: P | M30: P | N30: P | O30: P | R30: P | S30: P | T30: P | U30: P | V30: P | W30: P | Y30: L | Z30: P | AA30: P | AB30: P | AC30: P | AD30: P | AF30: P | AG30: P | AH30: P | AI30: P | AJ30: =COUNTIF(E30:AI30,"P") -> 25 | AK30: =COUNTIF(E30:AH30,"A") -> 0
A31: 9 | B31: Tooba | C31: Yasir Ahmed | D31: Nine | E31: P | F31: P | G31: P | H31: P | I31: P | K31: P | L31: P | M31: P | N31: P | O31: P | R31: P | S31: P | T31: P | U31: P | V31: P | W31: P | Y31: P | Z31: A | AA31: A | AB31: P | AC31: A | AD31: A | AF31: P | AG31: P | AH31: P | AI31: P | AJ31: =COUNTIF(E31:AI31,"P") -> 22 | AK31: =COUNTIF(E31:AH31,"A") -> 4
A32: 10 | B32: Afsheen | C32: Ubaidullah | D32: Nine | E32: P | F32: P | G32: P | H32: A | I32: P | K32: P | L32: P | M32: P | N32: P | O32: P | R32: P | S32: P | T32: P | U32: P | V32: P | W32: P | Y32: P | Z32: P | AA32: P | AB32: P | AC32: P | AD32: P | AF32: P | AG32: P | AH32: P | AI32: P | AJ32: =COUNTIF(E32:AI32,"P") -> 25 | AK32: =COUNTIF(E32:AH32,"A") -> 1
A33: 11 | B33: Nosheen | C33: Ubaidullah | D33: Nine | E33: P | F33: A | G33: A | H33: A | I33: A | K33: A | L33: A | M33: A | N33: A | O33: A | R33: P | S33: P | T33: P | U33: A | V33: P | W33: P | Y33: P | Z33: P | AA33: P | AB33: P | AC33: P | AD33: P | AF33: P | AG33: P | AH33: P | AI33: P | AJ33: =COUNTIF(E33:AI33,"P") -> 16 | AK33: =COUNTIF(E33:AH33,"A") -> 10
A34: 12 | B34: Dua | C34: Ramzan Jamali | D34: Nine | E34: A | F34: A | G34: A | H34: A | I34: A | K34: A | L34: A | M34: A | N34: A | O34: A | R34: A | S34: A | T34: A | U34: A | V34: A | W34: A | Y34: A | Z34: A | AA34: A | AB34: A | AC34: A | AD34: A | AF34: A | AG34: A | AH34: A | AI34: A | AJ34: =COUNTIF(E34:AI34,"P") -> 0 | AK34: =COUNTIF(E34:AH34,"A") -> 25
... A41: 19 | B41: Alishah | C41: Mehboob abro | D41: Nine | E41: P | F41: P | G41: P | H41: P | I41: P | K41: A | L41: P | M41: A | N41: P | O41: P | R41: P | S41: P | T41: P | U41: P | V41: P | W41: A | Y41: P | Z41: L | AA41: P | AB41: P | AC41: P | AD41: A | AF41: P | AG41: P | AH41: P | AI41: P | AJ41: =COUNTIF(E41:AI41,"P") -> 21 | AK41: =COUNTIF(E41:AH41,"A") -> 4
A42: 20 | B42: Kashaf Kanwal | D42: Nine | E42: A | F42: P | G42: P | H42: P | I42: P | K42: P | L42: P | M42: P | N42: P | O42: P | R42: P | S42: P | T42: P | U42: P | V42: P | W42: P | Y42: P | Z42: P | AA42: P | AB42: P | AC42: P | AD42: P | AF42: P | AG42: P | AH42: P | AI42: P | AJ42: =COUNTIF(E42:AI42,"P") -> 25 | AK42: =COUNTIF(E42:AH42,"A") -> 1
A43: 21 | B43: Sidra | C43: Fida Hussain | D43: Nine | E43: P | F43: P | G43: P | H43: P | I43: P | K43: P | L43: A | M43: A | N43: P | O43: P | R43: P | S43: P | T43: P | U43: P | V43: P | W43: P | Y43: P | Z43: P | AA43: P | AB43: P | AC43: P | AD43: A | AF43: P | AG43: P | AH43: P | AI43: P | AJ43: =COUNTIF(E43:AI43,"P") -> 23 | AK43: =COUNTIF(E43:AH43,"A") -> 3
A44: 22 | B44: Saima | C44: M. Suleman | D44: Nine | E44: P | F44: P | G44: A | H44: A | I44: A | K44: P | L44: P | M44: P | N44: P | O44: P | R44: P | S44: P | T44: P | U44: P | V44: P | W44: P | Y44: L | Z44: P | AA44: P | AB44: P | AC44: P | AD44: P | AF44: P | AG44: P | AH44: P | AI44: P | AJ44: =COUNTIF(E44:AI44,"P") -> 22 | AK44: =COUNTIF(E44:AH44,"A") -> 3
