Workbook

Sheet Compile Sheet-November-2024
A4: Class | B4: Total Enrolment & Attendance November-24
B5: Boys | C5: Girls | D5: Total | E5: total working Days | F5: Total working days-Boys | G5: Total working days-Girls | H5: Total working days-All | I5: P-Days Boys | J5: P-Days Girls | K5: P-Days All | L5: Percentage-Girls | M5: Percentage-Boys | N5: Percentage-Boys | O5: Total average
A6: ECE (ROSE) | B6: 27 | C6: 27 | D6: =SUM(B6:C6) -> 54 | E6: 24 | F6: =B6*E6 -> 648 | G6: =C6*E6 -> 648 | H6: =SUM(F6:G6) -> 1296 | I6: ='ECE (Daffodils)'!V14 -> P | J6: ='ECE (Daffodils)'!W14 -> 0 | K6: =SUM(I6:J6) -> 0 | L6: =J6/G6 -> 0 | M6: =I6/F6 -> #VALUE! | N6: =K6/H6 -> 0 | O6: =AVERAGE(L6:M6) -> #VALUE!
A7: ECE (Daffodils) | B7: 31 | C7: 25 | D7: =SUM(B7:C7) -> 56 | E7: 24 | F7: =B7*E7 -> 744 | G7: =C7*E7 -> 600 | H7: =SUM(F7:G7) -> 1344 | I7: ='Class-1'!V14 -> P | J7: ='Class-1'!W14 -> 0 | K7: =SUM(I7:J7) -> 0 | L7: =J7/G7 -> 0 | M7: =I7/F7 -> #VALUE! | N7: =K7/H7 -> 0 | O7: =AVERAGE(L7:M7) -> #VALUE!
A8: One | B8: 32 | C8: 24 | D8: =SUM(B8:C8) -> 56 | E8: 24 | F8: =B8*E8 -> 768 | G8: =C8*E8 -> 576 | H8: =SUM(F8:G8) -> 1344 | I8: ='Class-2'!V13 -> P | J8: ='Class-2'!W13 -> 0 | K8: =SUM(I8:J8) -> 0 | L8: =J8/G8 -> 0 | M8: =I8/F8 -> #VALUE! | N8: =K8/H8 -> 0 | O8: =AVERAGE(L8:M8) -> #VALUE!
A9: Two | B9: 26 | C9: 26 | D9: =SUM(B9:C9) -> 52 | E9: 24 | F9: =B9*E9 -> 624 | G9: =C9*E9 -> 624 | H9: =SUM(F9:G9) -> 1248 | I9: ='Class-3'!V14 -> P | J9: ='Class-3'!W14 -> 0 | K9: =SUM(I9:J9) -> 0 | L9: =J9/G9 -> 0 | M9: =I9/F9 -> #VALUE! | N9: =K9/H9 -> 0 | O9: =AVERAGE(L9:M9) -> #VALUE!
A10: Three | B10: 28 | C10: 24 | D10: =SUM(B10:C10) -> 52 | E10: 24 | F10: =B10*E10 -> 672 | G10: =C10*E10 -> 576 | H10: =SUM(F10:G10) -> 1248 | I10: ='Class-4'!V13 -> A | J10: ='Class-4'!W13 -> 0 | K10: =SUM(I10:J10) -> 0 | L10: =J10/G10 -> 0 | M10: =I10/F10 -> #VALUE! | N10: =K10/H10 -> 0 | O10: =AVERAGE(L10:M10) -> #VALUE!
A11: Four | B11: 21 | C11: 32 | D11: =SUM(B11:C11) -> 53 | E11: 24 | F11: =B11*E11 -> 504 | G11: =C11*E11 -> 768 | H11: =SUM(F11:G11) -> 1272 | I11: ='Class-5'!AN14 -> 348 | J11: ='Class-5'!AO14 -> 383 | K11: =SUM(I11:J11) -> 731 | L11: =J11/G11 -> 0.49869792 | M11: =I11/F11 -> 0.69047619 | N11: =K11/H11 -> 0.57468553 | O11: =AVERAGE(L11:M11) -> 0.59458705
A12: Five | B12: 23 | C12: 23 | D12: =SUM(B12:C12) -> 46 | E12: 24 | F12: =B12*E12 -> 552 | G12: =C12*E12 -> 552 | H12: =SUM(F12:G12) -> 1104 | I12: ='Class-6'!AN14 -> 433 | J12: ='Class-6'!AO14 -> 384 | K12: =SUM(I12:J12) -> 817 | L12: =J12/G12 -> 0.69565217 | M12: =I12/F12 -> 0.78442029 | N12: =K12/H12 -> 0.74003623 | O12: =AVERAGE(L12:M12) -> 0.74003623
A13: Six | B13: 17 | C13: 28 | D13: =SUM(B13:C13) -> 45 | E13: 24 | F13: =B13*E13 -> 408 | G13: =C13*E13 -> 672 | H13: =SUM(F13:G13) -> 1080 | I13: ='Class-7'!AN14 -> 294 | J13: ='Class-7'!AO14 -> 548 | K13: =SUM(I13:J13) -> 842 | L13: =J13/G13 -> 0.81547619 | M13: =I13/F13 -> 0.72058824 | N13: =K13/H13 -> 0.77962963 | O13: =AVERAGE(L13:M13) -> 0.76803221
A14: Seven | B14: 29 | C14: 19 | D14: =SUM(B14:C14) -> 48 | E14: 24 | F14: =B14*E14 -> 696 | G14: =C14*E14 -> 456 | H14: =SUM(F14:G14) -> 1152 | I14: ='class-8'!AN14 -> 527 | J14: ='class-8'!AO14 -> 247 | K14: =SUM(I14:J14) -> 774 | L14: =J14/G14 -> 0.54166667 | M14: =I14/F14 -> 0.75718391 | N14: =K14/H14 -> 0.671875 | O14: =AVERAGE(L14:M14) -> 0.64942529
A15: Eight | B15: 19 | C15: 23 | D15: =SUM(B15:C15) -> 42 | E15: 24 | F15: =B15*E15 -> 456 | G15: =C15*E15 -> 552 | H15: =SUM(F15:G15) -> 1008 | I15: ='class-9'!AN14 -> 232 | J15: ='class-9'!AO14 -> 377 | K15: =SUM(I15:J15) -> 609 | L15: =J15/G15 -> 0.68297101 | M15: =I15/F15 -> 0.50877193 | N15: =K15/H15 -> 0.60416667 | O15: =AVERAGE(L15:M15) -> 0.59587147
A16: Ninth | B16: 16 | C16: 19 | D16: =SUM(B16:C16) -> 35 | E16: 24 | F16: =B16*E16 -> 384 | G16: =C16*E16 -> 456 | H16: =SUM(F16:G16) -> 840 | I16: ='class-10'!AN14 -> 207 | J16: ='class-10'!AO14 -> 212 | K16: =SUM(I16:J16) -> 419 | L16: =J16/G16 -> 0.46491228 | M16: =I16/F16 -> 0.5390625 | N16: =K16/H16 -> 0.49880952 | O16: =AVERAGE(L16:M16) -> 0.50198739
A17: Total | B17: =SUM(B6:B16) -> 269 | C17: =SUM(C6:C16) -> 270 | D17: =SUM(D6:D16) -> 539 | E17: =SUM(E6:E16) -> 264 | F17: =SUM(F6:F16) -> 6456 | G17: =SUM(G6:G16) -> 6480 | H17: =SUM(H6:H16) -> 12936 | I17: =SUM(I6:I16) -> 2041 | ... K17: =SUM(K6:K16) -> 4192 | L17: =J17/G17 -> 0.33194444 | M17: =I17/F17 -> 0.31614002 | N17: =AVERAGE(N6:N16) -> 0.35174569 | O17: =AVERAGE(O6:O16) -> #VALUE!
A18: % | B18: 1 | C18: 1 | D18: 1 | E18: 1 | F18: 1 | G18: 1 | H18: 1 | I18: =I17/F17 -> 0.31614002 | J18: =J17/G17 -> 0.33194444 | K18: =K17/H17 -> 0.3240569 | L18: 0.54 | M18: 0.56 | N18: 0.55 | O18: =AVERAGE(L17:M17) -> 0.32404223

Sheet ECE ROSE
A1: Goverment high school (SJCHS)
A2: Monthly Attendence Month of MAY-2025
A3: S.No | B3: GR | C3: Student Name | D3: Father Name | E3: Class | F3: =TEXT(F4,"ddd") -> Thu | G3: =TEXT(G4,"ddd") -> Fri | H3: =TEXT(H4,"ddd") -> Sat | I3: =TEXT(I4,"ddd") -> Sun | J3: =TEXT(J4,"ddd") -> Mon | K3: =TEXT(K4,"ddd") -> Tue | L3: =TEXT(L4,"ddd") -> Wed | M3: =TEXT(M4,"ddd") -> Thu | ... AJ3: =TEXT(AJ4,"ddd") -> Sat | AK3: Present | AL3: Absent | AM3: Year 2024
F4: 45778 | G4: 45779 | H4: 45780 | I4: 45781 | J4: 45782 | K4: 45783 | L4: 45784 | M4: 45785 | N4: 45786 | O4: 45787 | P4: 45788 | Q4: 45789 | R4: 45790 | S4: 45791 | T4: 45792 | U4: 45793 | V4: 45794 | W4: 45795 | X4: 45796 | Y4: 45797 | Z4: 45798 | AA4: 45799 | AB4: 45800 | AC4: 45801 | AD4: 45802 | AE4: 45803 | AF4: 45804 | AG4: 45805 | AH4: 45806 | AI4: 45807 | AJ4: 45808 | AM4: Total days | AN4: =SUM(AN5:AN8) -> 30
A5: 1 | C5: Mir Ghulam Mustafa Bhutto | D5: Abdul Khaliq Bhutto | E5: ECE ROSE | F5: LABOUR DAY LABOUR DAY LABOUR DAY | G5: P | H5: P | I5: SUNDAY - SUNDAY - SUNDAY - SUNDAY - SUNDAY - | J5: P | K5: P | L5: P | M5: P | N5: P | O5: P | P5: SUNDAY - SUNDAY - SUNDAY - SUNDAY - SUNDAY - | Q5: P | R5: P | S5: P | T5: P | U5: P | V5: P | W5: SUNDAY - SUNDAY - SUNDAY - SUNDAY - SUNDAY - | X5: P | Y5: P | Z5: P | AA5: P | AB5: P | AD5: SUNDAY - SUNDAY - SUNDAY - SUNDAY - SUNDAY - | AK5: =COUNTIF(F5:AJ5,"P") -> 19 | AL5: =COUNTIF(F5:AJ5,"A") -> 0 | AM5: Working days | AN5: 26
A6: 2 | C6: Airah Alber | D6: Abdul Alber | E6: ECE ROSE | G6: P | H6: P | J6: P | K6: P | L6: P | M6: P | N6: P | O6: P | Q6: P | R6: L | S6: P | T6: P | U6: P | V6: P | X6: P | Y6: P | Z6: P | AA6: P | AB6: P | AK6: =COUNTIF(F6:AJ6,"P") -> 18 | AL6: =COUNTIF(F6:AJ6,"A") -> 0 | AM6: Sunday | AN6: 4
A7: 3 | C7: Meerum | D7: Razaullah | E7: ECE ROSE | G7: P | H7: P | J7: P | K7: P | L7: P | M7: P | N7: P | O7: P | Q7: P | R7: P | S7: P | T7: P | U7: P | V7: P | X7: P | Y7: P | Z7: P | AA7: P | AB7: P | AK7: =COUNTIF(F7:AJ7,"P") -> 19 | AL7: =COUNTIF(F7:AJ7,"A") -> 0
A8: 4 | C8: Marwa Bibi | D8: Naqeeb Ullah | E8: ECE ROSE | G8: P | H8: P | J8: P | K8: P | L8: P | M8: P | N8: P | O8: P | Q8: P | R8: P | S8: P | T8: P | U8: P | V8: P | X8: P | Y8: P | Z8: P | AA8: P | AB8: P | AK8: =COUNTIF(F8:AJ8,"P") -> 19 | AL8: =COUNTIF(F8:AJ8,"A") -> 0
A9: 5 | C9: Muhammad Huzzaifa | D9: Zain Ullah | E9: ECE ROSE | G9: P | H9: P | J9: P | K9: P | L9: P | M9: P | N9: P | O9: P | Q9: P | R9: P | S9: P | T9: P | U9: P | V9: P | X9: P | Y9: P | Z9: P | AA9: P | AB9: P | AK9: =COUNTIF(F9:AJ9,"P") -> 19 | AL9: =COUNTIF(F9:AJ9,"A") -> 0
A10: 6 | C10: Mustaqim Hussain | D10: Zafar Hussain | E10: ECE ROSE | G10: P | H10: P | J10: P | K10: P | L10: P | M10: P | N10: P | O10: P | Q10: P | R10: P | S10: P | T10: P | U10: P | V10: P | X10: P | Y10: A | Z10: P | AA10: P | AB10: P | AK10: =COUNTIF(F10:AJ10,"P") -> 18 | AL10: =COUNTIF(F10:AJ10,"A") -> 1
A11: 7 | C11: Irshad | D11: Shafiq Shah | E11: ECE ROSE | G11: A | H11: A | J11: A | K11: P | L11: P | M11: P | N11: P | O11: P | Q11: P | R11: P | S11: P | T11: P | U11: P | V11: P | X11: P | Y11: P | Z11: P | AA11: P | AB11: P | AK11: =COUNTIF(F11:AJ11,"P") -> 16 | AL11: =COUNTIF(F11:AJ11,"A") -> 3 | AM11: Present Days Detail
A12: 8 | C12: Aon Ali | D12: Imran Ali | E12: ECE ROSE | G12: A | H12: A | J12: P | K12: P | L12: A | M12: P | N12: A | O12: A | Q12: P | R12: L | S12: L | T12: P | U12: A | V12: A | X12: A | Y12: P | Z12: P | AA12: P | AB12: P | AK12: =COUNTIF(F12:AJ12,"P") -> 9 | AL12: =COUNTIF(F12:AJ12,"A") -> 8 | AM12: Detail | AN12: Boys | AO12: Girls | AP12: Total
A13: 9 | C13: Ajwa Rashid | D13: Rashid Hussain | E13: ECE ROSE | G13: P | H13: P | J13: P | K13: P | L13: P | M13: P | N13: P | O13: P | Q13: P | R13: P | S13: P | T13: P | U13: P | V13: P | X13: P | Y13: P | Z13: P | AA13: P | AB13: P | AK13: =COUNTIF(F13:AJ13,"P") -> 19 | AL13: =COUNTIF(F13:AJ13,"A") -> 0 | AM13: Due Present days | AN13: =29*$AN$5 -> 754 | AO13: =25*$AN$5 -> 650 | AP13: =SUM(AN13:AO13) -> 1404
A14: 10 | C14: Muhammad Ramzan | D14: Abdul Karim | E14: ECE ROSE | G14: P | H14: P | J14: P | K14: P | L14: P | M14: P | N14: P | O14: P | Q14: P | R14: P | S14: P | T14: P | U14: P | V14: P | X14: P | Y14: P | Z14: P | AA14: P | AB14: P | AK14: =COUNTIF(F14:AJ14,"P") -> 19 | AL14: =COUNTIF(F14:AJ14,"A") -> 0 | AM14: Actual present days | AN14: =SUM(AK29:AK31) -> 43 | AO14: =SUM(AK5:AK28) -> 404 | AP14: =AN14+AO14 -> 447
A15: 11 | C15: Airah Meer | D15: Tanveer Ahmed Jamali | E15: ECE ROSE | G15: P | H15: P | J15: P | K15: P | L15: P | M15: P | N15: P | O15: P | Q15: P | R15: L | S15: P | T15: P | U15: P | V15: P | X15: P | Y15: P | Z15: P | AA15: P | AB15: P | AK15: =COUNTIF(F15:AJ15,"P") -> 18 | AL15: =COUNTIF(F15:AJ15,"A") -> 0 | AM15: % | AN15: =AN14/AN13 -> 0.057029178 | AO15: =AO14/AO13 -> 0.62153846 | AP15: =AP14/AP13 -> 0.31837607
A16: 12 | C16: Zeeshan Ali | D16: Ahsan Ali | E16: ECE ROSE | G16: p | H16: P | J16: P | K16: P | L16: P | M16: P | N16: P | O16: P | Q16: P | R16: L | S16: L | T16: L | U16: L | V16: L | X16: P | Y16: P | Z16: P | AA16: P | AB16: P | AK16: =COUNTIF(F16:AJ16,"P") -> 14 | AL16: =COUNTIF(F16:AJ16,"A") -> 0
A17: 13 | C17: Farhan Ali | D17: Akbar Ali | E17: ECE ROSE | G17: P | H17: P | J17: P | K17: P | L17: P | M17: P | N17: P | O17: P | Q17: P | R17: P | S17: P | T17: P | U17: P | V17: P | X17: P | Y17: P | Z17: P | AA17: P | AB17: P | AK17: =COUNTIF(F17:AJ17,"P") -> 19 | AL17: =COUNTIF(F17:AJ17,"A") -> 0
A18: 14 | C18: Muhammad Qaiser | D18: Muhammad Qasim Mugheri | E18: ECE ROSE | G18: P | H18: P | J18: P | K18: P | L18: P | M18: A | N18: A | O18: P | Q18: P | R18: P | S18: P | T18: P | U18: P | V18: P | X18: P | Y18: P | Z18: P | AA18: P | AB18: P | AK18: =COUNTIF(F18:AJ18,"P") -> 17 | AL18: =COUNTIF(F18:AJ18,"A") -> 2
A19: 15 | C19: Zoya | D19: Zahid Ali | E19: ECE ROSE | G19: P | H19: P | J19: P | K19: P | L19: P | M19: A | N19: A | O19: A | Q19: P | R19: A | S19: L | T19: L | U19: A | V19: A | X19: P | Y19: P | Z19: P | AA19: P | AB19: P | AK19: =COUNTIF(F19:AJ19,"P") -> 11 | AL19: =COUNTIF(F19:AJ19,"A") -> 6 | AM19: Absent Days Details
A20: 16 | C20: Bibi Batool | D20: Syed Shahid Ali Shah | E20: ECE ROSE | G20: P | H20: P | J20: P | K20: P | L20: P | M20: P | N20: P | O20: P | Q20: P | R20: P | S20: P | T20: P | U20: P | V20: P | X20: P | Y20: P | Z20: P | AA20: P | AB20: P | AK20: =COUNTIF(F20:AJ20,"P") -> 19 | AL20: =COUNTIF(F20:AJ20,"A") -> 0 | AM20: Detail | AN20: Boys | AO20: Girls | AP20: Total
A21: 17 | C21: Hooriya | D21: Sajid Jamali | E21: ECE ROSE | G21: P | H21: P | J21: P | K21: P | L21: P | M21: P | N21: P | O21: P | Q21: P | R21: P | S21: P | T21: P | U21: P | V21: P | X21: P | Y21: P | Z21: P | AA21: P | AB21: P | AK21: =COUNTIF(F21:AJ21,"P") -> 19 | AL21: =COUNTIF(F21:AJ21,"A") -> 0 | AM21: Due Present days | AN21: =29*$AN$5 -> 754 | AO21: =25*$AN$5 -> 650 | AP21: =AN21+AO21 -> 1404
A22: 18 | C22: Arwa Fatima | D22: Muhammad Bilawal | E22: ECE ROSE | G22: P | H22: P | J22: P | K22: P | L22: P | M22: P | N22: P | O22: P | Q22: P | R22: P | S22: P | T22: P | U22: P | V22: P | X22: P | Y22: P | Z22: P | AA22: P | AB22: P | AK22: =COUNTIF(F22:AJ22,"P") -> 19 | AL22: =COUNTIF(F22:AJ22,"A") -> 0 | AM22: Absent days | AN22: =AN21-AN14 -> 711 | AO22: =AO21-AO14 -> 246 | AP22: =AN22+AO22 -> 957
A23: 19 | C23: Muhammad Siddiq | D23: Ghulam Nabi | E23: ECE ROSE | G23: A | H23: A | J23: A | K23: P | L23: P | M23: P | N23: P | O23: P | Q23: P | R23: P | S23: P | T23: P | U23: P | V23: P | X23: P | Y23: P | Z23: P | AA23: P | AB23: P | AK23: =COUNTIF(F23:AJ23,"P") -> 16 | AL23: =COUNTIF(F23:AJ23,"A") -> 3 | AM23: % | AN23: =AN22/AN21 -> 0.94297082 | AO23: =AO22/AO21 -> 0.37846154 | AP23: =AP22/AP21 -> 0.68162393
A24: 20 | C24: Waseem | D24: Abdul Sattar | E24: ECE ROSE | G24: P | H24: P | J24: P | K24: P | L24: P | M24: P | N24: P | O24: P | Q24: P | R24: P | S24: P | T24: P | U24: P | V24: P | X24: P | Y24: P | Z24: P | AA24: P | AB24: P | AK24: =COUNTIF(F24:AJ24,"P") -> 19 | AL24: =COUNTIF(F24:AJ24,"A") -> 0
A25: 21 | C25: Ariyan | D25: Aman Badshah | E25: ECE ROSE | G25: P | H25: P | J25: A | K25: P | L25: P | M25: P | N25: P | O25: P | Q25: P | R25: P | S25: P | T25: P | U25: P | V25: P | X25: P | Y25: P | Z25: P | AA25: P | AB25: P | AK25: =COUNTIF(F25:AJ25,"P") -> 18 | AL25: =COUNTIF(F25:AJ25,"A") -> 1
A26: 22 | C26: Inaya Fatima | D26: Ijaz Ahmed | E26: ECE ROSE | G26: A | H26: A | J26: P | K26: P | L26: P | M26: P | N26: P | O26: P | Q26: P | R26: P | S26: P | T26: P | U26: P | V26: P | X26: P | Y26: P | Z26: P | AA26: P | AB26: P | AK26: =COUNTIF(F26:AJ26,"P") -> 17 | AL26: =COUNTIF(F26:AJ26,"A") -> 2
A27: 23 | C27: Aqib | E27: ECE ROSE | G27: A | H27: A | J27: A | K27: P | L27: P | M27: A | N27: A | O27: A | Q27: P | R27: P | S27: P | T27: P | U27: P | V27: P | X27: P | Y27: P | Z27: P | AA27: P | AB27: P | AK27: =COUNTIF(F27:AJ27,"P") -> 13 | AL27: =COUNTIF(F27:AJ27,"A") -> 6
A28: 24 | C28: Ariyan | D28: Ismail | E28: ECE ROSE | G28: P | H28: P | J28: P | K28: P | L28: P | M28: P | N28: A | O28: A | Q28: P | R28: P | S28: P | T28: P | U28: A | V28: A | X28: L | Y28: L | Z28: L | AA28: L | AB28: L | AK28: =COUNTIF(F28:AJ28,"P") -> 10 | AL28: =COUNTIF(F28:AJ28,"A") -> 4
A29: 25 | C29: Zainab Haneef | D29: Haneef Qadir | E29: ECE ROSE | G29: A | H29: A | J29: A | K29: A | L29: P | M29: P | N29: P | O29: P | Q29: P | R29: P | S29: P | T29: P | U29: P | V29: P | X29: P | Y29: P | Z29: P | AA29: P | AB29: P | AK29: =COUNTIF(F29:AJ29,"P") -> 15 | AL29: =COUNTIF(F29:AJ29,"A") -> 4
A30: 26 | C30: Zainab | D30: Muhammad Ameen | E30: ECE ROSE | G30: P | H30: P | J30: A | K30: A | L30: A | M30: P | N30: P | O30: P | Q30: P | R30: P | S30: A | T30: L | U30: A | V30: A | X30: P | Y30: P | Z30: P | AA30: P | AB30: A | AK30: =COUNTIF(F30:AJ30,"P") -> 11 | AL30: =COUNTIF(F30:AJ30,"A") -> 7
A31: 27 | C31: Zara Fatima | E31: ECE ROSE | G31: A | H31: A | J31: P | K31: P | L31: P | M31: P | N31: P | O31: P | Q31: P | R31: P | S31: P | T31: P | U31: P | V31: P | X31: P | Y31: P | Z31: P | AA31: P | AB31: P | AK31: =COUNTIF(F31:AJ31,"P") -> 17 | AL31: =COUNTIF(F31:AJ31,"A") -> 2

Sheet ECE (Daffodils)
A1: Goverment high school (SJCHS)
A2: Monthly Attendence Month of MAY-2025
A3: S.No | B3: GR | C3: Student Name | D3: Father Name | E3: Class | F3: =TEXT(F4,"ddd") -> Thu | G3: =TEXT(G4,"ddd") -> Fri | H3: =TEXT(H4,"ddd") -> Sat | I3: =TEXT(I4,"ddd") -> Sun | J3: =TEXT(J4,"ddd") -> Mon | K3: =TEXT(K4,"ddd") -> Tue | L3: =TEXT(L4,"ddd") -> Wed | M3: =TEXT(M4,"ddd") -> Thu | ... AJ3: =TEXT(AJ4,"ddd") -> Sat | AK3: Present | AL3: Absent | AM3: Year 2024
F4: 45778 | G4: 45779 | H4: 45780 | I4: 45781 | J4: 45782 | K4: 45783 | L4: 45784 | M4: 45785 | N4: 45786 | O4: 45787 | P4: 45788 | Q4: 45789 | R4: 45790 | S4: 45791 | T4: 45792 | U4: 45793 | V4: 45794 | W4: 45795 | X4: 45796 | Y4: 45797 | Z4: 45798 | AA4: 45799 | AB4: 45800 | AC4: 45801 | AD4: 45802 | AE4: 45803 | AF4: 45804 | AG4: 45805 | AH4: 45806 | AI4: 45807 | AJ4: 45808 | AM4: Total days | AN4: =SUM(AN5:AN8) -> 30
A5: 1 | B5: 112 | C5: Eman | D5: Shahnawaz Khan | E5: ECE | F5: LABOUR DAY LABOUR DAY LABOUR DAY | G5: A | H5: A | I5: SUNDAY - SUNDAY - SUNDAY - SUNDAY - SUNDAY - SUNDAY | J5: A | K5: A | L5: A | M5: A | N5: A | O5: A | P5: SUNDAY - SUNDAY - SUNDAY - SUNDAY - SUNDAY - SUNDAY | Q5: A | R5: A | S5: A | T5: A | U5: A | V5: A | W5: SUNDAY - SUNDAY - SUNDAY - SUNDAY - SUNDAY - SUNDAY | X5: A | Y5: A | Z5: A | AA5: A | AB5: A | AD5: SUNDAY - SUNDAY - SUNDAY - SUNDAY - SUNDAY - SUNDAY | AK5: =COUNTIF(F5:AJ5,"P") -> 0 | AL5: =COUNTIF(F5:AJ5,"A") -> 19 | AM5: Working days | AN5: 26
A6: 2 | B6: 135 | C6: Masooma | D6: Faiq Ali | E6: ECE | G6: A | H6: P | J6: P | K6: A | L6: P | M6: A | N6: P | O6: A | Q6: P | R6: P | S6: A | T6: P | U6: P | V6: P | X6: P | Y6: A | Z6: A | AA6: P | AB6: P | AK6: =COUNTIF(F6:AJ6,"P") -> 12 | AL6: =COUNTIF(F6:AJ6,"A") -> 7 | AM6: Sunday | AN6: 4
A7: 3 | B7: 137 | C7: Hafsa Batool | D7: Gul Mohammad Chandio | E7: ECE | G7: A | H7: P | J7: P | K7: P | L7: P | M7: P | N7: P | O7: A | Q7: A | R7: P | S7: P | T7: P | U7: P | V7: P | X7: P | Y7: P | Z7: A | AA7: P | AB7: P | AK7: =COUNTIF(F7:AJ7,"P") -> 15 | AL7: =COUNTIF(F7:AJ7,"A") -> 4
A8: 4 | B8: 173 | C8: Hoor Fatima | D8: Shahid Ali | E8: ECE | G8: P | H8: P | J8: P | K8: P | L8: P | M8: P | N8: P | O8: P | Q8: P | R8: P | S8: P | T8: P | U8: P | V8: P | X8: P | Y8: P | Z8: A | AA8: P | AB8: P | AK8: =COUNTIF(F8:AJ8,"P") -> 18 | AL8: =COUNTIF(F8:AJ8,"A") -> 1
A9: 5 | B9: 143 | C9: Kinza | D9: Aijaz Ali | E9: ECE | G9: P | H9: P | J9: P | K9: P | L9: P | M9: A | N9: P | O9: P | Q9: P | R9: P | S9: P | T9: P | U9: P | V9: P | X9: P | Y9: P | Z9: P | AA9: P | AB9: P | AK9: =COUNTIF(F9:AJ9,"P") -> 18 | AL9: =COUNTIF(F9:AJ9,"A") -> 1
A10: 6 | B10: 146 | C10: Fatima Ansari | D10: Ayaz Ali Ansari | E10: ECE | G10: A | H10: A | J10: A | K10: A | L10: A | M10: A | N10: A | O10: A | Q10: A | R10: A | S10: P | T10: P | U10: P | V10: A | X10: P | Y10: P | Z10: A | AA10: P | AB10: P | AK10: =COUNTIF(F10:AJ10,"P") -> 7 | AL10: =COUNTIF(F10:AJ10,"A") -> 12
A11: 7 | B11: 148 | C11: Zil-e-Huma | D11: Abdul Qayoom | E11: ECE | G11: A | H11: A | J11: A | K11: A | L11: A | M11: A | N11: A | O11: A | Q11: A | R11: P | S11: P | T11: A | U11: P | V11: P | X11: A | Y11: P | Z11: A | AA11: P | AB11: P | AK11: =COUNTIF(F11:AJ11,"P") -> 7 | AL11: =COUNTIF(F11:AJ11,"A") -> 12 | AM11: Present Days Detail
A12: 8 | B12: 150 | C12: Ayat Fatima | D12: Imran Hussain | E12: ECE | G12: P | H12: P | J12: P | K12: P | L12: P | M12: A | N12: P | O12: P | Q12: P | R12: P | S12: P | T12: P | U12: A | V12: P | X12: P | Y12: P | Z12: P | AA12: P | AB12: P | AK12: =COUNTIF(F12:AJ12,"P") -> 17 | AL12: =COUNTIF(F12:AJ12,"A") -> 2 | AM12: Detail | AN12: Boys | AO12: Girls | AP12: Total
A13: 9 | B13: 151 | C13: Aqsa | D13: Ahsan Ali | E13: ECE | G13: P | H13: P | J13: P | K13: P | L13: P | M13: P | N13: A | O13: P | Q13: P | R13: P | S13: P | T13: P | U13: P | V13: P | X13: P | Y13: P | Z13: P | AA13: P | AB13: P | AK13: =COUNTIF(F13:AJ13,"P") -> 18 | AL13: =COUNTIF(F13:AJ13,"A") -> 1 | AM13: Due Present days | AN13: =29*$AN$5 -> 754 | AO13: =25*$AN$5 -> 650 | AP13: =SUM(AN13:AO13) -> 1404
A14: 10 | B14: 160 | C14: Safa | D14: Dil Murad | E14: ECE | G14: A | H14: A | J14: P | K14: P | L14: P | M14: P | N14: P | O14: P | Q14: P | R14: A | S14: P | T14: P | U14: P | V14: P | X14: P | Y14: P | Z14: P | AA14: P | AB14: P | AK14: =COUNTIF(F14:AJ14,"P") -> 16 | AL14: =COUNTIF(F14:AJ14,"A") -> 3 | AM14: Actual present days | AN14: =SUM(AK29:AK57) -> 395 | AO14: =SUM(AK5:AK28) -> 242 | AP14: =AN14+AO14 -> 637
A15: 11 | B15: 161 | C15: Hifza | D15: Zakir Ali | E15: ECE | G15: A | H15: A | J15: P | K15: P | L15: A | M15: A | N15: P | O15: P | Q15: A | R15: P | S15: P | T15: P | U15: P | V15: P | X15: P | Y15: P | Z15: P | AA15: P | AB15: A | AK15: =COUNTIF(F15:AJ15,"P") -> 13 | AL15: =COUNTIF(F15:AJ15,"A") -> 6 | AM15: % | AN15: =AN14/AN13 -> 0.52387268 | AO15: =AO14/AO13 -> 0.37230769 | AP15: =AP14/AP13 -> 0.4537037
A16: 12 | B16: 162 | C16: Zameeran | D16: Babar Ali | E16: ECE | G16: A | H16: P | J16: P | K16: A | L16: P | M16: P | N16: P | O16: P | Q16: A | R16: P | S16: A | T16: A | U16: A | V16: A | X16: A | Y16: A | Z16: A | AA16: A | AB16: P | AK16: =COUNTIF(F16:AJ16,"P") -> 8 | AL16: =COUNTIF(F16:AJ16,"A") -> 11
A17: 13 | B17: 163 | C17: Parwisha | D17: Sarfaraz Ahmed | E17: ECE | G17: P | H17: P | J17: P | K17: P | L17: P | M17: P | N17: P | O17: A | Q17: P | R17: P | S17: P | T17: P | U17: P | V17: P | X17: P | Y17: P | Z17: P | AA17: P | AB17: P | AK17: =COUNTIF(F17:AJ17,"P") -> 18 | AL17: =COUNTIF(F17:AJ17,"A") -> 1
A18: 14 | B18: 166 | C18: Aiza | D18: Irshad-Ul-Haq | E18: ECE | G18: A | H18: A | J18: A | K18: A | L18: A | M18: A | N18: A | O18: A | Q18: A | R18: A | S18: A | T18: A | U18: A | V18: A | X18: A | Y18: A | Z18: A | AA18: A | AB18: A | AK18: =COUNTIF(F18:AJ18,"P") -> 0 | AL18: =COUNTIF(F18:AJ18,"A") -> 19
A19: 15 | B19: 168 | C19: Shazia | D19: Rashid Ali | E19: ECE | G19: P | H19: P | J19: P | K19: P | L19: A | M19: P | N19: P | O19: P | Q19: P | R19: P | S19: P | T19: P | U19: P | V19: P | X19: P | Y19: P | Z19: P | AA19: P | AB19: P | AK19: =COUNTIF(F19:AJ19,"P") -> 18 | AL19: =COUNTIF(F19:AJ19,"A") -> 1 | AM19: Absent Days Details
A20: 16 | B20: 170 | C20: Ume Farwa | D20: Meer Ameer-u-Din | E20: ECE | G20: A | H20: A | J20: P | K20: P | L20: A | M20: A | N20: P | O20: P | Q20: A | R20: A | S20: P | T20: A | U20: A | V20: A | X20: P | Y20: P | Z20: P | AA20: P | AB20: P | AK20: =COUNTIF(F20:AJ20,"P") -> 10 | AL20: =COUNTIF(F20:AJ20,"A") -> 9 | AM20: Detail | AN20: Boys | AO20: Girls | AP20: Total
A21: 17 | B21: 171 | C21: Ume Rubab | D21: Mohsin Ali | E21: ECE | G21: A | H21: P | J21: A | K21: A | L21: A | M21: A | N21: A | O21: A | Q21: A | R21: A | S21: A | T21: A | U21: A | V21: A | X21: A | Y21: A | Z21: A | AA21: A | AB21: A | AK21: =COUNTIF(F21:AJ21,"P") -> 1 | AL21: =COUNTIF(F21:AJ21,"A") -> 18 | AM21: Due Present days | AN21: =29*$AN$5 -> 754 | AO21: =25*$AN$5 -> 650 | AP21: =AN21+AO21 -> 1404
A22: 18 | B22: 172 | C22: Khatija | D22: M. Afzal | E22: ECE | G22: A | H22: A | J22: A | K22: A | L22: A | M22: A | N22: A | O22: A | Q22: A | R22: A | S22: A | T22: A | U22: A | V22: A | X22: A | Y22: A | Z22: A | AA22: A | AB22: A | AK22: =COUNTIF(F22:AJ22,"P") -> 0 | AL22: =COUNTIF(F22:AJ22,"A") -> 19 | AM22: Absent days | AN22: =AN21-AN14 -> 359 | AO22: =AO21-AO14 -> 408 | AP22: =AN22+AO22 -> 767
A23: 19 | B23: 180 | C23: Fiza | D23: Ahmed | E23: ECE | G23: A | H23: P | J23: P | K23: P | L23: P | M23: A | N23: P | O23: P | Q23: P | R23: P | S23: P | T23: A | U23: A | V23: A | X23: A | Y23: A | Z23: A | AA23: A | AB23: A | AK23: =COUNTIF(F23:AJ23,"P") -> 9 | AL23: =COUNTIF(F23:AJ23,"A") -> 10 | AM23: % | AN23: =AN22/AN21 -> 0.47612732 | AO23: =AO22/AO21 -> 0.62769231 | AP23: =AP22/AP21 -> 0.5462963
A24: 20 | B24: 181 | C24: Eshaal | D24: M. Fahad | E24: ECE | G24: A | H24: A | J24: A | K24: A | L24: A | M24: A | N24: A | O24: A | Q24: A | R24: A | S24: A | T24: A | U24: A | V24: A | X24: A | Y24: A | Z24: A | AA24: A | AB24: A | AK24: =COUNTIF(F24:AJ24,"P") -> 0 | AL24: =COUNTIF(F24:AJ24,"A") -> 19
A25: 21 | B25: 195 | C25: Rija Batool | D25: Ghulam Mehdi | E25: ECE | G25: A | H25: P | J25: A | K25: A | L25: A | M25: A | N25: A | O25: A | Q25: A | R25: A | S25: A | T25: A | U25: A | V25: A | X25: P | Y25: A | Z25: A | AA25: A | AB25: A | AK25: =COUNTIF(F25:AJ25,"P") -> 2 | AL25: =COUNTIF(F25:AJ25,"A") -> 17
A26: 22 | B26: 183 | C26: Mustirah | D26: Faisal | E26: ECE | G26: P | H26: P | J26: A | K26: A | L26: P | M26: P | N26: P | O26: A | Q26: P | R26: P | S26: P | T26: P | U26: A | V26: P | X26: P | Y26: P | Z26: P | AA26: P | AB26: A | AK26: =COUNTIF(F26:AJ26,"P") -> 14 | AL26: =COUNTIF(F26:AJ26,"A") -> 5
A27: 23 | B27: 170 | C27: Hoorain Noor | D27: Muhammad Akram | E27: ECE | G27: P | H27: P | J27: P | K27: P | L27: P | M27: P | N27: P | O27: P | Q27: P | R27: P | S27: P | T27: P | U27: P | V27: P | X27: P | Y27: P | Z27: P | AA27: P | AB27: P | AK27: =COUNTIF(F27:AJ27,"P") -> 19 | AL27: =COUNTIF(F27:AJ27,"A") -> 0
A28: 1 | B28: 189 | C28: Zakria | D28: Iqramudin | E28: ECE | G28: A | H28: A | J28: A | K28: A | L28: A | M28: A | N28: A | O28: A | Q28: A | R28: A | S28: A | T28: A | U28: A | V28: P | X28: A | Y28: P | Z28: A | AA28: A | AB28: A | AK28: =COUNTIF(F28:AJ28,"P") -> 2 | AL28: =COUNTIF(F28:AJ28,"A") -> 17
A29: 2 | B29: 99 | C29: Rehan Ali | D29: Abdul Rehman | E29: ECE | G29: P | H29: P | J29: P | K29: P | L29: P | M29: P | N29: P | O29: P | Q29: A | R29: A | S29: P | T29: P | U29: P | V29: P | X29: P | Y29: P | Z29: P | AA29: P | AB29: P | AK29: =COUNTIF(F29:AJ29,"P") -> 17 | AL29: =COUNTIF(F29:AJ29,"A") -> 2
A30: 3 | B30: 98 | C30: Dilkash | D30: Faraz Hussain | E30: ECE | G30: A | H30: A | J30: P | K30: P | L30: P | M30: P | N30: P | O30: A | Q30: P | R30: P | S30: P | T30: P | U30: P | V30: P | X30: P | Y30: P | Z30: A | AA30: P | AB30: P | AK30: =COUNTIF(F30:AJ30,"P") -> 15 | AL30: =COUNTIF(F30:AJ30,"A") -> 4
A31: 4 | B31: 136 | C31: Ali | D31: Saddam Hussain | E31: ECE | G31: A | H31: A | J31: P | K31: P | L31: P | M31: P | N31: P | O31: P | Q31: P | R31: P | S31: P | T31: P | U31: P | V31: P | X31: P | Y31: P | Z31: P | AA31: P | AB31: P | AK31: =COUNTIF(F31:AJ31,"P") -> 17 | AL31: =COUNTIF(F31:AJ31,"A") -> 2
A32: 5 | B32: 139 | C32: Mohammad Aliyan | D32: Shabir Ahmed Bhutto | E32: ECE | G32: A | H32: P | J32: A | K32: P | L32: A | M32: P | N32: P | O32: A | Q32: P | R32: P | S32: A | T32: P | U32: P | V32: P | X32: P | Y32: P | Z32: P | AA32: P | AB32: P | AK32: =COUNTIF(F32:AJ32,"P") -> 14 | AL32: =COUNTIF(F32:AJ32,"A") -> 5
A33: 6 | B33: 142 | C33: Muhammad Sahil | D33: Irshad Ali | E33: ECE | G33: P | H33: P | J33: P | K33: P | L33: P | M33: A | N33: P | O33: P | Q33: P | R33: P | S33: P | T33: P | U33: P | V33: P | X33: P | Y33: P | Z33: P | AA33: P | AB33: P | AK33: =COUNTIF(F33:AJ33,"P") -> 18 | AL33: =COUNTIF(F33:AJ33,"A") -> 1
A34: 7 | B34: 144 | C34: Zaryab Sultan | D34: Muhammad Zaman | E34: ECE | G34: P | H34: P | J34: P | K34: P | L34: P | M34: P | N34: P | O34: P | Q34: P | R34: P | S34: P | T34: P | U34: P | V34: P | X34: P | Y34: P | Z34: P | AA34: P | AB34: P | AK34: =COUNTIF(F34:AJ34,"P") -> 19 | AL34: =COUNTIF(F34:AJ34,"A") -> 0
A35: 8 | B35: 145 | C35: M. Ibrahim | D35: Fayaz Ali Ansari | E35: ECE | G35: A | H35: P | J35: A | K35: A | L35: A | M35: A | N35: A | O35: A | Q35: A | R35: A | S35: A | T35: A | U35: A | V35: A | X35: A | Y35: A | Z35: A | AA35: A | AB35: A | AK35: =COUNTIF(F35:AJ35,"P") -> 1 | AL35: =COUNTIF(F35:AJ35,"A") -> 18
... A47: 20 | B47: 197 | C47: M. Raheel | D47: masoor ali | E47: ECE | G47: P | H47: A | J47: P | K47: P | L47: P | M47: P | N47: P | O47: P | Q47: P | R47: P | S47: P | T47: P | U47: P | V47: P | X47: P | Y47: P | Z47: P | AA47: P | AB47: P | AK47: =COUNTIF(F47:AJ47,"P") -> 18 | AL47: =COUNTIF(F47:AJ47,"A") -> 1
A48: 21 | B48: 182 | C48: Amanullah | D48: Sajid Ahmed | E48: ECE | G48: A | H48: P | J48: P | K48: P | L48: P | M48: P | N48: A | O48: A | Q48: A | R48: P | S48: P | T48: A | U48: P | V48: A | X48: P | Y48: P | Z48: P | AA48: P | AB48: P | AK48: =COUNTIF(F48:AJ48,"P") -> 13 | AL48: =COUNTIF(F48:AJ48,"A") -> 6 | AM48: 6+
A49: 22 | B49: 186 | C49: Ahmed Ali | D49: Asghar Ali | E49: ECE | G49: P | H49: P | J49: P | K49: P | L49: P | M49: P | N49: P | O49: P | Q49: P | R49: A | S49: L | T49: L | U49: P | V49: P | X49: P | Y49: P | Z49: P | AA49: P | AB49: P | AK49: =COUNTIF(F49:AJ49,"P") -> 16 | AL49: =COUNTIF(F49:AJ49,"A") -> 1
A50: 23 | B50: 188 | C50: M. Qasim | D50: Abdul Hameed | E50: ECE | G50: A | H50: P | J50: P | K50: P | L50: P | M50: A | N50: P | O50: P | Q50: P | R50: P | S50: P | T50: P | U50: A | V50: P | X50: P | Y50: P | Z50: P | AA50: P | AB50: P | AK50: =COUNTIF(F50:AJ50,"P") -> 16 | AL50: =COUNTIF(F50:AJ50,"A") -> 3
A51: 24 | B51: 184 | C51: Saifullah | D51: Farooq Ali | E51: ECE | G51: A | H51: A | J51: A | K51: P | L51: P | M51: A | N51: P | O51: A | Q51: A | R51: P | S51: P | T51: P | U51: P | V51: P | X51: P | Y51: A | Z51: P | AA51: P | AB51: P | AK51: =COUNTIF(F51:AJ51,"P") -> 12 | AL51: =COUNTIF(F51:AJ51,"A") -> 7
A52: 25 | B52: 185 | C52: Ali Usman | D52: Ali | E52: ECE | G52: A | H52: A | J52: P | K52: P | L52: P | M52: P | N52: A | O52: A | Q52: A | R52: A | S52: P | T52: P | U52: P | V52: P | X52: P | Y52: P | Z52: P | AA52: P | AB52: P | AK52: =COUNTIF(F52:AJ52,"P") -> 13 | AL52: =COUNTIF(F52:AJ52,"A") -> 6
A53: 26 | B53: 186 | C53: Ali Sher | D53: Rajab Ali | E53: ECE | G53: P | H53: P | J53: P | K53: P | L53: P | M53: P | N53: P | O53: P | Q53: P | R53: P | S53: P | T53: P | U53: P | V53: P | X53: P | Y53: P | Z53: P | AA53: P | AB53: P | AK53: =COUNTIF(F53:AJ53,"P") -> 19 | AL53: =COUNTIF(F53:AJ53,"A") -> 0
A54: 27 | B54: 187 | C54: Abdullah | D54: Jameel Hussain | E54: ECE | G54: P | H54: P | J54: P | K54: P | L54: P | M54: P | N54: P | O54: A | Q54: P | R54: P | S54: P | T54: P | U54: P | V54: P | X54: P | Y54: L | Z54: L | AA54: P | AB54: P | AK54: =COUNTIF(F54:AJ54,"P") -> 16 | AL54: =COUNTIF(F54:AJ54,"A") -> 1
A55: 28 | B55: 188 | C55: Israr | D55: Zulfiqar Ali | E55: ECE | G55: P | H55: P | J55: P | K55: P | L55: P | M55: P | N55: P | O55: P | Q55: P | R55: P | S55: P | T55: P | U55: P | V55: P | X55: P | Y55: P | Z55: P | AA55: P | AB55: P | AK55: =COUNTIF(F55:AJ55,"P") -> 19 | AL55: =COUNTIF(F55:AJ55,"A") -> 0
A56: 29 | B56: 177 | C56: Abdul Hadi | D56: Muhammad Akram | E56: ECE | G56: P | H56: P | J56: P | K56: P | L56: P | M56: P | N56: P | O56: P | Q56: P | R56: P | S56: P | T56: P | U56: P | V56: P | X56: P | Y56: P | Z56: P | AA56: P | AB56: P | AK56: =COUNTIF(F56:AJ56,"P") -> 19 | AL56: =COUNTIF(F56:AJ56,"A") -> 0
A57: 30 | B57: 191 | C57: Shahbaz Ali | D57: Muhammad Ibrahim | E57: ECE | G57: A | H57: P | J57: A | K57: A | L57: A | M57: A | N57: A | O57: A | Q57: A | R57: A | S57: A | T57: A | U57: A | V57: A | X57: A | Y57: A | Z57: A | AA57: A | AB57: A | AK57: =COUNTIF(F57:AJ57,"P") -> 1 | AL57: =COUNTIF(F57:AJ57,"A") -> 18
A58: 31 | C58: Israr | D58: Jan Muhammad | E58: ECE | G58: P | H58: P | J58: P | K58: P | L58: P | M58: P | N58: P | O58: P | Q58: P | R58: P | S58: P | T58: P | U58: P | V58: P | X58: P | Y58: P | Z58: P | AA58: P | AB58: P | AK58: =COUNTIF(F58:AJ58,"P") -> 19 | AL58: =COUNTIF(F58:AJ58,"A") -> 0

Sheet Class-1
A1: Goverment high school (SJCHS)
A2: Monthly Attendence Month of MAY-2025
A3: S.No | B3: GR | C3: Student Name | D3: Father Name | E3: Class | F3: Thu | G3: Fri | H3: Sat | I3: Sun | J3: Mon | K3: Tue | L3: Wed | M3: Thu | N3: Fri | O3: Sat | P3: Sun | Q3: Mon | R3: Tue | S3: Wed | T3: Thu | U3: Fri | V3: Sat | W3: Sun | X3: Mon | Y3: Tue | Z3: Wed | AA3: Thu | AB3: Fri | AC3: Sat | AD3: Sun | AE3: Mon | AF3: Tue | AG3: Wed | AH3: Thu | AI3: Fri | AJ3: Sat | AK3: Present | AL3: Absent | AM3: Year 2024
F4: 45778 | G4: 45779 | H4: 45780 | I4: 45781 | J4: 45782 | K4: 45783 | L4: 45784 | M4: 45785 | N4: 45786 | O4: 45787 | P4: 45788 | Q4: 45789 | R4: 45790 | S4: 45791 | T4: 45792 | U4: 45793 | V4: 45794 | W4: 45795 | X4: 45796 | Y4: 45797 | Z4: 45798 | AA4: 45799 | AB4: 45800 | AC4: 45801 | AD4: 45802 | AE4: 45803 | AF4: 45804 | AG4: 45805 | AH4: 45806 | AI4: 45807 | AJ4: 45808 | AM4: Total days | AN4: =SUM(AN5:AN8) -> 30
A5: 1 | B5: 106 | C5: Alishba Batool | D5: Irfan Ali | E5: ONE | F5: LABOUR DAY LABOUR DAY LABOUR DAY | G5: P | H5: P | I5: Sunday Sunday Sunday Sunday | J5: P | K5: P | L5: P | M5: P | N5: P | O5: p | P5: Sunday Sunday Sunday Sunday | Q5: p | R5: P | S5: p | T5: p | U5: p | V5: A | W5: Sunday Sunday Sunday Sunday | X5: P | Y5: P | Z5: P | AA5: P | AD5: Sunday Sunday Sunday Sunday | AK5: =COUNTIF(F5:AI5,"P") -> 17 | AL5: =COUNTIF(F5:AI5,"A") -> 1 | AM5: Working days | AN5: 26
A6: 2 | B6: 75 | C6: Amna | D6: Imtiaz Hussain | E6: ONE | G6: P | H6: P | J6: P | K6: P | L6: P | M6: P | N6: P | O6: P | Q6: P | R6: P | S6: p | T6: A | U6: P | V6: P | X6: P | Y6: P | Z6: P | AA6: P | AK6: =COUNTIF(F6:AI6,"P") -> 17 | AL6: =COUNTIF(F6:AI6,"A") -> 1 | AM6: Sunday | AN6: 4
A7: 3 | B7: 109 | C7: Aniza Memon | D7: M. Qasim | E7: ONE | G7: P | H7: A | J7: P | K7: P | L7: A | M7: A | N7: A | O7: A | Q7: A | R7: P | S7: P | T7: A | U7: A | V7: A | X7: A | Y7: P | Z7: P | AA7: P | AK7: =COUNTIF(F7:AI7,"P") -> 8 | AL7: =COUNTIF(F7:AI7,"A") -> 10
A8: 4 | B8: 49 | C8: Areeba | D8: Altaf Hussain | E8: ONE | G8: A | H8: A | J8: P | K8: P | L8: A | M8: P | N8: P | O8: P | Q8: P | R8: P | S8: P | T8: P | U8: P | V8: P | X8: P | Y8: P | Z8: P | AA8: P | AK8: =COUNTIF(F8:AI8,"P") -> 15 | AL8: =COUNTIF(F8:AI8,"A") -> 3
A9: 5 | B9: 104 | C9: Batool | D9: Amjad Ali | E9: ONE | G9: A | H9: A | J9: A | K9: A | L9: A | M9: A | N9: A | O9: A | Q9: A | R9: A | S9: A | T9: A | U9: A | V9: A | X9: A | Y9: A | Z9: A | AA9: P | AK9: =COUNTIF(F9:AI9,"P") -> 1 | AL9: =COUNTIF(F9:AI9,"A") -> 17
A10: 6 | B10: 88 | C10: Dua | D10: Khalid Hussain | E10: ONE | G10: A | H10: P | J10: P | K10: P | L10: P | M10: P | N10: P | O10: P | Q10: P | R10: P | S10: P | T10: P | U10: P | V10: P | X10: P | Y10: P | Z10: A | AA10: P | AK10: =COUNTIF(F10:AI10,"P") -> 16 | AL10: =COUNTIF(F10:AI10,"A") -> 2
A11: 7 | B11: 59 | C11: Faiza | D11: Liaqat Ali | E11: ONE | G11: P | H11: P | J11: P | K11: P | L11: P | M11: P | N11: P | O11: P | Q11: P | R11: A | S11: P | T11: A | U11: P | V11: P | X11: P | Y11: P | Z11: P | AA11: P | AK11: =COUNTIF(F11:AI11,"P") -> 16 | AL11: =COUNTIF(F11:AI11,"A") -> 2 | AM11: Present Days Detail
A12: 8 | B12: 83 | C12: Fatima | D12: Aziz-ur-Rehman | E12: ONE | G12: P | H12: P | J12: P | K12: P | L12: P | M12: A | N12: P | O12: P | Q12: A | R12: P | S12: P | T12: P | U12: P | V12: P | X12: P | Y12: P | Z12: P | AA12: P | AK12: =COUNTIF(F12:AI12,"P") -> 16 | AL12: =COUNTIF(F12:AI12,"A") -> 2 | AM12: Detail | AN12: Boys | AO12: Girls | AP12: Total
A13: 9 | B13: 89 | C13: Hafsa | D13: Hafeezullah | E13: ONE | G13: P | H13: P | J13: P | K13: P | L13: P | M13: P | N13: P | O13: P | Q13: P | R13: P | S13: P | T13: P | U13: P | V13: P | X13: P | Y13: P | Z13: P | AA13: P | AK13: =COUNTIF(F13:AI13,"P") -> 18 | AL13: =COUNTIF(F13:AI13,"A") -> 0 | AM13: Due Present days | AN13: =32*$AN$5 -> 832 | AO13: =24*$AN$5 -> 624 | AP13: =SUM(AN13:AO13) -> 1456
A14: 10 | B14: 86 | C14: Insha Arzoo | D14: Meeral | E14: ONE | G14: A | H14: P | J14: P | K14: A | L14: P | M14: A | N14: A | O14: P | Q14: P | R14: P | S14: P | T14: P | U14: P | V14: P | X14: A | Y14: P | Z14: P | AA14: P | AK14: =COUNTIF(F14:AI14,"P") -> 13 | AL14: =COUNTIF(F14:AI14,"A") -> 5 | AM14: Actual present days | AN14: =SUM(AK31:AK61) -> 448 | AO14: =SUM(AK5:AK30) -> 296 | AP14: =AN14+AO14 -> 744
A15: 11 | B15: 105 | C15: Kauser Fatima | D15: Amir Jamil | E15: ONE | G15: P | H15: P | J15: P | K15: P | L15: P | M15: P | N15: P | O15: P | Q15: P | R15: P | S15: A | T15: P | U15: A | V15: P | X15: P | Y15: A | Z15: P | AA15: P | AK15: =COUNTIF(F15:AI15,"P") -> 15 | AL15: =COUNTIF(F15:AI15,"A") -> 3 | AM15: % | AN15: =AN14/AN13 -> 0.53846154 | AO15: =AO14/AO13 -> 0.47435897 | AP15: =AP14/AP13 -> 0.51098901
A16: 12 | B16: 84 | C16: Minha | D16: M. Luqman | E16: ONE | G16: p | H16: p | J16: p | K16: p | L16: P | M16: A | N16: A | O16: A | Q16: A | R16: P | S16: A | T16: A | U16: A | V16: P | X16: A | Y16: A | Z16: A | AA16: A | AK16: =COUNTIF(F16:AI16,"P") -> 7 | AL16: =COUNTIF(F16:AI16,"A") -> 11
A17: 13 | B17: 85 | C17: Misbah Bhutto | D17: M. Azeem | E17: ONE | G17: P | H17: P | J17: P | K17: P | L17: P | M17: P | N17: A | O17: P | Q17: P | R17: P | S17: P | T17: P | U17: P | V17: A | X17: A | Y17: P | Z17: P | AA17: P | AK17: =COUNTIF(F17:AI17,"P") -> 15 | AL17: =COUNTIF(F17:AI17,"A") -> 3
A18: 14 | B18: 102 | C18: Rimsha | D18: Meer Ameer-ud-Din | E18: ONE | G18: A | H18: A | J18: P | K18: P | L18: P | M18: A | N18: P | O18: A | Q18: P | R18: P | S18: A | T18: P | U18: A | V18: P | X18: A | Y18: P | Z18: A | AA18: P | AK18: =COUNTIF(F18:AI18,"P") -> 10 | AL18: =COUNTIF(F18:AI18,"A") -> 8
A19: 15 | B19: 87 | C19: Sidra Batool | D19: Muhammad Khan | E19: ONE | G19: P | H19: P | J19: P | K19: P | L19: P | M19: A | N19: P | O19: P | Q19: P | R19: P | S19: P | T19: P | U19: P | V19: P | X19: P | Y19: P | Z19: P | AA19: P | AK19: =COUNTIF(F19:AI19,"P") -> 17 | AL19: =COUNTIF(F19:AI19,"A") -> 1 | AM19: Absent Days Details
A20: 16 | B20: 71 | C20: Sidra | D20: Khalid Hussain | E20: ONE | G20: A | H20: P | J20: A | K20: A | L20: A | M20: P | N20: P | O20: P | Q20: P | R20: A | S20: A | T20: A | U20: P | V20: P | X20: P | Y20: P | Z20: A | AA20: P | AK20: =COUNTIF(F20:AI20,"P") -> 10 | AL20: =COUNTIF(F20:AI20,"A") -> 8 | AM20: Detail | AN20: Boys | AO20: Girls | AP20: Total
A21: 17 | B21: 81 | C21: Taniya Bibi | D21: Wazir Ali | E21: ONE | G21: P | H21: A | J21: A | K21: A | L21: A | M21: A | N21: A | O21: A | Q21: A | R21: A | S21: A | T21: A | U21: A | V21: A | X21: A | Y21: A | Z21: A | AA21: A | AK21: =COUNTIF(F21:AI21,"P") -> 1 | AL21: =COUNTIF(F21:AI21,"A") -> 17 | AM21: Due Present days | AN21: =32*$AN$5 -> 832 | AO21: =24*$AN$5 -> 624 | AP21: =AN21+AO21 -> 1456
A22: 18 | B22: 82 | C22: Tanzeela | D22: Hizbullah | E22: ONE | G22: A | H22: A | J22: A | K22: A | L22: P | M22: P | N22: P | O22: P | Q22: P | R22: P | S22: P | T22: P | U22: P | V22: P | X22: P | Y22: P | Z22: P | AA22: P | AK22: =COUNTIF(F22:AI22,"P") -> 14 | AL22: =COUNTIF(F22:AI22,"A") -> 4 | AM22: Absent days | AN22: =AN21-AN14 -> 384 | AO22: =AO21-AO14 -> 328 | AP22: =AN22+AO22 -> 712
A23: 19 | B23: 68 | C23: Tayaba Fatima | D23: Waseem Ahmed | E23: ONE | G23: A | H23: A | J23: P | K23: P | L23: P | M23: P | N23: P | O23: P | Q23: P | R23: A | S23: P | T23: P | U23: P | V23: A | X23: P | Y23: P | Z23: P | AA23: P | AK23: =COUNTIF(F23:AI23,"P") -> 14 | AL23: =COUNTIF(F23:AI23,"A") -> 4 | AM23: % | AN23: =AN22/AN21 -> 0.46153846 | AO23: =AO22/AO21 -> 0.52564103 | AP23: =AP22/AP21 -> 0.48901099
A24: 20 | B24: 69 | C24: Tooba Noor | D24: M. Shareef | E24: ONE | G24: A | H24: P | J24: P | K24: P | L24: P | M24: A | N24: P | O24: P | Q24: P | R24: P | S24: P | T24: P | U24: P | V24: P | X24: P | Y24: P | Z24: P | AA24: P | AK24: =COUNTIF(F24:AI24,"P") -> 16 | AL24: =COUNTIF(F24:AI24,"A") -> 2
A25: 21 | B25: 70 | C25: Umm-e-Kulsoom | D25: Shah Ali | E25: ONE | G25: P | H25: A | J25: P | K25: P | L25: P | M25: P | N25: P | O25: P | Q25: P | R25: P | S25: P | T25: A | U25: P | V25: P | X25: P | Y25: P | Z25: P | AA25: P | AK25: 14 | AL25: =COUNTIF(F25:AI25,"A") -> 2
A26: 22 | B26: 103 | C26: Zunaira | D26: Amjad Ali | E26: ONE | G26: A | H26: A | J26: A | K26: A | L26: A | M26: A | N26: A | O26: A | Q26: A | R26: A | S26: A | T26: A | U26: A | V26: A | X26: A | Y26: A | Z26: A | AA26: A | AK26: =COUNTIF(F26:AI26,"P") -> 0 | AL26: =COUNTIF(F26:AI26,"A") -> 18
A27: 23 | B27: 149 | C27: Sahib Khatoon | D27: A. Qayoom | E27: ONE | G27: A | H27: A | J27: A | K27: A | L27: A | M27: A | N27: A | O27: A | Q27: A | R27: P | S27: P | T27: A | U27: P | V27: P | X27: A | Y27: A | Z27: A | AA27: P | AK27: =COUNTIF(F27:AI27,"P") -> 5 | AL27: =COUNTIF(F27:AI27,"A") -> 13
A28: 24 | B28: 107 | C28: Mehrunisa | D28: Aijaz Ali | E28: ONE | G28: A | H28: A | J28: A | K28: A | L28: A | M28: A | N28: A | O28: A | Q28: A | R28: A | S28: A | T28: A | U28: A | V28: A | X28: A | Y28: A | Z28: A | AA28: A | AK28: =COUNTIF(F28:AI28,"P") -> 0 | AL28: =COUNTIF(F28:AI28,"A") -> 18
A29: 25 | C29: Anusha | E29: ONE | G29: p | H29: p | J29: A | K29: A | L29: A | M29: A | N29: P | O29: A | Q29: P | R29: A | S29: P | T29: P | U29: P | V29: P | X29: P | Y29: P | Z29: P | AA29: P | AK29: =COUNTIF(F29:AI29,"P") -> 12 | AL29: =COUNTIF(F29:AI29,"A") -> 6
A30: 26 | B30: 169 | C30: Parsa Batool | D30: Imran Ali | E30: ONE | G30: A | H30: P | J30: P | K30: P | L30: A | M30: A | N30: P | O30: P | Q30: P | R30: P | S30: A | T30: P | U30: A | V30: A | X30: P | Y30: A | Z30: A | AA30: A | AK30: =COUNTIF(F30:AI30,"P") -> 9 | AL30: =COUNTIF(F30:AI30,"A") -> 9
A31: 1 | B31: 61 | C31: Abrar | D31: Jan Muhammad | E31: ONE | G31: P | H31: P | J31: P | K31: P | L31: P | M31: P | N31: P | O31: P | Q31: P | R31: P | S31: P | T31: P | U31: P | V31: P | X31: P | Y31: P | Z31: P | AA31: P | AK31: =COUNTIF(F31:AI31,"P") -> 18 | AL31: =COUNTIF(F31:AI31,"A") -> 0
A32: 2 | B32: 79 | C32: Azan Shafeeque | D32: M. Shafeeque | E32: ONE | G32: P | H32: P | J32: P | K32: P | L32: P | M32: P | N32: P | O32: A | Q32: P | R32: P | S32: P | T32: P | U32: P | V32: P | X32: P | Y32: P | Z32: P | AA32: P | AK32: =COUNTIF(F32:AI32,"P") -> 17 | AL32: =COUNTIF(F32:AI32,"A") -> 1
A33: 3 | B33: 16 | C33: Azan Fayaz | D33: Fayaz Hussain | E33: ONE | G33: P | H33: P | J33: A | K33: P | L33: P | M33: P | N33: P | O33: P | Q33: P | R33: P | S33: P | T33: P | U33: P | V33: P | X33: P | Y33: P | Z33: P | AA33: P | AK33: =COUNTIF(F33:AI33,"P") -> 17 | AL33: =COUNTIF(F33:AI33,"A") -> 1
A34: 4 | B34: 78 | C34: Adil Ahmed | D34: Faiz Muhammad | E34: ONE | G34: P | H34: P | J34: P | K34: P | L34: P | M34: P | N34: P | O34: A | Q34: P | R34: P | S34: P | T34: P | U34: A | V34: A | X34: P | Y34: P | Z34: P | AA34: P | AK34: =COUNTIF(F34:AI34,"P") -> 15 | AL34: =COUNTIF(F34:AI34,"A") -> 3
A35: 5 | B35: 76 | C35: Ab. Qudoos | D35: Sikandar | E35: ONE | G35: P | H35: P | J35: P | K35: P | L35: P | M35: P | N35: P | O35: P | Q35: P | R35: P | S35: P | T35: P | U35: P | V35: P | X35: A | Y35: P | Z35: P | AA35: P | AK35: =COUNTIF(F35:AI35,"P") -> 17 | AL35: =COUNTIF(F35:AI35,"A") -> 1
A36: 6 | B36: 108 | C36: Arham | D36: Qasim Memon | E36: ONE | G36: P | H36: A | J36: P | K36: P | L36: A | M36: A | N36: P | O36: A | Q36: P | R36: A | S36: P | T36: A | U36: A | V36: A | X36: A | Y36: P | Z36: P | AA36: P | AK36: =COUNTIF(F36:AI36,"P") -> 9 | AL36: =COUNTIF(F36:AI36,"A") -> 9
A37: 7 | B37: 131 | C37: Amar Farooque | D37: M. Farooque | E37: ONE | G37: A | H37: A | J37: A | K37: A | L37: A | M37: A | N37: A | O37: A | Q37: A | R37: A | S37: A | T37: A | U37: A | V37: A | X37: A | Y37: A | Z37: A | AA37: A | AK37: =COUNTIF(F37:AI37,"P") -> 0 | AL37: =COUNTIF(F37:AI37,"A") -> 18
A38: 8 | B38: 101 | C38: Ashfaque | D38: M. Zubair | E38: ONE | G38: P | H38: P | J38: A | K38: P | L38: A | M38: P | N38: A | O38: A | Q38: P | R38: P | S38: P | T38: P | U38: P | V38: P | X38: P | Y38: P | Z38: P | AA38: P | AK38: =COUNTIF(F38:AI38,"P") -> 14 | AL38: =COUNTIF(F38:AI38,"A") -> 4
A39: 9 | B39: 100 | C39: Fahad | D39: M. Maroof | E39: ONE | G39: A | H39: P | J39: P | K39: P | L39: A | M39: P | N39: A | O39: P | Q39: A | R39: P | S39: P | T39: P | U39: P | V39: A | X39: P | Y39: P | Z39: P | AA39: P | AK39: =COUNTIF(F39:AI39,"P") -> 13 | AL39: =COUNTIF(F39:AI39,"A") -> 5
A40: 10 | B40: 90 | C40: Hussain | D40: Hafeezullah | E40: ONE | G40: P | H40: P | J40: P | K40: P | L40: P | M40: P | N40: P | O40: P | Q40: P | R40: P | S40: P | T40: P | U40: P | V40: P | X40: P | Y40: P | Z40: P | AA40: P | AK40: =COUNTIF(F40:AI40,"P") -> 18 | AL40: =COUNTIF(F40:AI40,"A") -> 0
A41: 11 | B41: 73 | C41: Hassan Naveed | D41: Naveed Siddique | E41: ONE | G41: A | H41: A | J41: P | K41: P | L41: A | M41: A | N41: P | O41: P | Q41: P | R41: P | S41: P | T41: P | U41: P | V41: P | X41: P | Y41: P | Z41: P | AA41: P | AK41: =COUNTIF(F41:AI41,"P") -> 14 | AL41: =COUNTIF(F41:AI41,"A") -> 4
... A61: 31 | B61: 97 | C61: Faheem | D61: M.Ibrahim | E61: ONE | G61: A | H61: A | J61: A | K61: A | L61: A | M61: A | N61: A | O61: A | Q61: P | R61: A | S61: P | T61: P | U61: P | V61: P | X61: P | Y61: P | Z61: P | AA61: P | AK61: =COUNTIF(F61:AI61,"P") -> 9 | AL61: =COUNTIF(F61:AI61,"A") -> 9
A62: 32 | C62: Rayaan | E62: ONE | G62: - | H62: - | Q62: p | R62: A | S62: A | T62: A | U62: P | V62: P | X62: P | Y62: P | Z62: P | AA62: P
A63: 33 | C63: Shahzeb | D63: Ameer Saddam | E63: ONE | G63: A | H63: A | J63: A | K63: A | L63: A | M63: A | N63: A | O63: A | Q63: P | R63: P | S63: P | T63: P | U63: P | X63: P | Y63: P | Z63: P | AA63: P | AK63: =COUNTIF(F63:AI63,"P") -> 9 | AL63: =COUNTIF(F63:AI63,"A") -> 8

Sheet Class-2
A1: Goverment high school (SJCHS)
A2: Monthly Attendence Month of MAY-2025
A3: S.No | B3: GR | C3: Student Name | D3: Father Name | E3: Class | F3: Thu | G3: Fri | H3: Sat | I3: Sun | J3: Mon | K3: Tue | L3: Wed | M3: Thu | N3: Fri | O3: Sat | P3: Sun | Q3: Mon | R3: Tue | S3: Wed | T3: Thu | U3: Fri | V3: Sat | W3: Sun | X3: Mon | Y3: Tue | Z3: Wed | AA3: Thu | AB3: Fri | AC3: Sat | AD3: Sun | AE3: Mon | AF3: Tue | AG3: Wed | AH3: Thu | AI3: Fri | AJ3: Sat | AK3: Present | AL3: Absent | AM3: Year 2024
F4: 01,MAY | G4: 45779 | H4: 45780 | I4: 45781 | J4: 45782 | K4: 45783 | L4: 45784 | M4: 45785 | N4: 45786 | O4: 45787 | P4: 45788 | Q4: 45789 | R4: 45790 | S4: 45791 | T4: 45792 | U4: 45793 | V4: 45794 | W4: 45795 | X4: 45796 | Y4: 45797 | Z4: 45798 | AA4: 45799 | AB4: 45800 | AC4: 45801 | AD4: 45802 | AE4: 45803 | AF4: 45804 | AG4: 45805 | AH4: 45806 | AI4: 45807 | AJ4: 45808 | AM4: Total days | AN4: =SUM(AN5:AN8) -> 30
A5: 1 | B5: 815 | C5: Anum | D5: M. Arif | E5: TWO | F5: LABOUR DAY LABOUR DAY LABOUR DAY | G5: p | H5: p | I5: Sunday Sunday Sunday sunday | J5: p | K5: p | L5: p | M5: p | N5: p | O5: p | P5: Sunday Sunday Sunday sunday | Q5: A | R5: P | S5: P | T5: P | U5: P | V5: P | W5: Sunday Sunday Sunday sunday | X5: L | Y5: L | Z5: P | AA5: P | AD5: Sunday Sunday Sunday sunday | AK5: =COUNTIF(F5:AI5,"P") -> 15 | AL5: =COUNTIF(F5:AI5,"A") -> 1 | AM5: Working days | AN5: 26
A6: 2 | B6: 819 | C6: Amna | D6: Saeed Ahmed | E6: TWO | G6: P | H6: P | J6: P | K6: A | L6: P | M6: P | N6: P | O6: P | Q6: P | R6: P | S6: P | T6: P | U6: P | V6: P | X6: P | Y6: P | Z6: P | AA6: P | AK6: =COUNTIF(F6:AI6,"P") -> 17 | AL6: =COUNTIF(F6:AI6,"A") -> 1 | AM6: Sunday | AN6: 4
A7: 3 | B7: 812 | C7: Adeeba | D7: Qurban Ali | E7: TWO | G7: P | H7: P | J7: P | K7: P | L7: P | M7: P | N7: A | O7: P | Q7: P | R7: P | S7: P | T7: P | U7: P | V7: A | X7: P | Y7: P | Z7: P | AA7: P | AK7: =COUNTIF(F7:AI7,"P") -> 16 | AL7: =COUNTIF(F7:AI7,"A") -> 2
A8: 4 | B8: 801 | C8: Emaan Noor | D8: Noor Mohammad | E8: TWO | G8: P | H8: P | J8: P | K8: P | L8: P | M8: P | N8: A | O8: P | Q8: P | R8: P | S8: P | T8: P | U8: A | V8: A | X8: P | Y8: P | Z8: P | AA8: P | AK8: =COUNTIF(F8:AI8,"P") -> 15 | AL8: =COUNTIF(F8:AI8,"A") -> 3
A9: 5 | B9: 828 | C9: Horain | D9: Saeed Ahmed | E9: TWO | G9: P | H9: P | J9: P | K9: A | L9: P | M9: P | N9: P | O9: A | Q9: P | R9: P | S9: A | T9: P | U9: A | V9: P | X9: P | Y9: A | Z9: P | AA9: P | AK9: =COUNTIF(F9:AI9,"P") -> 13 | AL9: =COUNTIF(F9:AI9,"A") -> 5
A10: 6 | B10: 829 | C10: Hannah | D10: Luqman Ali | E10: TWO | G10: P | H10: P | J10: P | K10: P | L10: A | M10: A | N10: A | O10: A | Q10: A | R10: P | S10: A | T10: A | U10: A | V10: A | X10: A | Y10: A | Z10: A | AA10: A | AK10: =COUNTIF(F10:AI10,"P") -> 5 | AL10: =COUNTIF(F10:AI10,"A") -> 13
A11: 7 | B11: 817 | C11: Hareem Fatima | D11: Deedar Ali | E11: TWO | G11: P | H11: P | J11: P | K11: P | L11: P | M11: P | N11: P | O11: P | Q11: P | R11: P | S11: P | T11: P | U11: P | V11: P | X11: P | Y11: P | Z11: P | AA11: P | AK11: =COUNTIF(F11:AI11,"P") -> 18 | AL11: =COUNTIF(F11:AI11,"A") -> 0 | AM11: Detail | AN11: Boys | AO11: Girls | AP11: Total
A12: 8 | B12: 807 | C12: Maham Noor | D12: Zaheer Abbas | E12: TWO | G12: A | H12: A | J12: A | K12: A | L12: A | M12: A | N12: A | O12: A | Q12: A | R12: A | S12: P | T12: P | U12: P | V12: P | X12: P | Y12: P | Z12: P | AA12: P | AK12: =COUNTIF(F12:AI12,"P") -> 8 | AL12: =COUNTIF(F12:AI12,"A") -> 10 | AM12: Due Present days | AN12: =32*$AN$5 -> 832 | AO12: =24*$AN$5 -> 624 | AP12: =SUM(AN12:AO12) -> 1456
A13: 9 | B13: 827 | C13: Maria | D13: Mehboob Ali | E13: TWO | G13: P | H13: P | J13: P | K13: P | L13: P | M13: P | N13: P | O13: P | Q13: P | R13: P | S13: P | T13: P | U13: P | V13: P | X13: P | Y13: P | Z13: P | AA13: P | AK13: =COUNTIF(F13:AI13,"P") -> 18 | AL13: =COUNTIF(F13:AI13,"A") -> 0 | AM13: Actual present days | AN13: =SUM(AK25:AK54) -> 424 | AO13: =SUM(AK5:AK24) -> 281 | AP13: =AN13+AO13 -> 705
A14: 10 | B14: 802 | C14: Mehreen | D14: M. Maroof | E14: TWO | G14: A | H14: P | J14: P | K14: P | L14: P | M14: A | N14: P | O14: P | Q14: P | R14: P | S14: P | T14: P | U14: P | V14: P | X14: P | Y14: P | Z14: P | AA14: A | AK14: =COUNTIF(F14:AI14,"P") -> 15 | AL14: =COUNTIF(F14:AI14,"A") -> 3 | AM14: % | AN14: =AN13/AN12 -> 0.50961538 | AO14: =AO13/AO12 -> 0.45032051 | AP14: =AP13/AP12 -> 0.4842033
A15: 11 | C15: Mahira | D15: Arbab Ali | E15: TWO | G15: A | H15: P | J15: P | K15: A | L15: A | M15: P | N15: P | O15: A | Q15: P | R15: P | S15: P | T15: P | U15: P | V15: P | X15: A | Y15: P | Z15: A | AA15: P | AK15: =COUNTIF(F15:AI15,"P") -> 12 | AL15: =COUNTIF(F15:AI15,"A") -> 6
A16: 12 | B16: 836 | C16: Meerab | D16: Yasir Ahmed | E16: TWO | G16: P | H16: A | J16: P | K16: P | L16: P | M16: P | N16: P | O16: P | Q16: P | R16: P | S16: P | T16: P | U16: P | V16: P | X16: P | Y16: P | Z16: P | AA16: P | AK16: =COUNTIF(F16:AI16,"P") -> 17 | AL16: =COUNTIF(F16:AI16,"A") -> 1
A17: 13 | B17: 835 | C17: Qudsia Zehra | D17: Waheed Ali | E17: TWO | G17: A | H17: A | J17: A | K17: A | L17: A | M17: A | N17: A | O17: A | Q17: A | R17: A | S17: A | T17: A | U17: A | V17: A | X17: A | Y17: A | Z17: A | AA17: A | AK17: =COUNTIF(F17:AI17,"P") -> 0 | AL17: =COUNTIF(F17:AI17,"A") -> 18
A18: 14 | C18: Paras | D18: Sadam | E18: TWO | G18: P | H18: A | J18: P | K18: A | L18: P | M18: P | N18: P | O18: A | Q18: P | R18: P | S18: P | T18: P | U18: P | V18: A | X18: P | Y18: P | Z18: P | AA18: P | AK18: =COUNTIF(F18:AI18,"P") -> 14 | AL18: =COUNTIF(F18:AI18,"A") -> 4 | AM18: Absent Days Details
A19: 15 | B19: 892 | C19: Thamna Batool | D19: Shehzad | E19: TWO | G19: P | H19: P | J19: P | K19: P | L19: P | M19: P | N19: P | O19: P | Q19: P | R19: P | S19: P | T19: P | U19: A | V19: P | X19: P | Y19: P | Z19: P | AA19: P | AK19: =COUNTIF(F19:AI19,"P") -> 17 | AL19: =COUNTIF(F19:AI19,"A") -> 1 | AM19: Detail | AN19: Boys | AO19: Girls | AP19: Total
A20: 16 | B20: 838 | C20: Tamana Fatima | D20: Shehzad | E20: TWO | G20: P | H20: P | J20: P | K20: P | L20: P | M20: P | N20: P | O20: P | Q20: P | R20: P | S20: P | T20: P | U20: A | V20: P | X20: P | Y20: P | Z20: P | AA20: P | AK20: =COUNTIF(F20:AI20,"P") -> 17 | AL20: =COUNTIF(F20:AI20,"A") -> 1 | AM20: Due Present days | AN20: =32*$AN$5 -> 832 | AO20: =24*$AN$5 -> 624 | AP20: =AN20+AO20 -> 1456
A21: 17 | B21: 808 | C21: Haram | D21: Moien Khan | E21: TWO | G21: A | H21: A | J21: P | K21: P | L21: P | M21: P | N21: P | O21: P | Q21: P | R21: P | S21: P | T21: P | U21: A | V21: A | X21: P | Y21: P | Z21: A | AA21: A | AK21: =COUNTIF(F21:AI21,"P") -> 12 | AL21: =COUNTIF(F21:AI21,"A") -> 6 | AM21: Absent days | AN21: =AN20-AN13 -> 408 | AO21: =AO20-AO13 -> 343 | AP21: =AN21+AO21 -> 751
A22: 18 | B22: 823 | C22: Zaiba Bakhtawar | D22: Hameed | E22: TWO | G22: P | H22: P | J22: P | K22: P | L22: A | M22: P | N22: P | O22: P | Q22: P | R22: A | S22: P | T22: P | U22: P | V22: P | X22: P | Y22: P | Z22: P | AA22: P | AK22: =COUNTIF(F22:AI22,"P") -> 16 | AL22: =COUNTIF(F22:AI22,"A") -> 2
A23: 19 | B23: 793 | C23: Zainab | D23: A. Aziz | E23: TWO | G23: P | H23: P | J23: P | K23: P | L23: P | M23: P | N23: P | O23: P | Q23: P | R23: P | S23: P | T23: P | U23: P | V23: P | X23: P | Y23: P | Z23: P | AA23: P | AK23: =COUNTIF(F23:AI23,"P") -> 18 | AL23: =COUNTIF(F23:AI23,"A") -> 0
A24: 20 | B24: 811 | C24: Zainab | D24: Zulfiqar | E24: TWO | G24: P | H24: P | J24: P | K24: P | L24: P | M24: P | N24: P | O24: P | Q24: P | R24: P | S24: P | T24: P | U24: P | V24: P | X24: P | Y24: P | Z24: P | AA24: P | AK24: =COUNTIF(F24:AI24,"P") -> 18 | AL24: =COUNTIF(F24:AI24,"A") -> 0
A25: 1 | B25: 824 | C25: Arsalan | D25: Zulfiqar | E25: TWO | G25: P | H25: A | J25: P | K25: P | L25: P | M25: P | N25: P | O25: P | Q25: P | R25: P | S25: P | T25: P | U25: P | V25: P | X25: P | Y25: P | Z25: P | AA25: P | AK25: =COUNTIF(F25:AI25,"P") -> 17 | AL25: =COUNTIF(F25:AI25,"A") -> 1
A26: 2 | B26: 791 | C26: Arsalan | D26: Faheem | E26: TWO | G26: A | H26: A | J26: P | K26: P | L26: P | M26: A | N26: P | O26: P | Q26: P | R26: P | S26: P | T26: P | U26: A | V26: A | X26: P | Y26: P | Z26: P | AA26: P | AK26: =COUNTIF(F26:AI26,"P") -> 13 | AL26: =COUNTIF(F26:AI26,"A") -> 5
A27: 3 | B27: 809 | C27: Ahmed Nawaz | D27: Ali Nawaz | E27: TWO | G27: P | H27: P | J27: P | K27: P | L27: P | M27: P | N27: P | O27: P | Q27: A | R27: P | S27: P | T27: P | U27: P | V27: P | X27: P | Y27: P | Z27: P | AA27: P | AK27: =COUNTIF(F27:AI27,"P") -> 17 | AL27: =COUNTIF(F27:AI27,"A") -> 1
A28: 4 | B28: 837 | C28: A. Malik | D28: Sohail | E28: TWO | G28: P | H28: A | J28: P | K28: A | L28: A | M28: A | N28: P | O28: A | Q28: A | R28: P | S28: P | T28: P | U28: A | V28: P | X28: P | Y28: P | Z28: P | AA28: A | AK28: =COUNTIF(F28:AI28,"P") -> 10 | AL28: =COUNTIF(F28:AI28,"A") -> 8
A29: 5 | B29: 798 | C29: Abdullah | D29: Imtiaz | E29: TWO | G29: P | H29: P | J29: P | K29: P | L29: P | M29: P | N29: P | O29: P | Q29: P | R29: P | S29: P | T29: P | U29: A | V29: P | X29: P | Y29: P | Z29: P | AA29: P | AK29: =COUNTIF(F29:AI29,"P") -> 17 | AL29: =COUNTIF(F29:AI29,"A") -> 1
A30: 6 | B30: 816 | C30: Aqeel | D30: A. Ghaffar | E30: TWO | G30: P | H30: P | J30: A | K30: A | L30: A | M30: A | N30: A | O30: A | Q30: P | R30: P | S30: P | T30: P | U30: P | V30: P | X30: P | Y30: P | Z30: P | AA30: P | AK30: =COUNTIF(F30:AI30,"P") -> 12 | AL30: =COUNTIF(F30:AI30,"A") -> 6
A31: 7 | C31: A. Qadir | D31: A. Hammad | E31: TWO | G31: P | H31: P | J31: A | K31: A | L31: P | M31: A | N31: A | O31: A | Q31: A | R31: P | S31: A | T31: A | U31: A | V31: P | X31: P | Y31: P | Z31: A | AA31: A | AK31: =COUNTIF(F31:AI31,"P") -> 7 | AL31: =COUNTIF(F31:AI31,"A") -> 11
A32: 8 | B32: 795 | C32: Asghar Ali | D32: Akbar Ali | E32: TWO | G32: P | H32: A | J32: P | K32: P | L32: P | M32: P | N32: P | O32: P | Q32: P | R32: P | S32: P | T32: P | U32: P | V32: P | X32: P | Y32: P | Z32: P | AA32: P | AK32: =COUNTIF(F32:AI32,"P") -> 17 | AL32: =COUNTIF(F32:AI32,"A") -> 1
A33: 9 | B33: 821 | C33: Hasaan | D33: Manzoor | E33: TWO | G33: A | H33: A | J33: A | K33: A | L33: A | M33: A | N33: A | O33: A | Q33: P | R33: P | S33: P | T33: A | U33: P | V33: A | X33: A | Y33: A | Z33: P | AA33: P | AK33: =COUNTIF(F33:AI33,"P") -> 6 | AL33: =COUNTIF(F33:AI33,"A") -> 12
A34: 10 | B34: 776 | C34: Hammad | D34: Rehmatullah | E34: TWO | G34: P | H34: P | J34: P | K34: P | L34: P | M34: P | N34: P | O34: P | Q34: P | R34: P | S34: P | T34: P | U34: P | V34: P | X34: P | Y34: P | Z34: P | AA34: P | AK34: =COUNTIF(F34:AI34,"P") -> 18 | AL34: =COUNTIF(F34:AI34,"A") -> 0
A35: 11 | B35: 820 | C35: Hammad | D35: Shahid | E35: TWO | G35: P | H35: P | J35: P | K35: P | L35: P | M35: P | N35: P | O35: P | Q35: P | R35: P | S35: P | T35: P | U35: P | V35: P | X35: A | Y35: P | Z35: P | AA35: P | AK35: =COUNTIF(F35:AI35,"P") -> 17 | AL35: =COUNTIF(F35:AI35,"A") -> 1
A36: 12 | B36: 832 | C36: Hussain | D36: A. Bakar | E36: TWO | G36: P | H36: A | J36: P | K36: P | L36: P | M36: P | N36: P | O36: P | Q36: P | R36: P | S36: P | T36: P | U36: P | V36: P | X36: P | Y36: P | Z36: P | AA36: P | AK36: =COUNTIF(F36:AI36,"P") -> 17 | AL36: =COUNTIF(F36:AI36,"A") -> 1
A37: 13 | B37: 818 | C37: Haseeb | D37: Saeed | E37: TWO | G37: P | H37: A | J37: P | K37: A | L37: P | M37: P | N37: P | O37: P | Q37: P | R37: P | S37: P | T37: P | U37: P | V37: P | X37: P | Y37: P | Z37: P | AA37: P | AK37: =COUNTIF(F37:AI37,"P") -> 16 | AL37: =COUNTIF(F37:AI37,"A") -> 2
A38: 14 | C38: Ismail | D38: M. Raheem | E38: TWO | G38: A | H38: P | J38: A | K38: P | L38: P | M38: P | N38: A | O38: P | Q38: P | R38: P | S38: P | T38: P | U38: A | V38: P | X38: P | Y38: P | Z38: A | AA38: A | AK38: =COUNTIF(F38:AI38,"P") -> 12 | AL38: =COUNTIF(F38:AI38,"A") -> 6
A39: 15 | B39: 825 | C39: M. Salar | D39: Saeed Ahmed | E39: TWO | G39: P | H39: P | J39: P | K39: P | L39: P | M39: P | N39: P | O39: A | Q39: P | R39: P | S39: A | T39: P | U39: P | V39: P | X39: P | Y39: P | Z39: P | AA39: P | AK39: =COUNTIF(F39:AI39,"P") -> 16 | AL39: =COUNTIF(F39:AI39,"A") -> 2
A40: 16 | B40: 831 | C40: M. Umer | D40: A. Bakar | E40: TWO | G40: P | H40: A | J40: P | K40: P | L40: P | M40: P | N40: P | O40: P | Q40: P | R40: P | S40: A | T40: P | U40: P | V40: P | X40: P | Y40: P | Z40: P | AA40: P | AK40: =COUNTIF(F40:AI40,"P") -> 16 | AL40: =COUNTIF(F40:AI40,"A") -> 2
A41: 17 | B41: 833 | C41: M. Mashab | D41: Hafizullah | E41: TWO | G41: P | H41: P | J41: P | K41: P | L41: P | M41: P | N41: P | O41: P | Q41: P | R41: P | S41: P | T41: P | U41: P | V41: A | X41: P | Y41: P | Z41: P | AA41: P | AK41: =COUNTIF(F41:AI41,"P") -> 17 | AL41: =COUNTIF(F41:AI41,"A") -> 1
A42: 18 | B42: 830 | C42: M. Salman | D42: Waheed | E42: TWO | G42: P | H42: P | J42: P | K42: P | L42: P | M42: P | N42: P | O42: P | Q42: P | R42: P | S42: P | T42: P | U42: P | V42: P | X42: P | Y42: P | Z42: P | AA42: P | AK42: =COUNTIF(F42:AI42,"P") -> 18 | AL42: =COUNTIF(F42:AI42,"A") -> 0
A43: 19 | B43: 813 | C43: M. Mairaj | D43: Sajad | E43: TWO | G43: A | H43: A | J43: A | K43: A | L43: A | M43: A | N43: A | O43: A | Q43: A | R43: A | S43: A | T43: A | U43: A | V43: A | X43: A | Y43: A | Z43: A | AA43: A | AK43: =COUNTIF(F43:AI43,"P") -> 0 | AL43: =COUNTIF(F43:AI43,"A") -> 18
A44: 20 | C44: M. Talha | D44: Umair | E44: TWO | G44: P | H44: A | J44: P | K44: P | L44: P | M44: P | N44: P | O44: P | Q44: P | R44: P | S44: P | T44: P | U44: P | V44: P | X44: P | Y44: P | Z44: P | AA44: P | AK44: =COUNTIF(F44:AI44,"P") -> 17 | AL44: =COUNTIF(F44:AI44,"A") -> 1
A45: 21 | B45: 804 | C45: M. Mudasir | D45: Hisbullah | E45: TWO | G45: A | H45: A | J45: A | K45: A | L45: A | M45: P | N45: P | O45: P | Q45: P | R45: P | S45: P | T45: P | U45: P | V45: P | X45: P | Y45: P | Z45: P | AA45: P | AK45: =COUNTIF(F45:AI45,"P") -> 13 | AL45: =COUNTIF(F45:AI45,"A") -> 5
A46: 22 | B46: 794 | C46: M. Mubashir | D46: Meer Ameer | E46: TWO | G46: A | H46: A | J46: P | K46: P | L46: P | M46: P | N46: P | O46: P | Q46: P | R46: P | S46: A | T46: P | U46: A | V46: P | X46: A | Y46: P | Z46: A | AA46: P | AK46: =COUNTIF(F46:AI46,"P") -> 12 | AL46: =COUNTIF(F46:AI46,"A") -> 6
A47: 23 | B47: 826 | C47: Muzzamil | D47: Mehboob | E47: TWO | G47: P | H47: P | J47: P | K47: P | L47: P | M47: P | N47: P | O47: P | Q47: P | R47: P | S47: P | T47: P | U47: P | V47: P | X47: P | Y47: P | Z47: P | AA47: P | AK47: =COUNTIF(F47:AI47,"P") -> 18 | AL47: =COUNTIF(F47:AI47,"A") -> 0
A48: 24 | B48: 803 | C48: Muzammil | D48: Rana Bhutto | E48: TWO | G48: A | H48: P | J48: P | K48: A | L48: P | M48: P | N48: P | O48: P | Q48: P | R48: P | S48: P | T48: A | U48: P | V48: A | X48: L | Y48: P | Z48: P | AA48: A | AK48: =COUNTIF(F48:AI48,"P") -> 12 | AL48: =COUNTIF(F48:AI48,"A") -> 5
A49: 25 | B49: 810 | C49: M. Taha | D49: Maqsood Ahmed | E49: TWO | G49: A | H49: P | J49: P | K49: P | L49: A | M49: A | N49: P | O49: P | Q49: P | R49: P | S49: P | T49: P | U49: P | V49: P | X49: P | Y49: P | Z49: P | AA49: P | AK49: =COUNTIF(F49:AI49,"P") -> 15 | AL49: =COUNTIF(F49:AI49,"A") -> 3
A50: 26 | B50: 834 | C50: M. Azaan | D50: Akhtiar | E50: TWO | G50: P | H50: A | J50: P | K50: P | L50: A | M50: P | N50: P | O50: P | Q50: P | R50: P | S50: A | T50: P | U50: A | V50: P | X50: P | Y50: P | Z50: P | AA50: P | AK50: =COUNTIF(F50:AI50,"P") -> 14 | AL50: =COUNTIF(F50:AI50,"A") -> 4
A51: 27 | B51: 806 | C51: Tanzaib Ali | D51: Shahid Ali | E51: TWO | G51: P | H51: P | J51: P | K51: P | L51: P | M51: P | N51: P | O51: P | Q51: P | R51: P | S51: P | T51: P | U51: P | V51: P | X51: P | Y51: P | Z51: P | AA51: A | AK51: =COUNTIF(F51:AI51,"P") -> 17 | AL51: =COUNTIF(F51:AI51,"A") -> 1
A52: 28 | B52: 799 | C52: Umer | D52: Amaan | E52: TWO | G52: P | H52: A | J52: P | K52: P | L52: P | M52: P | N52: P | O52: P | Q52: P | R52: P | S52: P | T52: P | U52: P | V52: P | X52: P | Y52: P | Z52: P | AA52: P | AK52: =COUNTIF(F52:AI52,"P") -> 17 | AL52: =COUNTIF(F52:AI52,"A") -> 1
A53: 29 | B53: 805 | C53: Tameer hussain | D53: Hafeezullah | E53: TWO | G53: P | H53: P | J53: P | K53: P | L53: P | M53: P | N53: P | O53: P | Q53: P | R53: P | S53: P | T53: P | U53: P | V53: P | X53: L | Y53: L | Z53: L | AA53: L | AK53: =COUNTIF(F53:AI53,"P") -> 14 | AL53: =COUNTIF(F53:AI53,"A") -> 0
A54: 30 | C54: Zain Ali | D54: Altaf Hussian | E54: TWO | G54: A | H54: A | J54: P | K54: P | L54: A | M54: P | N54: P | O54: A | Q54: P | R54: P | S54: P | T54: P | U54: A | V54: A | X54: P | Y54: P | Z54: P | AA54: P | AK54: =COUNTIF(F54:AI54,"P") -> 12 | AL54: =COUNTIF(F54:AI54,"A") -> 6

Sheet Class-3
A1: Goverment High School (SJCHS)
A2: Monthly Attendence Month of MAY-2025
A3: S.No | B3: GR | C3: Student Name | D3: Father Name | E3: Class | F3: Thu | G3: Fri | H3: Sat | I3: Sun | J3: Mon | K3: Tue | L3: Wed | M3: Thu | N3: Fri | O3: Sat | P3: Sun | Q3: Mon | R3: Tue | S3: Wed | T3: Thu | U3: Fri | V3: Sat | W3: Sun | X3: Mon | Y3: Tue | Z3: Wed | AA3: Thu | AB3: Fri | AC3: Sat | AD3: Sun | AE3: Mon | AF3: Tue | AG3: Wed | AH3: Thu | AI3: Fri | AJ3: Sat | AK3: Present | AL3: Absent | AM3: Year 2024
F4: 01,MAY | G4: 45779 | H4: 45780 | I4: 45781 | J4: 45782 | K4: 45783 | L4: 45784 | M4: 45785 | N4: 45786 | O4: 45787 | P4: 45788 | Q4: 45789 | R4: 45790 | S4: 45791 | T4: 45792 | U4: 45793 | V4: 45794 | W4: 45795 | X4: 45796 | Y4: 45797 | Z4: 45798 | AA4: 45799 | AB4: 45800 | AC4: 45801 | AD4: 45802 | AE4: 45803 | AF4: 45804 | AG4: 45805 | AH4: 45806 | AI4: 45807 | AJ4: 45808 | AM4: Total days | AN4: =SUM(AN5:AN8) -> 30
A5: 1 | B5: 772 | C5: Abiha Zehra | D5: Ab. Mateen | E5: Three | F5: LABOUR DAY LABOUR DAY LABOUR DAY | G5: A | H5: A | I5: SUNDAY SUNDAY SUNDAY SUNDAY | J5: P | K5: P | L5: P | M5: P | N5: A | O5: A | P5: SUNDAY SUNDAY SUNDAY SUNDAY | Q5: P | R5: P | S5: P | T5: P | U5: P | V5: P | W5: SUNDAY SUNDAY SUNDAY SUNDAY | X5: P | Y5: P | Z5: P | AA5: P | AB5: P | AD5: SUNDAY SUNDAY SUNDAY SUNDAY | AK5: =COUNTIF(F5:AI5,"P") -> 15 | AL5: =COUNTIF(F5:AI5,"A") -> 4 | AM5: Working days | AN5: 26
A6: 2 | B6: 673 | C6: Aleena Zia | D6: Khuda Baksh | E6: Three | G6: P | H6: A | J6: P | K6: P | L6: P | M6: P | N6: P | O6: P | Q6: P | R6: P | S6: P | T6: P | U6: P | V6: P | X6: P | Y6: P | Z6: P | AA6: P | AB6: P | AK6: =COUNTIF(F6:AI6,"P") -> 18 | AL6: =COUNTIF(F6:AI6,"A") -> 1 | AM6: Sunday | AN6: 4
A7: 3 | B7: 6523 | C7: Anumta Jamali | D7: Zaheer Abbas | E7: Three | G7: P | H7: P | J7: P | K7: P | L7: P | M7: P | N7: P | O7: P | Q7: P | R7: P | S7: P | T7: P | U7: P | V7: P | X7: P | Y7: P | Z7: P | AA7: P | AB7: P | AK7: =COUNTIF(F7:AI7,"P") -> 19 | AL7: =COUNTIF(F7:AI7,"A") -> 0
A8: 4 | B8: 665 | C8: Ayat | D8: Faiq Ali | E8: Three | G8: P | H8: P | J8: P | K8: A | L8: P | M8: A | N8: P | O8: P | Q8: P | R8: P | S8: P | T8: P | U8: A | V8: P | X8: P | Y8: P | Z8: P | AA8: P | AB8: P | AK8: =COUNTIF(F8:AI8,"P") -> 16 | AL8: =COUNTIF(F8:AI8,"A") -> 3
A9: 5 | B9: 656 | C9: Ayesha | D9: Ali Muhammad | E9: Three | G9: A | H9: A | J9: A | K9: A | L9: A | M9: A | N9: A | O9: A | Q9: A | R9: A | S9: A | T9: A | U9: A | V9: A | X9: P | Y9: P | Z9: P | AA9: P | AB9: P | AK9: =COUNTIF(F9:AI9,"P") -> 5 | AL9: =COUNTIF(F9:AI9,"A") -> 14
A10: 6 | B10: 910 | C10: Ayesha | D10: Zulfiqar | E10: Three | G10: P | H10: P | J10: P | K10: P | L10: P | M10: P | N10: P | O10: P | Q10: A | R10: P | S10: P | T10: P | U10: P | V10: P | X10: P | Y10: P | Z10: P | AA10: P | AB10: P | AK10: =COUNTIF(F10:AI10,"P") -> 18 | AL10: =COUNTIF(F10:AI10,"A") -> 1
A11: 7 | B11: 679 | C11: Dua | D11: Akbar Ali | E11: Three | G11: P | H11: A | J11: P | K11: P | L11: P | M11: P | N11: P | O11: P | Q11: P | R11: A | S11: P | T11: P | U11: P | V11: P | X11: P | Y11: P | Z11: P | AA11: P | AB11: P | AK11: =COUNTIF(F11:AI11,"P") -> 17 | AL11: =COUNTIF(F11:AI11,"A") -> 2 | AM11: Present Days Detail
A12: 8 | B12: 675 | C12: Fiza | D12: Akbar Ali | E12: Three | G12: P | H12: P | J12: P | K12: P | L12: P | M12: P | N12: P | O12: P | Q12: P | R12: P | S12: P | T12: P | U12: P | V12: P | X12: P | Y12: P | Z12: P | AA12: P | AB12: P | AK12: =COUNTIF(F12:AI12,"P") -> 19 | AL12: =COUNTIF(F12:AI12,"A") -> 0 | AM12: Detail | AN12: Boys | AO12: Girls | AP12: Total
A13: 9 | B13: 774 | C13: Jannat Fatima | D13: Zulfiqar | E13: Three | G13: A | H13: A | J13: A | K13: A | L13: P | M13: P | N13: P | O13: P | Q13: P | R13: P | S13: P | T13: P | U13: P | V13: P | X13: A | Y13: P | Z13: P | AA13: P | AB13: A | AK13: =COUNTIF(F13:AI13,"P") -> 13 | AL13: =COUNTIF(F13:AI13,"A") -> 6 | AM13: Due Present days | AN13: =26*$AN$5 -> 676 | AO13: =26*$AN$5 -> 676 | AP13: =SUM(AN13:AO13) -> 1352
A14: 10 | B14: 655 | C14: Kashaf | D14: Abdul Rehman | E14: Three | G14: P | H14: P | J14: P | K14: P | L14: P | M14: P | N14: P | O14: P | Q14: P | R14: P | S14: P | T14: P | U14: P | V14: P | X14: P | Y14: P | Z14: P | AA14: P | AB14: P | AK14: =COUNTIF(F14:AI14,"P") -> 19 | AL14: =COUNTIF(F14:AI14,"A") -> 0 | AM14: Actual present days | AN14: =SUM(AK29:AK52) -> 350 | AO14: =SUM(AK5:AK28) -> 347 | AP14: =AN14+AO14 -> 697
A15: 11 | B15: 653 | C15: Kashish | D15: M. Noman | E15: Three | G15: A | H15: P | J15: P | K15: P | L15: P | M15: P | N15: P | O15: P | Q15: P | R15: P | S15: P | T15: P | U15: P | V15: P | X15: A | Y15: P | Z15: P | AA15: P | AB15: P | AK15: =COUNTIF(F15:AI15,"P") -> 17 | AL15: =COUNTIF(F15:AI15,"A") -> 2 | AM15: % | AN15: =AN14/AN13 -> 0.51775148 | AO15: =AO14/AO13 -> 0.51331361 | AP15: =AP14/AP13 -> 0.51553254
A16: 12 | B16: 657 | C16: Masooma | D16: M. Raheem | E16: Three | G16: A | H16: A | J16: A | K16: P | L16: A | M16: A | N16: A | O16: P | Q16: P | R16: A | S16: P | T16: P | U16: P | V16: P | X16: P | Y16: P | Z16: P | AA16: A | AB16: P | AK16: =COUNTIF(F16:AI16,"P") -> 11 | AL16: =COUNTIF(F16:AI16,"A") -> 8
A17: 13 | B17: 672 | C17: Muneeza | D17: Mir Amirudin | E17: Three | G17: A | H17: A | J17: A | K17: A | L17: P | M17: A | N17: P | O17: P | Q17: P | R17: P | S17: A | T17: P | U17: A | V17: P | X17: A | Y17: P | Z17: A | AA17: P | AB17: P | AK17: =COUNTIF(F17:AI17,"P") -> 10 | AL17: =COUNTIF(F17:AI17,"A") -> 9
A18: 14 | B18: 702 | C18: Nayyara | D18: Khalid Hussain | E18: Three | G18: A | H18: P | J18: P | K18: P | L18: P | M18: P | N18: P | O18: P | Q18: A | R18: A | S18: P | T18: P | U18: P | V18: P | X18: P | Y18: A | Z18: P | AA18: P | AB18: P | AK18: =COUNTIF(F18:AI18,"P") -> 15 | AL18: =COUNTIF(F18:AI18,"A") -> 4
A19: 15 | B19: 659 | C19: Rashida | D19: Sajjad Ahmed | E19: Three | G19: A | H19: A | J19: A | K19: A | L19: A | M19: A | N19: A | O19: A | Q19: A | R19: A | S19: A | T19: A | U19: A | V19: A | X19: A | Y19: A | Z19: A | AA19: A | AB19: A | AK19: =COUNTIF(F19:AI19,"P") -> 0 | AL19: =COUNTIF(F19:AI19,"A") -> 19 | AM19: Absent Days Details
A20: 16 | B20: 661 | C20: Rubab Zahra | D20: Abdul Aziz | E20: Three | G20: P | H20: P | J20: P | K20: P | L20: P | M20: P | N20: P | O20: P | Q20: P | R20: P | S20: P | T20: P | U20: P | V20: P | X20: P | Y20: P | Z20: P | AA20: P | AB20: P | AK20: =COUNTIF(F20:AI20,"P") -> 19 | AL20: =COUNTIF(F20:AI20,"A") -> 0 | AM20: Detail | AN20: Boys | AO20: Girls | AP20: Total
A21: 17 | B21: 522 | C21: Soha Jamali | D21: Sajid Ali | E21: Three | G21: P | H21: P | J21: P | K21: P | L21: P | M21: P | N21: P | O21: P | Q21: P | R21: P | S21: P | T21: P | U21: A | V21: P | X21: P | Y21: P | Z21: P | AA21: P | AB21: P | AK21: =COUNTIF(F21:AI21,"P") -> 18 | AL21: =COUNTIF(F21:AI21,"A") -> 1 | AM21: Due Present days | AN21: =26*$AN$5 -> 676 | AO21: =26*$AN$5 -> 676 | AP21: =AN21+AO21 -> 1352
A22: 18 | B22: 654 | C22: Sehar Fatima | D22: Altaf Hussain | E22: Three | G22: P | H22: P | J22: P | K22: P | L22: P | M22: P | N22: P | O22: P | Q22: P | R22: P | S22: P | T22: P | U22: P | V22: P | X22: P | Y22: P | Z22: P | AA22: P | AB22: P | AK22: =COUNTIF(F22:AI22,"P") -> 19 | AL22: =COUNTIF(F22:AI22,"A") -> 0 | AM22: Absent days | AN22: =AN21-AN14 -> 326 | AO22: =AO21-AO14 -> 329 | AP22: =AN22+AO22 -> 655
A23: 19 | B23: 660 | C23: Saba | D23: Asif | E23: Three | G23: P | H23: P | J23: P | K23: P | L23: P | M23: P | N23: P | O23: P | Q23: P | R23: P | S23: P | T23: P | U23: P | V23: P | X23: P | Y23: P | Z23: P | AA23: P | AB23: P | AK23: =COUNTIF(F23:AI23,"P") -> 19 | AL23: =COUNTIF(F23:AI23,"A") -> 0 | AM23: % | AN23: =AN22/AN21 -> 0.48224852 | AO23: =AO22/AO21 -> 0.48668639 | AP23: =AP22/AP21 -> 0.48446746
A24: 20 | B24: 841 | C24: Sehrish | D24: Fida Hussain | E24: Three | G24: P | H24: P | J24: P | K24: P | L24: P | M24: P | N24: P | O24: P | Q24: P | R24: P | S24: P | T24: P | U24: P | V24: P | X24: P | Y24: P | Z24: P | AA24: P | AB24: P | AK24: =COUNTIF(F24:AI24,"P") -> 19 | AL24: =COUNTIF(F24:AI24,"A") -> 0
A25: 21 | B25: 676 | C25: Tahreem Fatima | D25: Khalid Hussain | E25: Three | G25: A | H25: P | J25: P | K25: P | L25: P | M25: P | N25: P | O25: P | Q25: P | R25: P | S25: P | T25: A | U25: P | V25: P | X25: P | Y25: P | Z25: A | AA25: P | AB25: P | AK25: =COUNTIF(F25:AI25,"P") -> 16 | AL25: =COUNTIF(F25:AI25,"A") -> 3
A26: 22 | B26: 658 | C26: Taskeen | D26: Amjad Ali | E26: Three | G26: A | H26: A | J26: A | K26: A | L26: A | M26: A | N26: A | O26: A | Q26: A | R26: A | S26: A | T26: A | U26: A | V26: A | X26: A | Y26: A | Z26: A | AA26: A | AB26: P | AK26: =COUNTIF(F26:AI26,"P") -> 1 | AL26: =COUNTIF(F26:AI26,"A") -> 18
A27: 23 | C27: Muntasha Almas | E27: Three | G27: - | H27: - | J27: - | K27: - | L27: - | M27: - | N27: - | O27: - | Q27: - | R27: - | S27: - | T27: - | U27: - | V27: p | X27: p | Y27: p | Z27: p | AA27: p | AB27: P | AK27: =COUNTIF(F27:AI27,"P") -> 6 | AL27: =COUNTIF(F27:AI27,"A") -> 0
A28: 24 | B28: 785 | C28: Zainab | D28: Sikandar | E28: Three | G28: P | H28: P | J28: P | K28: P | L28: P | M28: P | N28: P | O28: P | Q28: P | R28: P | S28: P | T28: P | U28: P | V28: P | X28: A | Y28: P | Z28: P | AA28: P | AB28: P | AK28: =COUNTIF(F28:AI28,"P") -> 18 | AL28: =COUNTIF(F28:AI28,"A") -> 1
A29: 1 | B29: 700 | C29: Abdul Rehman | D29: Sajid Ali | E29: Three | G29: A | H29: P | J29: P | K29: P | L29: P | M29: P | N29: P | O29: A | Q29: A | R29: P | S29: A | T29: P | U29: A | V29: P | X29: P | Y29: P | Z29: P | AA29: P | AK29: =COUNTIF(F29:AI29,"P") -> 13 | AL29: =COUNTIF(F29:AI29,"A") -> 5
A30: 2 | B30: 680 | C30: Abdul Wahab | D30: Abdul Hafeez | E30: Three | G30: A | H30: P | J30: P | K30: A | L30: P | M30: P | N30: P | O30: P | Q30: P | R30: P | S30: P | T30: P | U30: P | V30: P | X30: P | Y30: P | Z30: P | AA30: P | AK30: =COUNTIF(F30:AI30,"P") -> 16 | AL30: =COUNTIF(F30:AI30,"A") -> 2
A31: 3 | B31: 650 | C31: Abdullah | D31: Riazuddin | E31: Three | G31: P | H31: P | J31: P | K31: P | L31: P | M31: P | N31: P | O31: P | Q31: P | R31: P | S31: P | T31: P | U31: P | V31: P | X31: P | Y31: P | Z31: P | AA31: P | AK31: =COUNTIF(F31:AI31,"P") -> 18 | AL31: =COUNTIF(F31:AI31,"A") -> 0
A32: 4 | B32: 911 | C32: Burair Abbas | D32: Azhar Abbas | E32: Three | G32: A | H32: P | J32: P | K32: P | L32: A | M32: P | N32: A | O32: P | Q32: P | R32: P | S32: P | T32: P | U32: P | V32: P | X32: P | Y32: P | Z32: P | AA32: P | AK32: =COUNTIF(F32:AI32,"P") -> 15 | AL32: =COUNTIF(F32:AI32,"A") -> 3
A33: 5 | B33: 683 | C33: Faizan | D33: Lutfullah | E33: Three | G33: P | H33: P | J33: A | K33: A | L33: A | M33: P | N33: P | O33: A | Q33: P | R33: P | S33: P | T33: P | U33: P | V33: A | X33: A | Y33: P | Z33: P | AA33: P | AK33: =COUNTIF(F33:AI33,"P") -> 12 | AL33: =COUNTIF(F33:AI33,"A") -> 6
A34: 6 | B34: 662 | C34: Fayaz | D34: Samano Khan | E34: Three | G34: P | H34: P | J34: P | K34: A | L34: P | M34: P | N34: A | O34: A | Q34: A | R34: P | S34: A | T34: P | U34: P | V34: A | X34: P | Y34: A | Z34: P | AA34: P | AK34: =COUNTIF(F34:AI34,"P") -> 11 | AL34: =COUNTIF(F34:AI34,"A") -> 7
A35: 7 | B35: 681 | C35: Ghulam Abbas | D35: Kamran Ali | E35: Three | G35: P | H35: A | J35: P | K35: P | L35: P | M35: A | N35: P | O35: P | Q35: A | R35: P | S35: A | T35: P | U35: P | V35: A | X35: P | Y35: P | Z35: P | AA35: P | AK35: =COUNTIF(F35:AI35,"P") -> 13 | AL35: =COUNTIF(F35:AI35,"A") -> 5
A36: 8 | B36: 664 | C36: Ghulam Mehdi | D36: Rizwan | E36: Three | G36: P | H36: P | J36: A | K36: P | L36: A | M36: P | N36: P | O36: P | Q36: P | R36: P | S36: P | T36: P | U36: P | V36: P | X36: P | Y36: P | Z36: P | AA36: P | AK36: =COUNTIF(F36:AI36,"P") -> 16 | AL36: =COUNTIF(F36:AI36,"A") -> 2
A37: 9 | B37: 663 | C37: Hammad Ali | D37: Sajjad Ali | E37: Three | G37: A | H37: A | J37: A | K37: A | L37: A | M37: A | N37: A | O37: A | Q37: A | R37: A | S37: A | T37: A | U37: A | V37: A | X37: A | Y37: A | Z37: P | AA37: P | AK37: =COUNTIF(F37:AI37,"P") -> 2 | AL37: =COUNTIF(F37:AI37,"A") -> 16
A38: 10 | B38: 771 | C38: Haris | D38: Akbar Ali | E38: Three | G38: P | H38: P | J38: P | K38: P | L38: P | M38: P | N38: P | O38: P | Q38: P | R38: A | S38: P | T38: P | U38: P | V38: P | X38: A | Y38: P | Z38: P | AA38: P | AK38: =COUNTIF(F38:AI38,"P") -> 16 | AL38: =COUNTIF(F38:AI38,"A") -> 2
A39: 11 | B39: 773 | C39: Hussain | D39: Zaheer Abbas | E39: Three | G39: P | H39: P | J39: P | K39: P | L39: P | M39: P | N39: P | O39: P | Q39: P | R39: P | S39: P | T39: P | U39: P | V39: P | X39: P | Y39: P | Z39: P | AA39: P | AK39: =COUNTIF(F39:AI39,"P") -> 18 | AL39: =COUNTIF(F39:AI39,"A") -> 0
A40: 12 | B40: 775 | C40: Mehar Ali | D40: Faiz Mohammad | E40: Three | G40: A | H40: P | J40: P | K40: P | L40: A | M40: P | N40: P | O40: P | Q40: A | R40: P | S40: P | T40: A | U40: A | V40: P | X40: P | Y40: A | Z40: P | AA40: P | AK40: =COUNTIF(F40:AI40,"P") -> 12 | AL40: =COUNTIF(F40:AI40,"A") -> 6
... A49: 21 | B49: 677 | C49: Samiullah | D49: Mohammad Shareef | E49: Three | G49: A | H49: P | J49: P | K49: P | L49: P | M49: A | N49: P | O49: P | Q49: P | R49: P | S49: P | T49: P | U49: A | V49: P | X49: P | Y49: P | Z49: P | AA49: P | AK49: =COUNTIF(F49:AI49,"P") -> 15 | AL49: =COUNTIF(F49:AI49,"A") -> 3
A50: 22 | C50: Umar | D50: Irfan Ali | E50: Three | G50: P | H50: P | J50: P | K50: P | L50: P | M50: P | N50: P | O50: P | Q50: P | R50: P | S50: P | T50: P | U50: A | V50: P | X50: P | Y50: P | Z50: P | AA50: P | AK50: =COUNTIF(F50:AI50,"P") -> 17 | AL50: =COUNTIF(F50:AI50,"A") -> 1
A51: 23 | C51: Ihram khan | E51: Three | G51: P | H51: P | J51: P | K51: P | L51: P | M51: A | N51: P | O51: P | Q51: P | R51: P | S51: P | T51: P | U51: P | V51: P | X51: P | Y51: P | Z51: P | AA51: P | AK51: =COUNTIF(F51:AI51,"P") -> 17 | AL51: =COUNTIF(F51:AI51,"A") -> 1
A52: 24 | B52: 783 | C52: Zain | D52: Zahid Ali | E52: Three | G52: P | H52: P | J52: P | K52: P | L52: P | M52: P | N52: P | O52: A | Q52: P | R52: A | S52: P | T52: P | U52: P | V52: A | X52: P | Y52: P | Z52: P | AA52: P | AK52: =COUNTIF(F52:AI52,"P") -> 15 | AL52: =COUNTIF(F52:AI52,"A") -> 3

Sheet Class-4
A1: Goverment high school (SJCHS)
A2: Monthly Attendence Month of MAY-2025
A3: S.No | B3: GR | C3: Student Name | D3: Father Name | E3: Class | F3: Thu | G3: Fri | H3: Sat | I3: Sun | J3: Mon | K3: Tue | L3: Wed | M3: Thu | N3: Fri | O3: Sat | P3: Sun | Q3: Mon | R3: Tue | S3: Wed | T3: Thu | U3: Fri | V3: Sat | W3: Sun | X3: Mon | Y3: Tue | Z3: Wed | AA3: Thu | AB3: Fri | AC3: Sat | AD3: Sun | AE3: Mon | AF3: Tue | AG3: Wed | AH3: Thu | AI3: Fri | AJ3: Sat | AK3: Present | AL3: Absent | AM3: Year 2024
F4: 01,MAY | G4: 45779 | H4: 45780 | I4: 45781 | J4: 45782 | K4: 45783 | L4: 45784 | M4: 45785 | N4: 45786 | O4: 45787 | P4: 45788 | Q4: 45789 | R4: 45790 | S4: 45791 | T4: 45792 | U4: 45793 | V4: 45794 | W4: 45795 | X4: 45796 | Y4: 45797 | Z4: 45798 | AA4: 45799 | AB4: 45800 | AC4: 45801 | AD4: 45802 | AE4: 45803 | AF4: 45804 | AG4: 45805 | AH4: 45806 | AI4: 45807 | AJ4: 45808 | AM4: Total days | AN4: =SUM(AN5:AN7) -> 26
A5: 1 | B5: 646 | C5: Abbas Ali | D5: Deedar Ali | E5: Four | F5: LABOUR DAY LABOUR DAY LABOUR DAY | G5: p | H5: P | I5: Sunday Sunday Sunday Sunday | J5: P | K5: P | L5: P | M5: P | N5: P | O5: P | P5: Sunday Sunday Sunday Sunday | Q5: P | R5: P | S5: P | T5: P | U5: P | V5: P | W5: Sunday Sunday Sunday Sunday | X5: P | Y5: P | Z5: P | AA5: P | AB5: P | AC5: P | AD5: Sunday Sunday Sunday Sunday | AE5: P | AF5: P | AK5: =COUNTIF(F5:AI5,"P") -> 22 | AL5: =COUNTIF(F5:AI5,"A") -> 0 | AM5: Working days | AN5: 26
A6: 2 | B6: 684 | C6: Abdul Rahim | D6: Abdul Hafeez | E6: Four | G6: A | H6: P | J6: P | K6: A | L6: P | M6: P | N6: P | O6: P | Q6: P | R6: P | S6: P | T6: P | U6: P | V6: P | X6: P | Y6: P | Z6: P | AA6: P | AB6: A | AC6: A | AE6: P | AF6: P | AK6: =COUNTIF(F6:AI6,"P") -> 18 | AL6: =COUNTIF(F6:AI6,"A") -> 4
A7: 3 | B7: 551 | C7: Abdullah | D7: Munawar Ali | E7: Four | G7: P | H7: P | J7: P | K7: P | L7: P | M7: P | N7: P | O7: P | Q7: P | R7: P | S7: P | T7: P | U7: P | V7: P | X7: P | Y7: P | Z7: P | AA7: P | AB7: P | AC7: P | AE7: P | AF7: P | AK7: =COUNTIF(F7:AI7,"P") -> 22 | AL7: =COUNTIF(F7:AI7,"A") -> 0
A8: 4 | B8: 490 | C8: Abdul Qudoos | D8: Waheed Ahmed | E8: Four | G8: P | H8: P | J8: P | K8: P | L8: P | M8: P | N8: P | O8: P | Q8: P | R8: P | S8: P | T8: P | U8: P | V8: P | X8: P | Y8: P | Z8: P | AA8: P | AB8: P | AC8: P | AE8: P | AF8: P | AK8: =COUNTIF(F8:AI8,"P") -> 22 | AL8: =COUNTIF(F8:AI8,"A") -> 0
A9: 5 | B9: 647 | C9: Ali Haider | D9: Akber Ali | E9: Four | G9: P | H9: P | J9: P | K9: P | L9: P | M9: P | N9: P | O9: P | Q9: P | R9: P | S9: P | T9: P | U9: P | V9: P | X9: P | Y9: P | Z9: P | AA9: P | AB9: P | AC9: P | AE9: P | AF9: A | AK9: =COUNTIF(F9:AI9,"P") -> 21 | AL9: =COUNTIF(F9:AI9,"A") -> 1
A10: 6 | B10: 908 | C10: Atteeque ur Rehman | D10: Raffique Ahmed | E10: Four | G10: P | H10: A | J10: P | K10: P | L10: P | M10: P | N10: A | O10: A | Q10: A | R10: A | S10: P | T10: P | U10: P | V10: P | X10: P | Y10: P | Z10: P | AA10: P | AB10: P | AC10: P | AE10: P | AF10: P | AK10: =COUNTIF(F10:AI10,"P") -> 17 | AL10: =COUNTIF(F10:AI10,"A") -> 5 | AM10: Present Days Detail
A11: 7 | B11: 585 | C11: Aqib Ali | D11: Abdul Ghaffar | E11: Four | G11: A | H11: A | J11: A | K11: P | L11: P | M11: P | N11: P | O11: P | Q11: P | R11: P | S11: P | T11: A | U11: P | V11: A | X11: P | Y11: P | Z11: P | AA11: P | AB11: A | AC11: P | AE11: P | AF11: P | AK11: =COUNTIF(F11:AI11,"P") -> 16 | AL11: =COUNTIF(F11:AI11,"A") -> 6 | AM11: Detail | AN11: Boys | AO11: Girls | AP11: Total
A12: 8 | B12: 555 | C12: Ayaz Ali | D12: Arbab Ali | E12: Four | G12: A | H12: P | J12: P | K12: A | L12: A | M12: P | N12: P | O12: A | Q12: P | R12: A | S12: P | T12: P | U12: A | V12: P | X12: P | Y12: A | Z12: P | AA12: P | AB12: P | AC12: A | AE12: A | AF12: P | AK12: =COUNTIF(F12:AI12,"P") -> 13 | AL12: =COUNTIF(F12:AI12,"A") -> 9 | AM12: Due Present days | AN12: =28*$AN$5 -> 728 | AO12: =24*$AN$5 -> 624 | AP12: =SUM(AN12:AO12) -> 1352
A13: 9 | B13: 691 | C13: Azan | D13: Nisar Ahmed | E13: Four | G13: A | H13: A | J13: P | K13: A | L13: P | M13: P | N13: P | O13: P | Q13: P | R13: A | S13: P | T13: P | U13: P | V13: A | X13: P | Y13: A | Z13: A | AA13: A | AB13: A | AC13: P | AE13: A | AF13: P | AK13: =COUNTIF(F13:AI13,"P") -> 12 | AL13: =COUNTIF(F13:AI13,"A") -> 10 | AM13: Actual present days | AN13: =SUM(AK5:AK29) -> 439 | AO13: =SUM(AK31:AK53) -> 345 | AP13: =AN13+AO13 -> 784
A14: 10 | B14: 913 | C14: Muhammad Essa | D14: Sajid Ali | E14: Four | G14: P | H14: P | J14: P | K14: A | L14: P | M14: P | N14: P | O14: P | Q14: P | R14: P | S14: P | T14: P | U14: P | V14: P | X14: P | Y14: P | Z14: P | AA14: P | AB14: P | AC14: P | AE14: A | AF14: A | AK14: =COUNTIF(F14:AI14,"P") -> 19 | AL14: =COUNTIF(F14:AI14,"A") -> 3 | AM14: % | AN14: =AN13/AN12 -> 0.60302198 | AO14: =AO13/AO12 -> 0.55288462 | AP14: =AP13/AP12 -> 0.57988166
A15: 11 | B15: 528 | C15: Faizan Ahmed | D15: Riaz Ahmed | E15: Four | G15: A | H15: A | J15: A | K15: A | L15: A | M15: A | N15: A | O15: A | Q15: A | R15: A | S15: A | T15: A | U15: A | V15: A | X15: A | Y15: A | Z15: A | AA15: A | AB15: A | AC15: A | AE15: A | AF15: A | AK15: =COUNTIF(F15:AI15,"P") -> 0 | AL15: =COUNTIF(F15:AI15,"A") -> 22
A16: 12 | B16: 689 | C16: Haider Ali | D16: Imran Ali | E16: Four | G16: P | H16: P | J16: P | K16: P | L16: P | M16: P | N16: P | O16: A | Q16: P | R16: P | S16: P | T16: P | U16: A | V16: P | X16: P | Y16: P | Z16: P | AA16: P | AB16: P | AC16: P | AE16: P | AF16: P | AK16: =COUNTIF(F16:AI16,"P") -> 20 | AL16: =COUNTIF(F16:AI16,"A") -> 2
A17: 13 | B17: 648 | C17: Meer Alam | D17: Dil Murad | E17: Four | G17: A | H17: A | J17: P | K17: P | L17: P | M17: P | N17: P | O17: P | Q17: P | R17: P | S17: P | T17: P | U17: P | V17: P | X17: P | Y17: P | Z17: P | AA17: P | AB17: P | AC17: P | AE17: P | AF17: P | AK17: =COUNTIF(F17:AI17,"P") -> 20 | AL17: =COUNTIF(F17:AI17,"A") -> 2
A18: 14 | B18: 578 | C18: M. Ahsan | D18: M. Arif | E18: Four | G18: P | H18: P | J18: P | K18: P | L18: P | M18: P | N18: P | O18: P | Q18: A | R18: P | S18: P | T18: P | U18: P | V18: P | X18: P | Y18: P | Z18: P | AA18: P | AB18: P | AC18: P | AE18: P | AF18: P | AK18: =COUNTIF(F18:AI18,"P") -> 21 | AL18: =COUNTIF(F18:AI18,"A") -> 1 | AM18: Absent Days Details
A19: 15 | B19: 573 | C19: M. Qasim | D19: Mohsin Ali | E19: Four | G19: P | H19: P | J19: P | K19: P | L19: P | M19: P | N19: P | O19: P | Q19: P | R19: P | S19: A | T19: P | U19: P | V19: P | X19: P | Y19: P | Z19: P | AA19: P | AB19: P | AC19: P | AE19: P | AF19: P | AK19: =COUNTIF(F19:AI19,"P") -> 21 | AL19: =COUNTIF(F19:AI19,"A") -> 1 | AM19: Detail | AN19: Boys | AO19: Girls | AP19: Total
A20: 16 | B20: 479 | C20: M. Shayan | D20: Zulfiqar Ali | E20: Four | G20: A | H20: A | J20: P | K20: P | L20: A | M20: P | N20: P | O20: P | Q20: P | R20: P | S20: P | T20: A | U20: P | V20: P | X20: P | Y20: P | Z20: A | AA20: A | AB20: A | AC20: A | AE20: P | AF20: P | AK20: =COUNTIF(F20:AI20,"P") -> 14 | AL20: =COUNTIF(F20:AI20,"A") -> 8 | AM20: Due Present days | AN20: =28*$AN$5 -> 728 | AO20: =24*$AN$5 -> 624 | AP20: =AN20+AO20 -> 1352
A21: 17 | B21: 575 | C21: M. Zawiyar | D21: Zulfiqar Ali Mangi | E21: Four | G21: A | H21: A | J21: A | K21: A | L21: P | M21: P | N21: P | O21: P | Q21: P | R21: P | S21: P | T21: P | U21: P | V21: P | X21: P | Y21: P | Z21: P | AA21: P | AB21: P | AC21: P | AE21: P | AF21: P | AK21: =COUNTIF(F21:AI21,"P") -> 18 | AL21: =COUNTIF(F21:AI21,"A") -> 4 | AM21: Absent days | AN21: =AN20-AN13 -> 289 | AO21: =AO20-AO13 -> 279 | AP21: =AN21+AO21 -> 568
A22: 18 | B22: 586 | C22: Muneer Ahmed | D22: Ghous Bux | E22: Four | G22: P | H22: P | J22: P | K22: P | L22: P | M22: P | N22: P | O22: P | Q22: P | R22: P | S22: P | T22: P | U22: P | V22: P | X22: P | Y22: P | Z22: P | AA22: P | AB22: P | AC22: P | AE22: P | AF22: P | AK22: =COUNTIF(F22:AI22,"P") -> 22 | AL22: =COUNTIF(F22:AI22,"A") -> 0 | AM22: % | AN22: =AN21/AN20 -> 0.39697802 | AO22: =AO21/AO20 -> 0.44711538 | AP22: =AP21/AP20 -> 0.42011834
A23: 19 | B23: 580 | C23: Saif Ali | D23: Riaz uddin Qureshi | E23: Four | G23: P | H23: P | J23: P | K23: P | L23: P | M23: P | N23: P | O23: A | Q23: P | R23: P | S23: P | T23: P | U23: P | V23: P | X23: P | Y23: P | Z23: P | AA23: P | AB23: P | AC23: P | AE23: P | AF23: P | AK23: =COUNTIF(F23:AI23,"P") -> 21 | AL23: =COUNTIF(F23:AI23,"A") -> 1
A24: 20 | B24: 583 | C24: Shah Fahad | D24: M. Ibrahim | E24: Four | G24: P | H24: A | J24: P | K24: P | L24: P | M24: P | N24: A | O24: A | Q24: P | R24: P | S24: P | T24: P | U24: P | V24: P | X24: P | Y24: P | Z24: P | AA24: P | AB24: P | AC24: A | AE24: P | AF24: P | AK24: =COUNTIF(F24:AI24,"P") -> 18 | AL24: =COUNTIF(F24:AI24,"A") -> 4
A25: 21 | B25: 480 | C25: Shehbaz Ali | D25: Zaheer Abbas | E25: Four | G25: A | H25: A | J25: A | K25: A | L25: A | M25: A | N25: A | O25: A | Q25: P | R25: P | S25: P | T25: P | U25: P | V25: P | X25: P | Y25: P | Z25: P | AA25: P | AB25: P | AC25: P | AE25: P | AF25: P | AK25: =COUNTIF(F25:AI25,"P") -> 14 | AL25: =COUNTIF(F25:AI25,"A") -> 8
A26: 22 | B26: 576 | C26: Zain Ali | D26: Zaheer Abbas | E26: Four | G26: P | H26: P | J26: P | K26: P | L26: P | M26: P | N26: P | O26: P | Q26: P | R26: P | S26: P | T26: P | U26: P | V26: P | X26: P | Y26: P | Z26: P | AA26: P | AB26: P | AC26: P | AE26: P | AF26: P | AK26: =COUNTIF(F26:AI26,"P") -> 22 | AL26: =COUNTIF(F26:AI26,"A") -> 0
A27: 23 | B27: 685 | C27: Zain Zulfiqar | D27: Zulfiqar Qureshi | E27: Four | G27: P | H27: P | J27: P | K27: P | L27: P | M27: P | N27: P | O27: P | Q27: P | R27: P | S27: P | T27: P | U27: P | V27: A | X27: P | Y27: P | Z27: P | AA27: P | AB27: P | AC27: A | AE27: A | AF27: P | AK27: =COUNTIF(F27:AI27,"P") -> 19 | AL27: =COUNTIF(F27:AI27,"A") -> 3
A28: 24 | B28: 688 | C28: Zeeshan | D28: Muneer Ahmed | E28: Four | G28: P | H28: P | J28: P | K28: P | L28: P | M28: P | N28: A | O28: P | Q28: P | R28: P | S28: P | T28: P | U28: P | V28: A | X28: P | Y28: P | Z28: P | AA28: P | AB28: P | AC28: A | AE28: A | AF28: P | AK28: =COUNTIF(F28:AI28,"P") -> 18 | AL28: =COUNTIF(F28:AI28,"A") -> 4
A29: 25 | B29: 546 | C29: Zeeshan | D29: M. Hussain | E29: Four | G29: A | H29: A | J29: A | K29: A | L29: A | M29: A | N29: A | O29: A | Q29: P | R29: P | S29: A | T29: P | U29: A | V29: P | X29: P | Y29: P | Z29: P | AA29: P | AB29: A | AC29: A | AE29: A | AF29: P | AK29: =COUNTIF(F29:AI29,"P") -> 9 | AL29: =COUNTIF(F29:AI29,"A") -> 13
A30: 26 | B30: 472 | C30: Ali Jan | D30: M. Shafique somroo | E30: Four | G30: P | H30: A | J30: P | K30: P | L30: A | M30: P | N30: P | O30: P | Q30: P | R30: P | S30: P | T30: A | U30: P | V30: P | X30: P | Y30: P | Z30: A | AA30: A | AB30: A | AC30: A | AE30: A | AF30: P | AK30: =COUNTIF(F30:AI30,"P") -> 14 | AL30: =COUNTIF(F30:AI30,"A") -> 8
A31: 1 | B31: 544 | C31: Anjuman | D31: Ab. Ghaffar | E31: Four | G31: P | H31: P | J31: A | K31: P | L31: P | M31: P | N31: P | O31: P | Q31: P | R31: A | S31: P | T31: P | U31: P | V31: P | X31: P | Y31: P | Z31: P | AA31: P | AB31: A | AC31: P | AE31: P | AF31: P | AK31: =COUNTIF(F31:AI31,"P") -> 19 | AL31: =COUNTIF(F31:AI31,"A") -> 3
A32: 2 | B32: 780 | C32: Ayeza | D32: M. Ameen Solangi | E32: Four | G32: A | H32: A | J32: P | K32: P | L32: P | M32: P | N32: P | O32: P | Q32: P | R32: P | S32: P | T32: A | U32: A | V32: A | X32: P | Y32: P | Z32: P | AA32: P | AB32: P | AC32: A | AE32: A | AF32: P | AK32: =COUNTIF(F32:AI32,"P") -> 15 | AL32: =COUNTIF(F32:AI32,"A") -> 7
A33: 3 | B33: 844 | C33: Bushra | D33: Farhan | E33: Four | G33: A | H33: A | J33: A | K33: A | L33: P | M33: P | N33: A | O33: A | Q33: P | R33: P | S33: A | T33: P | U33: A | V33: A | X33: P | Y33: P | Z33: P | AA33: P | AB33: P | AC33: A | AE33: A | AF33: A | AK33: =COUNTIF(F33:AI33,"P") -> 10 | AL33: =COUNTIF(F33:AI33,"A") -> 12
A34: 4 | B34: 569 | C34: Dua Batool | D34: Muneer Ahmed Tahiri | E34: Four | G34: P | H34: P | J34: P | K34: P | L34: P | M34: A | N34: P | O34: P | Q34: P | R34: P | S34: P | T34: P | U34: P | V34: P | X34: P | Y34: P | Z34: P | AA34: P | AB34: P | AC34: P | AE34: P | AF34: P | AK34: =COUNTIF(F34:AI34,"P") -> 21 | AL34: =COUNTIF(F34:AI34,"A") -> 1
... A53: 23 | B53: 572 | C53: Zainab Batool | D53: Mohsin Ali | E53: Four | G53: P | H53: P | J53: P | K53: P | L53: P | M53: P | N53: P | O53: P | Q53: P | R53: P | S53: A | T53: P | U53: P | V53: P | X53: P | Y53: P | Z53: A | AA53: A | AB53: P | AC53: P | AE53: P | AF53: P | AK53: =COUNTIF(F53:AI53,"P") -> 19 | AL53: =COUNTIF(F53:AI53,"A") -> 3
A54: 24 | C54: Hooriya | E54: Four | G54: A | H54: A | J54: A | K54: A | L54: A | M54: A | N54: A | O54: A | Q54: A | R54: A | S54: A | T54: A | U54: A | V54: A | X54: A | Y54: A | Z54: A | AA54: A | AB54: A | AC54: A | AE54: A | AF54: A | AK54: =COUNTIF(F54:AI54,"P") -> 0 | AL54: =COUNTIF(F54:AI54,"A") -> 22
A55: 25 | B55: 694 | C55: Ghulam sakina | D55: Raffique Ahmed | E55: Four | G55: P | H55: P | J55: P | K55: A | L55: P | M55: A | N55: P | O55: P | Q55: P | R55: P | S55: P | T55: P | U55: A | V55: P | X55: P | Y55: P | Z55: P | AA55: A | AB55: P | AC55: P | AE55: P | AF55: A | AK55: =COUNTIF(F55:AI55,"P") -> 17 | AL55: =COUNTIF(F55:AI55,"A") -> 5
A56: 26 | B56: 612 | C56: Zoya Ahsan | D56: Ahsan ali | E56: Four | G56: P | H56: A | J56: P | K56: A | L56: A | M56: P | N56: P | O56: P | Q56: P | R56: P | S56: P | T56: P | U56: P | V56: A | X56: P | Y56: P | Z56: P | AA56: P | AB56: P | AC56: P | AE56: P | AF56: A | AK56: =COUNTIF(F56:AI56,"P") -> 17 | AL56: =COUNTIF(F56:AI56,"A") -> 5

Sheet Class-5
A1: Goverment high school (SJCHS)
A2: Monthly Attendence Month of MAY-2025
A3: S.No | B3: GR | C3: Student Name | D3: Father Name | E3: Class | F3: Thu | G3: Fri | H3: Sat | I3: Sun | J3: Mon | K3: Tue | L3: Wed | M3: Thu | N3: Fri | O3: Sat | P3: Sun | Q3: Mon | R3: Tue | S3: Wed | T3: Thu | U3: Fri | V3: Sat | W3: Sun | X3: Mon | Y3: Tue | Z3: Wed | AA3: Thu | AB3: Fri | AC3: Sat | AD3: Sun | AE3: Mon | AF3: Tue | AG3: Wed | AH3: Thu | AI3: Fri | AJ3: Sat | AK3: Present | AL3: Absent | AM3: Year 2024
F4: 01,MAY | G4: 45779 | H4: 45780 | I4: 45781 | J4: 45782 | K4: 45783 | L4: 45784 | M4: 45785 | N4: 45786 | O4: 45787 | P4: 45788 | Q4: 45789 | R4: 45790 | S4: 45791 | T4: 45792 | U4: 45793 | V4: 45794 | W4: 45795 | X4: 45796 | Y4: 45797 | Z4: 45798 | AA4: 45799 | AB4: 45800 | AC4: 45801 | AD4: 45802 | AE4: 45803 | AF4: 45804 | AG4: 45805 | AH4: 45806 | AI4: 45807 | AJ4: 45808 | AM4: Total days | AN4: =SUM(AN5:AN8) -> 30
A5: 1 | B5: 527 | C5: Aqeel Ahmed | D5: Najeebullah | E5: Five | F5: LABOUR DAY LABOUR DAY LABOUR DAY | G5: A | H5: A | I5: SUNDAY SUNDAY SUNDAY SUNDAY SUNDAY | J5: A | K5: A | L5: A | M5: A | N5: A | O5: A | P5: SUNDAY SUNDAY SUNDAY SUNDAY SUNDAY | Q5: P | R5: P | S5: P | T5: A | U5: P | V5: P | W5: SUNDAY SUNDAY SUNDAY SUNDAY SUNDAY | X5: P | Y5: P | Z5: P | AA5: P | AB5: P | AC5: P | AD5: SUNDAY SUNDAY SUNDAY SUNDAY SUNDAY | AE5: p | AF5: P | AK5: =COUNTIF(F5:AI5,"P") -> 13 | AL5: =COUNTIF(F5:AI5,"A") -> 9 | AM5: Working days | AN5: 26
A6: 2 | B6: 549 | C6: Dost M. | D6: M. Usman | E6: Five | G6: P | H6: P | J6: A | K6: P | L6: P | M6: P | N6: P | O6: P | Q6: P | R6: P | S6: P | T6: P | U6: P | V6: P | X6: P | Y6: P | Z6: P | AA6: P | AB6: P | AC6: P | AE6: p | AF6: P | AK6: =COUNTIF(F6:AI6,"P") -> 21 | AL6: =COUNTIF(F6:AI6,"A") -> 1 | AM6: Sunday | AN6: 4
A7: 3 | B7: 865 | C7: Hamadullah | D7: Abrar Hussain | E7: Five | G7: P | H7: P | J7: P | K7: P | L7: P | M7: P | N7: P | O7: A | Q7: P | R7: P | S7: P | T7: L | U7: P | V7: A | X7: P | Y7: P | Z7: P | AA7: P | AB7: P | AC7: P | AE7: p | AF7: P | AK7: =COUNTIF(F7:AI7,"P") -> 19 | AL7: =COUNTIF(F7:AI7,"A") -> 2
A8: 4 | B8: 593 | C8: Imdad Ali | D8: Hamid Ali | E8: Five | G8: A | H8: A | J8: A | K8: A | L8: A | M8: A | N8: A | O8: A | Q8: A | R8: A | S8: A | T8: P | U8: A | V8: A | X8: A | Y8: A | Z8: A | AA8: A | AB8: A | AC8: A | AE8: A | AF8: A | AK8: =COUNTIF(F8:AI8,"P") -> 1 | AL8: =COUNTIF(F8:AI8,"A") -> 21
A9: 5 | B9: 548 | C9: M. Suleman | D9: Usman | E9: Five | G9: P | H9: P | J9: P | K9: P | L9: P | M9: P | N9: P | O9: P | Q9: P | R9: P | S9: P | T9: A | U9: P | V9: P | X9: P | Y9: P | Z9: P | AA9: P | AB9: P | AC9: P | AE9: P | AF9: A | AK9: =COUNTIF(F9:AI9,"P") -> 20 | AL9: =COUNTIF(F9:AI9,"A") -> 2
A10: 6 | B10: 447 | C10: M. Faisal | D10: Abdull Sattar | E10: Five | G10: P | H10: P | J10: P | K10: P | L10: P | M10: P | N10: P | O10: A | Q10: P | R10: P | S10: P | T10: P | U10: P | V10: P | X10: P | Y10: P | Z10: P | AA10: P | AB10: P | AC10: P | AE10: P | AF10: P | AK10: =COUNTIF(F10:AI10,"P") -> 21 | AL10: =COUNTIF(F10:AI10,"A") -> 1
A11: 7 | B11: 501 | C11: Muzammil | D11: Deedar Ali | E11: Five | G11: P | H11: P | J11: P | K11: P | L11: P | M11: P | N11: P | O11: P | Q11: P | R11: P | S11: P | T11: P | U11: P | V11: P | X11: P | Y11: P | Z11: P | AA11: P | AB11: P | AC11: P | AE11: P | AF11: P | AK11: =COUNTIF(F11:AI11,"P") -> 22 | AL11: =COUNTIF(F11:AI11,"A") -> 0 | AM11: Present Days Detail
A12: 8 | B12: 497 | C12: Tanveer Ali | D12: Wazeer Ali | E12: Five | G12: P | H12: P | J12: A | K12: A | L12: A | M12: P | N12: P | O12: P | Q12: P | R12: P | S12: P | T12: A | U12: P | V12: P | X12: P | Y12: P | Z12: P | AA12: P | AB12: P | AC12: P | AE12: P | AF12: P | AK12: =COUNTIF(F12:AI12,"P") -> 18 | AL12: =COUNTIF(F12:AI12,"A") -> 4 | AM12: Detail | AN12: Boys | AO12: Girls | AP12: Total
A13: 9 | B13: 550 | C13: Zain | D13: Zaheer Ahmed | E13: Five | G13: P | H13: P | J13: P | K13: P | L13: P | M13: P | N13: P | O13: P | Q13: P | R13: P | S13: P | T13: P | U13: P | V13: P | X13: P | Y13: P | Z13: P | AA13: P | AB13: P | AC13: P | AE13: P | AF13: P | AK13: =COUNTIF(F13:AI13,"P") -> 22 | AL13: =COUNTIF(F13:AI13,"A") -> 0 | AM13: Due Present days | AN13: =21*$AN$5 -> 546 | AO13: =32*$AN$5 -> 832 | AP13: =SUM(AN13:AO13) -> 1378
A14: 10 | B14: 595 | C14: Zain-ul-Abdin | D14: Dill Murad | E14: Five | G14: A | H14: A | J14: P | K14: P | L14: P | M14: P | N14: P | O14: P | Q14: A | R14: P | S14: P | T14: A | U14: P | V14: P | X14: P | Y14: P | Z14: P | AA14: P | AB14: P | AC14: P | AE14: P | AF14: P | AK14: =COUNTIF(F14:AI14,"P") -> 18 | AL14: =COUNTIF(F14:AI14,"A") -> 4 | AM14: Actual present days | AN14: =SUM(AK5:AK28) -> 348 | AO14: =SUM(AK30:AK51) -> 383 | AP14: =AN14+AO14 -> 731
A15: 11 | B15: 917 | C15: Sameer Ali | D15: Gulab Ali | E15: Five | G15: P | H15: A | J15: P | K15: P | L15: P | M15: P | N15: P | O15: P | Q15: A | R15: P | S15: P | T15: P | U15: P | V15: P | X15: P | Y15: P | Z15: P | AA15: P | AB15: P | AC15: P | AE15: P | AF15: P | AK15: =COUNTIF(F15:AI15,"P") -> 20 | AL15: =COUNTIF(F15:AI15,"A") -> 2 | AM15: % | AN15: =AN14/AN13 -> 0.63736264 | AO15: =AO14/AO13 -> 0.46033654 | AP15: =AP14/AP13 -> 0.53047896
A16: 12 | B16: 883 | C16: M. Anees | D16: M. Ramzan | E16: Five | G16: p | H16: p | J16: p | K16: p | L16: p | M16: p | N16: A | O16: A | Q16: P | R16: A | S16: P | T16: P | U16: P | V16: P | X16: P | Y16: P | Z16: P | AA16: P | AB16: P | AC16: P | AE16: A | AF16: A | AK16: =COUNTIF(F16:AI16,"P") -> 17 | AL16: =COUNTIF(F16:AI16,"A") -> 5
A17: 13 | B17: 779 | C17: M. Hussain | D17: Khawar | E17: Five | G17: P | H17: P | J17: P | K17: P | L17: P | M17: P | N17: P | O17: P | Q17: P | R17: P | S17: P | T17: P | U17: P | V17: P | X17: P | Y17: P | Z17: P | AA17: P | AB17: P | AC17: P | AE17: P | AF17: P | AK17: =COUNTIF(F17:AI17,"P") -> 22 | AL17: =COUNTIF(F17:AI17,"A") -> 0
A18: 14 | B18: 848 | C18: Saadullah | D18: Hafeezullah | E18: Five | G18: A | H18: A | J18: L | K18: A | L18: A | M18: P | N18: P | O18: P | Q18: A | R18: P | S18: P | T18: P | U18: A | V18: A | X18: P | Y18: P | Z18: P | AA18: P | AB18: P | AC18: P | AE18: L | AF18: P | AK18: =COUNTIF(F18:AI18,"P") -> 13 | AL18: =COUNTIF(F18:AI18,"A") -> 7
A19: 15 | B19: 916 | C19: M. Qassam | D19: Imran H. | E19: Five | G19: A | H19: A | J19: A | K19: A | L19: A | M19: A | N19: A | O19: A | Q19: A | R19: A | S19: A | T19: A | U19: A | V19: A | X19: A | Y19: A | Z19: A | AA19: A | AB19: A | AC19: A | AE19: A | AF19: A | AK19: =COUNTIF(F19:AI19,"P") -> 0 | AL19: =COUNTIF(F19:AI19,"A") -> 22 | AM19: Absent Days Details
A20: 16 | B20: 904 | C20: Aliyan | D20: Gulraiz | E20: Five | G20: P | H20: A | J20: P | K20: P | L20: A | M20: P | N20: P | O20: A | Q20: P | R20: P | S20: P | T20: A | U20: A | V20: P | X20: P | Y20: A | Z20: P | AA20: A | AB20: P | AC20: P | AE20: P | AF20: P | AK20: =COUNTIF(F20:AI20,"P") -> 15 | AL20: =COUNTIF(F20:AI20,"A") -> 7 | AM20: Detail | AN20: Boys | AO20: Girls | AP20: Total
A21: 17 | B21: 757 | C21: Ahmed ali | D21: Nasrullah | E21: Five | G21: A | H21: A | J21: A | K21: A | L21: A | M21: A | N21: A | O21: A | Q21: A | R21: A | S21: A | T21: A | U21: A | V21: A | X21: A | Y21: A | Z21: A | AA21: A | AB21: P | AC21: P | AE21: A | AF21: A | AK21: =COUNTIF(F21:AI21,"P") -> 2 | AL21: =COUNTIF(F21:AI21,"A") -> 20 | AM21: Due Present days | AN21: =21*$AN$5 -> 546 | AO21: =32*$AN$5 -> 832 | AP21: =AN21+AO21 -> 1378
A22: 18 | B22: 508 | C22: Meesam Abbas | D22: Sabir Hussain | E22: Five | G22: A | H22: A | J22: A | K22: A | L22: A | M22: A | N22: A | O22: A | Q22: A | R22: A | S22: A | T22: A | U22: A | V22: A | X22: A | Y22: A | Z22: A | AA22: A | AB22: A | AC22: A | AE22: A | AF22: A | AK22: =COUNTIF(F22:AI22,"P") -> 0 | AL22: =COUNTIF(F22:AI22,"A") -> 22 | AM22: Absent days | AN22: =AN21-AN14 -> 198 | AO22: =AO21-AO14 -> 449 | AP22: =AN22+AO22 -> 647
A23: 19 | C23: Ibaa-dullah | D23: Khalid Hussain | E23: Five | G23: p | H23: p | J23: p | K23: p | L23: p | M23: p | N23: p | O23: p | Q23: p | R23: p | S23: p | T23: P | U23: P | V23: P | X23: P | Y23: P | Z23: P | AA23: P | AB23: A | AC23: A | AE23: A | AF23: A | AK23: =COUNTIF(F23:AI23,"P") -> 18 | AL23: =COUNTIF(F23:AI23,"A") -> 4
A24: 20 | C24: M.Araf | D24: Aurangzaib | E24: Five | G24: p | H24: p | J24: A | K24: P | L24: P | M24: A | N24: A | O24: L | Q24: P | R24: P | S24: P | T24: P | U24: A | V24: A | X24: A | Y24: P | Z24: P | AA24: A | AB24: P | AC24: P | AE24: P | AF24: P | AK24: =COUNTIF(F24:AI24,"P") -> 14 | AL24: =COUNTIF(F24:AI24,"A") -> 7
A25: 21 | C25: M.Aqib | D25: Aurangzaib | E25: Five | G25: P | H25: P | J25: A | K25: P | L25: P | M25: A | N25: A | O25: L | Q25: P | R25: P | S25: P | T25: P | U25: A | V25: A | X25: A | Y25: A | Z25: P | AA25: A | AB25: P | AC25: P | AE25: P | AF25: P | AK25: =COUNTIF(F25:AI25,"P") -> 13 | AL25: =COUNTIF(F25:AI25,"A") -> 8
A26: 1 | B26: 358 | C26: Iqra | D26: Munwar Ali | E26: Five | G26: P | H26: P | J26: P | K26: P | L26: P | M26: P | N26: P | O26: P | Q26: P | R26: P | S26: P | T26: P | U26: P | V26: P | X26: P | Y26: P | Z26: A | AA26: P | AB26: P | AC26: P | AE26: P | AF26: P | AK26: =COUNTIF(F26:AI26,"P") -> 21 | AL26: =COUNTIF(F26:AI26,"A") -> 1 | AM26: % | AN26: =AN22/AN21 -> 0.36263736 | AO26: =AO22/AO21 -> 0.53966346 | AP26: =AP22/AP21 -> 0.46952104
A27: 2 | B27: 543 | C27: Ambreen | D27: Abdul Ghafoor | E27: Five | G27: P | H27: P | J27: A | K27: A | L27: A | M27: P | N27: P | O27: P | Q27: P | R27: P | S27: P | T27: P | U27: P | V27: L | X27: P | Y27: P | Z27: P | AA27: P | AB27: P | AC27: P | AE27: P | AF27: P | AK27: =COUNTIF(F27:AI27,"P") -> 18 | AL27: =COUNTIF(F27:AI27,"A") -> 3
A28: 3 | B28: 594 | C28: Bibi Zehra | D28: Liaquat | E28: Five | G28: P | H28: P | J28: P | K28: P | L28: P | M28: P | N28: P | O28: P | Q28: P | R28: L | S28: P | T28: A | U28: P | V28: P | X28: P | Y28: P | Z28: P | AA28: P | AB28: P | AC28: P | AE28: P | AF28: P | AK28: . | AL28: =COUNTIF(F28:AI28,"A") -> 1
A29: 4 | B29: 432 | C29: Bisma | D29: Basheer Ahmed | E29: Five | G29: p | H29: A | J29: P | K29: P | L29: P | M29: P | N29: P | O29: P | Q29: P | R29: P | S29: A | T29: P | U29: P | V29: P | X29: P | Y29: P | Z29: P | AA29: P | AB29: P | AC29: P | AE29: A | AF29: P | AK29: =COUNTIF(F29:AI29,"P") -> 19 | AL29: =COUNTIF(F29:AI29,"A") -> 3
A30: 5 | B30: 590 | C30: BaktawarAli | D30: Taj muhammad | E30: Five | G30: A | H30: A | J30: A | K30: A | L30: A | M30: A | N30: A | O30: A | Q30: A | R30: A | S30: A | T30: A | U30: A | V30: A | X30: A | Y30: A | Z30: A | AA30: A | AB30: A | AC30: A | AE30: A | AF30: A | AK30: =COUNTIF(F30:AI30,"P") -> 0 | AL30: =COUNTIF(F30:AI30,"A") -> 22
A31: 6 | B31: 554 | C31: Bushra | D31: Rana | E31: Five | G31: A | H31: P | J31: P | K31: P | L31: P | M31: P | N31: P | O31: P | Q31: P | R31: P | S31: P | T31: A | U31: P | V31: P | X31: A | Y31: P | Z31: P | AA31: P | AB31: P | AC31: P | AE31: P | AF31: P | AK31: =COUNTIF(F31:AI31,"P") -> 19 | AL31: =COUNTIF(F31:AI31,"A") -> 3
A32: 7 | B32: 496 | C32: Dua | D32: M. Shafique | E32: Five | G32: P | H32: P | J32: P | K32: P | L32: P | M32: P | N32: P | O32: P | Q32: P | R32: P | S32: P | T32: P | U32: P | V32: P | X32: P | Y32: P | Z32: P | AA32: P | AB32: A | AC32: A | AE32: A | AF32: A | AK32: =COUNTIF(F32:AI32,"P") -> 18 | AL32: =COUNTIF(F32:AI32,"A") -> 4
A33: 8 | B33: 599 | C33: Fatima Gul | D33: Shah Nazwaz | E33: Five | G33: A | H33: P | J33: A | K33: A | L33: P | M33: P | N33: P | O33: P | Q33: P | R33: P | S33: P | T33: P | U33: P | V33: P | X33: P | Y33: P | Z33: P | AA33: P | AB33: P | AC33: P | AE33: P | AF33: P | AK33: =COUNTIF(F33:AI33,"P") -> 19 | AL33: =COUNTIF(F33:AI33,"A") -> 3
A34: 9 | B34: 471 | C34: Hiba | D34: Mazeem | E34: Five | G34: P | H34: P | J34: P | K34: P | L34: P | M34: L | N34: P | O34: P | Q34: P | R34: P | S34: P | T34: P | U34: P | V34: L | X34: P | Y34: P | Z34: P | AA34: P | AB34: P | AC34: P | AE34: P | AF34: A | AK34: =COUNTIF(F34:AI34,"P") -> 19 | AL34: =COUNTIF(F34:AI34,"A") -> 1
A35: 10 | B35: 537 | C35: Isha | D35: Fazal Muhammad | E35: Five | G35: P | H35: P | J35: P | K35: P | L35: P | M35: P | N35: P | O35: P | Q35: P | R35: P | S35: P | T35: P | U35: P | V35: P | X35: P | Y35: P | Z35: P | AA35: P | AB35: P | AC35: P | AE35: P | AF35: P | AK35: =COUNTIF(F35:AI35,"P") -> 22 | AL35: =COUNTIF(F35:AI35,"A") -> 0
A36: 11 | B36: 698 | C36: Khadija -tul- Kubra | D36: Adnan | E36: Five | G36: P | H36: P | J36: P | K36: P | L36: P | M36: A | N36: P | O36: P | Q36: P | R36: P | S36: P | T36: P | U36: P | V36: P | X36: P | Y36: P | Z36: P | AA36: P | AB36: P | AC36: P | AE36: P | AF36: P | AK36: =COUNTIF(F36:AI36,"P") -> 21 | AL36: =COUNTIF(F36:AI36,"A") -> 1
A37: 12 | B37: 524 | C37: Khushboo | D37: Abdull Rehman | E37: Five | G37: A | H37: P | J37: P | K37: P | L37: A | M37: P | N37: P | O37: P | Q37: P | R37: L | S37: A | T37: A | U37: P | V37: P | X37: P | Y37: P | Z37: P | AA37: P | AB37: P | AC37: P | AE37: P | AF37: A | AK37: =COUNTIF(F37:AI37,"P") -> 16 | AL37: =COUNTIF(F37:AI37,"A") -> 5
A38: 13 | B38: 438 | C38: Laraib | D38: Zulfiqar | E38: Five | G38: A | H38: A | J38: P | K38: P | L38: A | M38: P | N38: P | O38: P | Q38: P | R38: P | S38: P | T38: A | U38: P | V38: P | X38: P | Y38: A | Z38: P | AA38: A | AB38: A | AC38: A | AE38: P | AF38: A | AK38: =COUNTIF(F38:AI38,"P") -> 13 | AL38: =COUNTIF(F38:AI38,"A") -> 9
A39: 14 | B39: 532 | C39: Maryam | D39: Mehboob Ali | E39: Five | G39: P | H39: P | J39: P | K39: P | L39: P | M39: P | N39: P | O39: P | Q39: P | R39: P | S39: P | T39: P | U39: P | V39: P | X39: P | Y39: P | Z39: P | AA39: P | AB39: P | AC39: P | AE39: P | AF39: P | AK39: =COUNTIF(F39:AI39,"P") -> 22 | AL39: =COUNTIF(F39:AI39,"A") -> 0
A40: 15 | B40: 643 | C40: Minal | D40: Faraz Hydar | E40: Five | G40: P | H40: P | J40: P | K40: P | L40: P | M40: L | N40: A | O40: P | Q40: P | R40: P | S40: P | T40: P | U40: P | V40: P | X40: P | Y40: P | Z40: P | AA40: P | AB40: P | AC40: P | AE40: P | AF40: P | AK40: =COUNTIF(F40:AI40,"P") -> 20 | AL40: =COUNTIF(F40:AI40,"A") -> 1
... A51: 26 | B51: 874 | C51: Nisa Fatima | D51: Liaquat Ali | E51: Five | G51: P | H51: P | J51: L | K51: P | L51: P | M51: P | N51: P | O51: P | Q51: P | R51: P | S51: P | T51: P | U51: P | V51: P | X51: P | Y51: P | Z51: P | AA51: P | AB51: P | AC51: P | AE51: P | AF51: P | AK51: =COUNTIF(F51:AI51,"P") -> 21 | AL51: =COUNTIF(F51:AI51,"A") -> 0

Sheet Class-6
A1: Goverment high school (SJCHS)
A2: Monthly Attendence Month of MAY-2025
A3: S.No | B3: GR | C3: Student Name | D3: Father Name | E3: Class | F3: Thu | G3: Fri | H3: Sat | I3: Sun | J3: Mon | K3: Tue | L3: Wed | M3: Thu | N3: Fri | O3: Sat | P3: Sun | Q3: Mon | R3: Tue | S3: Wed | T3: Thu | U3: Fri | V3: Sat | W3: Sun | X3: Mon | Y3: Tue | Z3: Wed | AA3: Thu | AB3: Fri | AC3: Sat | AD3: Sun | AE3: Mon | AF3: Tue | AG3: Wed | AH3: Thu | AI3: Fri | AJ3: Sat | AK3: Present | AL3: Absent | AM3: Year 2024
F4: 45778 | G4: 45779 | H4: 45780 | I4: 45781 | J4: 45782 | K4: 45783 | L4: 45784 | M4: 45785 | N4: 45786 | O4: 45787 | P4: 45788 | Q4: 45789 | R4: 45790 | S4: 45791 | T4: 45792 | U4: 45793 | V4: 45794 | W4: 45795 | X4: 45796 | Y4: 45797 | Z4: 45798 | AA4: 45799 | AB4: 45800 | AC4: 45801 | AD4: 45802 | AE4: 45803 | AF4: 45804 | AG4: 45805 | AH4: 45806 | AI4: 45807 | AJ4: 45808 | AM4: Total days | AN4: =SUM(AN5:AN8) -> 30
A5: 1 | B5: 605 | C5: Abdul Fatah | D5: Manzoor Ahmed | E5: SIX | F5: LABOUR DAY LABOUR DAY LABOUR DAY | G5: P | H5: P | I5: SUNDAY SUNDAY SUNDAY SUNDAY SUNDAY | J5: P | K5: P | L5: P | M5: P | N5: A | O5: P | Q5: P | R5: P | S5: A | T5: P | U5: A | V5: P | W5: SUNDAY SUNDAY SUNDAY SUNDAY SUNDAY | X5: P | Y5: P | Z5: P | AA5: P | AB5: P | AC5: A | AD5: SUNDAY SUNDAY SUNDAY SUNDAY SUNDAY | AE5: P | AF5: P | AK5: =COUNTIF(F5:AI5,"P") -> 18 | AL5: =COUNTIF(F5:AI5,"A") -> 4 | AM5: Working days | AN5: 26
A6: 2 | B6: 609 | C6: Abdul Qayoom | D6: Waheed Ahmed | E6: SIX | G6: P | H6: P | J6: P | K6: P | L6: P | M6: P | N6: P | O6: P | P6: SUNDAY SUNDAY SUNDAY SUNDAY SUNDAY | Q6: P | R6: P | S6: P | T6: P | U6: P | V6: P | X6: P | Y6: P | Z6: P | AA6: P | AB6: P | AC6: P | AE6: P | AF6: P | AK6: =COUNTIF(F6:AI6,"P") -> 22 | AL6: =COUNTIF(F6:AI6,"A") -> 0 | AM6: Sunday | AN6: 4
A7: 3 | B7: 604 | C7: Ahsan Raza | D7: Meeral | E7: SIX | G7: A | H7: P | J7: P | K7: P | L7: P | M7: P | N7: P | O7: P | Q7: P | R7: P | S7: P | T7: P | U7: P | V7: P | X7: P | Y7: P | Z7: P | AA7: P | AB7: P | AC7: P | AE7: P | AF7: P | AK7: =COUNTIF(F7:AI7,"P") -> 21 | AL7: =COUNTIF(F7:AI7,"A") -> 1
A8: 4 | B8: 464 | C8: Ayan Ali | D8: Mehboob Ali | E8: SIX | G8: P | H8: P | J8: P | K8: P | L8: P | M8: P | N8: P | O8: P | Q8: A | R8: P | S8: A | T8: P | U8: A | V8: P | X8: P | Y8: P | Z8: P | AA8: P | AB8: P | AC8: A | AE8: P | AF8: A | AK8: =COUNTIF(F8:AI8,"P") -> 17 | AL8: =COUNTIF(F8:AI8,"A") -> 5
A9: 5 | B9: 601 | C9: Ghulam Muhammad | D9: Parvaiz Ahmed | E9: SIX | G9: A | H9: A | J9: P | K9: A | L9: P | M9: P | N9: P | O9: P | Q9: P | R9: P | S9: P | T9: P | U9: P | V9: P | X9: P | Y9: P | Z9: P | AA9: P | AB9: P | AC9: P | AE9: P | AF9: A | AK9: =COUNTIF(F9:AI9,"P") -> 18 | AL9: =COUNTIF(F9:AI9,"A") -> 4
A10: 6 | B10: 494 | C10: Masab Ali | D10: Ahsan Ali | E10: SIX | G10: P | H10: P | J10: P | K10: P | L10: P | M10: P | N10: P | O10: A | Q10: P | R10: P | S10: P | T10: P | U10: P | V10: P | X10: P | Y10: P | Z10: P | AA10: P | AB10: P | AC10: P | AE10: A | AF10: A | AK10: =COUNTIF(F10:AI10,"P") -> 19 | AL10: =COUNTIF(F10:AI10,"A") -> 3
A11: 7 | B11: 426 | C11: Mudassir | D11: Mukhtiar | E11: SIX | G11: A | H11: A | J11: A | K11: A | L11: A | M11: P | N11: A | O11: A | Q11: A | R11: A | S11: A | T11: A | U11: A | V11: A | X11: A | Y11: A | Z11: A | AA11: A | AB11: A | AC11: A | AE11: A | AF11: A | AK11: =COUNTIF(F11:AI11,"P") -> 1 | AL11: =COUNTIF(F11:AI11,"A") -> 21 | AM11: Present Days Detail
A12: 8 | B12: 710 | C12: Muhammad Hassan | D12: Javaid Ali | E12: SIX | G12: P | H12: P | J12: P | K12: P | L12: P | M12: P | N12: P | O12: P | Q12: P | R12: P | S12: P | T12: P | U12: P | V12: P | X12: P | Y12: P | Z12: P | AA12: P | AB12: P | AC12: P | AE12: P | AF12: P | AK12: =COUNTIF(F12:AI12,"P") -> 22 | AL12: =COUNTIF(F12:AI12,"A") -> 0 | AM12: Detail | AN12: Boys | AO12: Girls | AP12: Total
A13: 9 | B13: 711 | C13: Muhammad Zaid | D13: Khalid Abbasi | E13: SIX | G13: P | H13: P | J13: P | K13: P | L13: P | M13: P | N13: P | O13: P | Q13: P | R13: P | S13: A | T13: P | U13: P | V13: P | X13: P | Y13: P | Z13: P | AA13: P | AB13: P | AC13: P | AE13: P | AF13: P | AK13: =COUNTIF(F13:AI13,"P") -> 21 | AL13: =COUNTIF(F13:AI13,"A") -> 1 | AM13: Due Present days | AN13: =23*$AN$5 -> 598 | AO13: =23*$AN$5 -> 598 | AP13: =SUM(AN13:AO13) -> 1196
A14: 10 | B14: 600 | C14: Usman Jamali | D14: Liaqat Ali | E14: SIX | G14: A | H14: P | J14: P | K14: P | L14: P | M14: A | N14: P | O14: P | Q14: P | R14: P | S14: P | T14: P | U14: A | V14: P | X14: P | Y14: A | Z14: P | AA14: P | AB14: P | AC14: P | AE14: P | AF14: P | AK14: =COUNTIF(F14:AI14,"P") -> 18 | AL14: =COUNTIF(F14:AI14,"A") -> 4 | AM14: Actual present days | AN14: =SUM(AK5:AK27) -> 433 | AO14: =SUM(AK28:AK51) -> 384 | AP14: =AN14+AO14 -> 817
A15: 11 | B15: 640 | C15: Muhammad Ali | D15: Maula Abdullah Bux | E15: SIX | G15: A | H15: A | J15: A | K15: A | L15: P | M15: P | N15: P | O15: P | Q15: P | R15: P | S15: P | T15: A | U15: P | V15: P | X15: P | Y15: P | Z15: P | AA15: A | AB15: A | AC15: P | AE15: P | AF15: P | AK15: =COUNTIF(F15:AI15,"P") -> 15 | AL15: =COUNTIF(F15:AI15,"A") -> 7 | AM15: % | AN15: =AN14/AN13 -> 0.72408027 | AO15: =AO14/AO13 -> 0.64214047 | AP15: =AP14/AP13 -> 0.68311037
A16: 12 | B16: 761 | C16: Muhammad Israr | D16: Abdullah Bhand | E16: SIX | G16: P | H16: P | J16: P | K16: P | L16: P | M16: P | N16: P | O16: P | Q16: P | R16: P | S16: P | T16: P | U16: P | V16: P | X16: P | Y16: P | Z16: P | AA16: P | AB16: P | AC16: P | AE16: P | AF16: P | AK16: =COUNTIF(F16:AI16,"P") -> 22 | AL16: =COUNTIF(F16:AI16,"A") -> 0
A17: 13 | B17: 642 | C17: Mohsin Ali | D17: Sajid Ali Junejo | E17: SIX | G17: P | H17: A | J17: P | K17: P | L17: P | M17: P | N17: P | O17: P | Q17: P | R17: P | S17: P | T17: P | U17: P | V17: P | X17: P | Y17: P | Z17: P | AA17: P | AB17: P | AC17: A | AE17: P | AF17: P | AK17: =COUNTIF(F17:AI17,"P") -> 20 | AL17: =COUNTIF(F17:AI17,"A") -> 2
A18: 14 | B18: 607 | C18: M. Ammad-ud-din | D18: Riyaz-ud-din | E18: SIX | G18: P | H18: P | J18: P | K18: P | L18: P | M18: P | N18: P | O18: P | Q18: P | R18: P | S18: P | T18: P | U18: P | V18: P | X18: P | Y18: P | Z18: P | AA18: P | AB18: P | AC18: P | AE18: P | AF18: P | AK18: =COUNTIF(F18:AI18,"P") -> 22 | AL18: =COUNTIF(F18:AI18,"A") -> 0
A19: 15 | B19: 437 | C19: Noman | D19: Abdul Rehman | E19: SIX | G19: P | H19: P | J19: P | K19: P | L19: P | M19: P | N19: P | O19: P | Q19: P | R19: P | S19: P | T19: P | U19: P | V19: P | X19: P | Y19: P | Z19: P | AA19: P | AB19: P | AC19: P | AE19: P | AF19: P | AK19: =COUNTIF(F19:AI19,"P") -> 22 | AL19: =COUNTIF(F19:AI19,"A") -> 0 | AM19: Absent Days Details
A20: 16 | B20: 504 | C20: Rahib Hussain | D20: Zahid Hussain | E20: SIX | G20: P | H20: P | J20: P | K20: P | L20: P | M20: P | N20: P | O20: P | Q20: P | R20: P | S20: P | T20: P | U20: P | V20: P | X20: P | Y20: P | Z20: P | AA20: P | AB20: P | AC20: P | AE20: P | AF20: P | AK20: =COUNTIF(F20:AI20,"P") -> 22 | AL20: =COUNTIF(F20:AI20,"A") -> 0 | AM20: Detail | AN20: Boys | AO20: Girls | AP20: Total
A21: 17 | B21: 705 | C21: Shamsuddin | D21: Asghar Ali | E21: SIX | G21: P | H21: P | J21: P | K21: P | L21: P | M21: P | N21: P | O21: P | Q21: P | R21: P | S21: P | T21: P | U21: P | V21: P | X21: P | Y21: P | Z21: P | AA21: P | AB21: P | AC21: P | AE21: P | AF21: P | AK21: =COUNTIF(F21:AI21,"P") -> 22 | AL21: =COUNTIF(F21:AI21,"A") -> 0 | AM21: Due Present days | AN21: =23*$AN$5 -> 598 | AO21: =23*$AN$5 -> 598 | AP21: =AN21+AO21 -> 1196
A22: 18 | B22: 868 | C22: Massab Ali | D22: Safdar Ali | E22: SIX | G22: P | H22: P | J22: P | K22: P | L22: P | M22: A | N22: P | O22: P | Q22: P | R22: P | S22: P | T22: P | U22: P | V22: P | X22: P | Y22: P | Z22: P | AA22: P | AB22: P | AC22: P | AE22: P | AF22: P | AK22: =COUNTIF(F22:AI22,"P") -> 21 | AL22: =COUNTIF(F22:AI22,"A") -> 1 | AM22: Absent days | AN22: =AN21-AN14 -> 165 | AO22: =AO21-AO14 -> 214 | AP22: =AN22+AO22 -> 379
A23: 19 | B23: 845 | C23: Zohaib Ali | D23: Zulfiqar Ali | E23: SIX | G23: P | H23: A | J23: P | K23: A | L23: P | M23: P | N23: P | O23: P | Q23: A | R23: P | S23: P | T23: P | U23: P | V23: P | X23: P | Y23: P | Z23: P | AA23: A | AB23: A | AC23: A | AE23: A | AF23: A | AK23: =COUNTIF(F23:AI23,"P") -> 14 | AL23: =COUNTIF(F23:AI23,"A") -> 8 | AM23: % | AN23: =AN22/AN21 -> 0.27591973 | AO23: =AO22/AO21 -> 0.35785953 | AP23: =AP22/AP21 -> 0.31688963
A24: 20 | B24: 860 | C24: M. Husnain | D24: Ubaidullah | E24: SIX | G24: P | H24: P | J24: P | K24: P | L24: P | M24: P | N24: P | O24: P | Q24: P | R24: P | S24: P | T24: P | U24: P | V24: P | X24: P | Y24: P | Z24: P | AA24: P | AB24: P | AC24: A | AE24: P | AF24: P | AK24: =COUNTIF(F24:AI24,"P") -> 21 | AL24: =COUNTIF(F24:AI24,"A") -> 1
A25: 21 | B25: 888 | C25: Nazakat | D25: Syed Qutab Ali | E25: SIX | G25: P | H25: A | J25: A | K25: A | L25: P | M25: P | N25: P | O25: P | Q25: P | R25: P | S25: P | T25: P | U25: P | V25: P | X25: P | Y25: P | Z25: P | AA25: P | AB25: P | AC25: P | AE25: P | AF25: P | AK25: =COUNTIF(F25:AI25,"P") -> 19 | AL25: =COUNTIF(F25:AI25,"A") -> 3
A26: 22 | B26: 470 | C26: M.Reheem | D26: M.Azim | E26: SIX | G26: P | H26: A | J26: P | K26: P | L26: P | M26: P | N26: P | O26: P | Q26: P | R26: P | S26: P | T26: P | U26: P | V26: P | X26: P | Y26: P | Z26: P | AA26: P | AB26: P | AC26: A | AE26: A | AF26: A | AK26: =COUNTIF(F26:AI26,"P") -> 18 | AL26: =COUNTIF(F26:AI26,"A") -> 4
A27: 23 | B27: 790 | C27: Wajid Ali | D27: M.Ali | E27: SIX | G27: A | H27: P | J27: P | K27: P | L27: P | M27: P | N27: P | O27: P | Q27: A | R27: P | S27: P | T27: P | U27: A | V27: P | X27: P | Y27: P | Z27: P | AA27: P | AB27: A | AC27: P | AE27: P | AF27: P | AK27: =COUNTIF(F27:AI27,"P") -> 18 | AL27: =COUNTIF(F27:AI27,"A") -> 4
A28: 24 | C28: Sameer GUL | D28: Hafiz ullah | E28: SIX | G28: P | H28: A | J28: P | K28: P | L28: P | M28: P | N28: A | O28: P | Q28: P | R28: P | S28: P | T28: P | U28: P | V28: P | X28: P | Y28: A | Z28: P | AA28: P | AB28: P | AC28: P | AE28: A | AF28: A | AK28: =COUNTIF(F28:AI28,"P") -> 17 | AL28: =COUNTIF(F28:AI28,"A") -> 5
A29: 25 | C29: Yaseen | D29: M.Younis | E29: SIX | G29: P | H29: A | J29: P | K29: A | L29: P | M29: P | N29: P | O29: P | Q29: A | R29: A | S29: P | T29: P | U29: P | V29: P | X29: P | Y29: P | Z29: A | AA29: A | AB29: A | AC29: P | AE29: P | AF29: P | AK29: =COUNTIF(F29:AI29,"P") -> 15 | AL29: =COUNTIF(F29:AI29,"A") -> 7
A30: 25 | B30: 250 | C30: Irshad | D30: Haji Mallah | E30: SIX | G30: A | H30: P | J30: P | K30: A | L30: P | M30: P | N30: P | O30: A | Q30: A | R30: P | S30: P | T30: P | U30: A | V30: P | X30: A | Y30: P | Z30: P | AA30: P | AB30: A | AC30: P | AE30: A | AF30: A | AK30: =COUNTIF(F30:AI30,"P") -> 13 | AL30: =COUNTIF(F30:AI30,"A") -> 9
A31: 1 | B31: 334 | C31: Aitina Sohail | D31: Sohail Sarwar Jatoi | E31: SIX | G31: P | H31: A | J31: P | K31: A | L31: A | M31: P | N31: P | O31: P | Q31: P | R31: P | S31: P | T31: P | U31: A | V31: P | X31: P | Y31: P | Z31: P | AA31: A | AB31: P | AC31: P | AE31: P | AF31: P | AK31: =COUNTIF(F31:AI31,"P") -> 17 | AL31: =COUNTIF(F31:AI31,"A") -> 5
A32: 2 | B32: 507 | C32: Ajwa Gul | D32: Sabir Hussain | E32: SIX | G32: A | H32: A | J32: A | K32: A | L32: A | M32: A | N32: A | O32: A | Q32: A | R32: A | S32: A | T32: A | U32: A | V32: A | X32: A | Y32: P | Z32: P | AA32: A | AB32: P | AC32: A | AE32: A | AF32: A | AK32: =COUNTIF(F32:AI32,"P") -> 3 | AL32: =COUNTIF(F32:AI32,"A") -> 19
A33: 3 | B33: 706 | C33: Alishba | D33: Maqsood Ahmed | E33: SIX | G33: A | H33: P | J33: P | K33: A | L33: A | M33: P | N33: P | O33: P | Q33: P | R33: P | S33: P | T33: P | U33: P | V33: P | X33: P | Y33: P | Z33: P | AA33: P | AB33: P | AC33: P | AE33: P | AF33: P | AK33: =COUNTIF(F33:AI33,"P") -> 19 | AL33: =COUNTIF(F33:AI33,"A") -> 3
A34: 4 | B34: 608 | C34: Anosha | D34: Altaf Hussain | E34: SIX | G34: A | H34: A | J34: A | K34: A | L34: A | M34: A | N34: A | O34: A | Q34: A | R34: A | S34: A | T34: A | U34: P | V34: A | X34: P | Y34: P | Z34: P | AA34: A | AB34: P | AC34: P | AE34: A | AF34: P | AK34: =COUNTIF(F34:AI34,"P") -> 7 | AL34: =COUNTIF(F34:AI34,"A") -> 15
A35: 5 | B35: 603 | C35: Dua Batool | D35: Faiq Ali | E35: SIX | G35: P | H35: P | J35: P | K35: P | L35: P | M35: P | N35: A | O35: A | Q35: P | R35: P | S35: A | T35: P | U35: A | V35: P | X35: A | Y35: P | Z35: A | AA35: P | AB35: P | AC35: P | AE35: P | AF35: P | AK35: =COUNTIF(F35:AI35,"P") -> 16 | AL35: =COUNTIF(F35:AI35,"A") -> 6
A36: 6 | B36: 503 | C36: Gul Naz | D36: Zahid Hussain | E36: SIX | G36: P | H36: P | J36: P | K36: P | L36: P | M36: P | N36: A | O36: P | Q36: P | R36: P | S36: P | T36: P | U36: A | V36: P | X36: P | Y36: P | Z36: P | AA36: P | AB36: P | AC36: P | AE36: P | AF36: P | AK36: =COUNTIF(F36:AI36,"P") -> 20 | AL36: =COUNTIF(F36:AI36,"A") -> 2
A37: 7 | B37: 606 | C37: Hina | D37: Lutufullah | E37: SIX | G37: P | H37: A | J37: A | K37: A | L37: A | M37: A | N37: A | O37: A | Q37: P | R37: A | S37: A | T37: A | U37: A | V37: A | X37: P | Y37: P | Z37: P | AA37: P | AB37: P | AC37: P | AE37: P | AF37: P | AK37: =COUNTIF(F37:AI37,"P") -> 10 | AL37: =COUNTIF(F37:AI37,"A") -> 12
A38: 8 | B38: 641 | C38: Sidra-tul Muntaha | D38: G.Murtaza | E38: SIX | G38: A | H38: A | J38: A | K38: A | L38: A | M38: A | N38: A | O38: A | Q38: A | R38: A | S38: A | T38: A | U38: A | V38: A | X38: P | Y38: A | Z38: A | AA38: A | AB38: A | AC38: A | AE38: A | AF38: A | AK38: =COUNTIF(F38:AI38,"P") -> 1 | AL38: =COUNTIF(F38:AI38,"A") -> 21
A39: 9 | B39: 610 | C39: Javeria Batool | D39: Imran Ali | E39: SIX | G39: A | H39: P | J39: A | K39: A | L39: A | M39: P | N39: P | O39: P | Q39: P | R39: P | S39: A | T39: P | U39: P | V39: P | X39: P | Y39: P | Z39: A | AA39: P | AB39: P | AC39: P | AE39: P | AF39: P | AK39: =COUNTIF(F39:AI39,"P") -> 16 | AL39: =COUNTIF(F39:AI39,"A") -> 6
A40: 10 | B40: 709 | C40: Khadija Bibi | D40: Zulfiqar Quraishi | E40: SIX | G40: P | H40: P | J40: P | K40: P | L40: P | M40: P | N40: P | O40: P | Q40: P | R40: P | S40: P | T40: P | U40: P | V40: P | X40: P | Y40: P | Z40: P | AA40: P | AB40: P | AC40: P | AE40: P | AF40: P | AK40: =COUNTIF(F40:AI40,"P") -> 22 | AL40: =COUNTIF(F40:AI40,"A") -> 0
A41: 11 | B41: 318 | C41: Laiba | D41: Amjad Hussain | E41: SIX | G41: A | H41: A | J41: A | K41: A | L41: A | M41: A | N41: A | O41: A | Q41: A | R41: A | S41: A | T41: A | U41: A | V41: A | X41: P | Y41: P | Z41: P | AA41: P | AB41: P | AC41: P | AE41: A | AF41: P | AK41: =COUNTIF(F41:AI41,"P") -> 7 | AL41: =COUNTIF(F41:AI41,"A") -> 15
... A45: 15 | B45: 708 | C45: Sidra Bibi | D45: Zulfiqar Quraishi | E45: SIX | G45: P | H45: P | J45: P | K45: P | L45: P | M45: P | N45: P | O45: P | Q45: P | R45: P | S45: P | T45: P | U45: P | V45: P | X45: P | Y45: P | Z45: P | AA45: P | AB45: P | AC45: P | AE45: P | AF45: P | AK45: =COUNTIF(F45:AI45,"P") -> 22 | AL45: =COUNTIF(F45:AI45,"A") -> 0
A46: 16 | C46: Sahar | D46: Sohail Sarwar Jatoi | E46: SIX | G46: P | H46: P | J46: P | K46: P | L46: P | M46: P | N46: P | O46: P | Q46: P | R46: P | S46: P | T46: P | U46: A | V46: P | X46: P | Y46: P | Z46: P | AA46: P | AB46: P | AC46: P | AE46: P | AF46: P | AK46: =COUNTIF(F46:AI46,"P") -> 21 | AL46: =COUNTIF(F46:AI46,"A") -> 1
A47: 17 | B47: 782 | C47: Sundas Qamar | D47: Imran Qamar | E47: SIX | G47: P | H47: A | J47: P | K47: P | L47: P | M47: P | N47: P | O47: P | Q47: P | R47: P | S47: P | T47: A | U47: P | V47: A | X47: P | Y47: P | Z47: P | AA47: P | AB47: P | AC47: P | AE47: P | AF47: P | AK47: =COUNTIF(F47:AI47,"P") -> 19 | AL47: =COUNTIF(F47:AI47,"A") -> 3
A48: 18 | B48: 469 | C48: Tayyaba Fatima | D48: Altaf Hussain | E48: SIX | G48: P | H48: A | J48: P | K48: P | L48: P | M48: P | N48: P | O48: P | Q48: P | R48: P | S48: P | T48: A | U48: P | V48: P | X48: P | Y48: P | Z48: P | AA48: P | AB48: P | AC48: P | AE48: P | AF48: P | AK48: =COUNTIF(F48:AI48,"P") -> 20 | AL48: =COUNTIF(F48:AI48,"A") -> 2
A49: 19 | B49: 388 | C49: Urooj | D49: Mehmood Khan | E49: SIX | G49: P | H49: A | J49: P | K49: P | L49: P | M49: P | N49: P | O49: P | Q49: P | R49: P | S49: P | T49: A | U49: P | V49: P | X49: P | Y49: P | Z49: P | AA49: P | AB49: P | AC49: P | AE49: P | AF49: P | AK49: =COUNTIF(F49:AI49,"P") -> 20 | AL49: =COUNTIF(F49:AI49,"A") -> 2
A50: 20 | B50: 510 | C50: Zahra Batool | D50: Zahid Hussain | E50: SIX | G50: P | H50: P | J50: P | K50: P | L50: P | M50: P | N50: P | O50: P | Q50: A | R50: P | S50: P | T50: P | U50: P | V50: P | X50: P | Y50: P | Z50: P | AA50: P | AB50: P | AC50: P | AE50: P | AF50: P | AK50: =COUNTIF(F50:AI50,"P") -> 21 | AL50: =COUNTIF(F50:AI50,"A") -> 1
A51: 21 | B51: 704 | C51: Zainab Bibi | D51: Bakhshal Ali | E51: SIX | G51: P | H51: A | J51: P | K51: P | L51: P | M51: P | N51: A | O51: A | Q51: P | R51: P | S51: A | T51: P | U51: A | V51: P | X51: P | Y51: P | Z51: P | AA51: A | AB51: P | AC51: P | AE51: P | AF51: P | AK51: =COUNTIF(F51:AI51,"P") -> 16 | AL51: =COUNTIF(F51:AI51,"A") -> 6
A52: 22 | B52: 852 | C52: Inshra | D52: Abdul Alber | E52: SIX | G52: P | H52: P | J52: P | K52: P | L52: P | M52: P | N52: P | O52: P | Q52: P | R52: P | S52: P | T52: P | U52: P | V52: P | X52: P | Y52: P | Z52: P | AA52: P | AB52: P | AC52: P | AE52: P | AF52: P | AK52: =COUNTIF(F52:AI52,"P") -> 22 | AL52: =COUNTIF(F52:AI52,"A") -> 0
A53: 23 | B53: 879 | C53: Maham | D53: irfan | E53: SIX | G53: A | H53: A | J53: P | K53: P | L53: P | M53: P | N53: P | O53: P | Q53: A | R53: P | S53: P | T53: P | U53: P | V53: P | X53: P | Y53: P | Z53: P | AA53: A | AB53: P | AC53: P | AE53: P | AF53: A | AK53: =COUNTIF(F53:AI53,"P") -> 17 | AL53: =COUNTIF(F53:AI53,"A") -> 5
A54: 24 | B54: 435 | C54: Nida | D54: Mehboob Ali | E54: SIX | G54: A | H54: P | J54: P | K54: A | L54: A | M54: A | N54: A | O54: A | Q54: P | R54: P | S54: P | T54: P | U54: P | V54: A | X54: P | Y54: P | Z54: P | AA54: P | AB54: P | AC54: P | AE54: A | AF54: P | AK54: =COUNTIF(F54:AI54,"P") -> 14 | AL54: =COUNTIF(F54:AI54,"A") -> 8
A55: 25 | B55: 712 | C55: Rukhsana | D55: M. Sultan | E55: SIX | G55: P | H55: P | J55: P | K55: P | L55: P | M55: A | N55: A | O55: A | Q55: P | R55: P | S55: P | T55: P | U55: P | V55: P | X55: P | Y55: P | Z55: P | AA55: P | AB55: P | AC55: P | AE55: A | AF55: P | AK55: =COUNTIF(F55:AI55,"P") -> 18 | AL55: =COUNTIF(F55:AI55,"A") -> 4

Sheet Class-7
A1: Goverment high school (SJCHS)
A2: Monthly Attendence Month of MAY-2025
A3: S.No | B3: GR | C3: Student Name | D3: Father Name | E3: Class | F3: Thu | G3: Fri | H3: Sat | I3: Sun | J3: Mon | K3: Tue | L3: Wed | M3: Thu | N3: Fri | O3: Sat | P3: Sun | Q3: Mon | R3: Tue | S3: Wed | T3: Thu | U3: Fri | V3: Sat | W3: Sun | X3: Mon | Y3: Tue | Z3: Wed | AA3: Thu | AB3: Fri | AC3: Sat | AD3: Sun | AE3: Mon | AF3: Tue | AG3: Wed | AH3: Thu | AI3: Fri | AJ3: Sat | AK3: Present | AL3: Absent | AM3: Year 2024
F4: 45778 | G4: 45779 | H4: 45780 | I4: 45781 | J4: 45782 | K4: 45783 | L4: 45784 | M4: 45785 | N4: 45786 | O4: 45787 | P4: 45788 | Q4: 45789 | R4: 45790 | S4: 45791 | T4: 45792 | U4: 45793 | V4: 45794 | W4: 45795 | X4: 45796 | Y4: 45797 | Z4: 45798 | AA4: 45799 | AB4: 45800 | AC4: 45801 | AD4: 45802 | AE4: 45803 | AF4: 45804 | AG4: 45805 | AH4: 45806 | AI4: 45807 | AJ4: 45808 | AM4: Total days | AN4: =SUM(AN5:AN6) -> 30
A5: 1 | B5: 474 | C5: Abdul Rehman | D5: Ahmed Ali | E5: Seven | F5: LABOUR DAY LABOUR DAY LABOUR DAY | G5: P | H5: P | I5: Sunday Sunday Sunday Sunday | J5: P | K5: P | L5: P | M5: P | N5: A | O5: P | P5: Sunday Sunday Sunday Sunday | Q5: A | R5: P | S5: P | T5: P | U5: P | V5: A | W5: Sunday Sunday Sunday Sunday | X5: P | Y5: P | Z5: P | AA5: P | AB5: P | AC5: P | AD5: Sunday Sunday Sunday Sunday | AE5: P | AF5: P | AK5: =COUNTIF(F5:AI5,"P") -> 19 | AL5: =COUNTIF(F5:AI5,"A") -> 3 | AM5: Working days | AN5: 26
A6: 2 | B6: 615 | C6: Abdul Samad | D6: Rehmatullah | E6: Seven | G6: P | H6: P | J6: P | K6: P | L6: P | M6: P | N6: P | O6: P | Q6: P | R6: P | S6: P | T6: P | U6: P | V6: P | X6: P | Y6: P | Z6: P | AA6: P | AB6: P | AC6: P | AE6: P | AF6: P | AK6: =COUNTIF(F6:AI6,"P") -> 22 | AL6: =COUNTIF(F6:AI6,"A") -> 0 | AM6: Sunday | AN6: 4
A7: 3 | B7: 635 | C7: Abdul Wassay | D7: Sohail Sarwar | E7: Seven | G7: P | H7: P | J7: A | K7: P | L7: A | M7: A | N7: P | O7: P | Q7: P | R7: P | S7: P | T7: P | U7: P | V7: P | X7: P | Y7: P | Z7: P | AA7: P | AB7: P | AC7: A | AE7: P | AF7: P | AK7: =COUNTIF(F7:AI7,"P") -> 18 | AL7: =COUNTIF(F7:AI7,"A") -> 4
A8: 4 | B8: 475 | C8: Abid Ali | D8: Ahmed Ali | E8: Seven | G8: P | H8: P | J8: P | K8: P | L8: P | M8: P | N8: A | O8: P | Q8: P | R8: P | S8: P | T8: P | U8: P | V8: P | X8: P | Y8: P | Z8: P | AA8: P | AB8: P | AC8: A | AE8: P | AF8: P | AK8: =COUNTIF(F8:AI8,"P") -> 20 | AL8: =COUNTIF(F8:AI8,"A") -> 2
A9: 5 | C9: Ayan | D9: Ahmed rafeeq | E9: Seven | G9: P | H9: A | J9: P | K9: P | L9: P | M9: P | N9: A | O9: A | Q9: P | R9: A | S9: P | T9: P | U9: P | V9: P | X9: P | Y9: P | Z9: P | AA9: P | AB9: P | AC9: A | AE9: P | AF9: P | AK9: =COUNTIF(F9:AI9,"P") -> 17 | AL9: =COUNTIF(F9:AI9,"A") -> 5
A10: 6 | B10: 343 | C10: Danish | D10: Imdad Ali | E10: Seven | G10: P | H10: P | J10: P | K10: P | L10: P | M10: P | N10: A | O10: P | Q10: P | R10: P | S10: A | T10: A | U10: P | V10: P | X10: P | Y10: P | Z10: P | AA10: P | AB10: P | AC10: P | AE10: P | AF10: P | AK10: =COUNTIF(F10:AI10,"P") -> 19 | AL10: =COUNTIF(F10:AI10,"A") -> 3
A11: 7 | B11: 565 | C11: M.sameer | D11: Fazal Muhammad | E11: Seven | G11: P | H11: P | J11: P | K11: P | L11: P | M11: P | N11: P | O11: P | Q11: P | R11: P | S11: P | T11: P | U11: P | V11: P | X11: P | Y11: P | Z11: P | AA11: P | AB11: P | AC11: P | AE11: P | AF11: P | AK11: =COUNTIF(F11:AI11,"P") -> 22 | AL11: =COUNTIF(F11:AI11,"A") -> 0 | AM11: Present Days Detail
A12: 8 | B12: 616 | C12: M.Muzammil | D12: Ahmed ali | E12: Seven | G12: P | H12: P | J12: P | K12: P | L12: P | M12: P | N12: P | O12: P | Q12: P | R12: P | S12: P | T12: P | U12: P | V12: P | X12: P | Y12: P | Z12: P | AA12: P | AB12: P | AC12: P | AE12: P | AF12: P | AK12: =COUNTIF(F12:AI12,"P") -> 22 | AL12: =COUNTIF(F12:AI12,"A") -> 0 | AM12: Detail | AN12: Boys | AO12: Girls | AP12: Total
A13: 9 | C13: Meer Majid | D13: Haji Iqbal | E13: Seven | G13: P | H13: A | J13: A | K13: A | L13: A | M13: A | N13: A | O13: A | Q13: A | R13: A | S13: A | T13: A | U13: A | V13: A | X13: A | Y13: P | Z13: P | AA13: P | AB13: P | AC13: A | AE13: P | AF13: P | AK13: =COUNTIF(F13:AI13,"P") -> 7 | AL13: =COUNTIF(F13:AI13,"A") -> 15 | AM13: Due Present days | AN13: =17*$AN$5 -> 442 | AO13: =28*$AN$5 -> 728 | AP13: =SUM(AN13:AO13) -> 1170
A14: 10 | B14: 715 | C14: M. Tayyab | D14: Javaid Ali | E14: Seven | G14: P | H14: P | J14: P | K14: P | L14: P | M14: P | N14: P | O14: P | Q14: P | R14: P | S14: P | T14: P | U14: P | V14: P | X14: P | Y14: P | Z14: P | AA14: P | AB14: P | AC14: P | AE14: P | AF14: P | AK14: =COUNTIF(F14:AI14,"P") -> 22 | AL14: =COUNTIF(F14:AI14,"A") -> 0 | AM14: Actual present days | AN14: =SUM(AK5:AK21) -> 294 | AO14: =SUM(AK22:AK48) -> 548 | AP14: =AN14+AO14 -> 842
A15: 11 | B15: 568 | C15: Uzair Ahmed | D15: Abdul Sattar | E15: Seven | G15: A | H15: A | J15: A | K15: A | L15: A | M15: A | N15: A | O15: A | Q15: A | R15: P | S15: A | T15: P | U15: P | V15: P | X15: P | Y15: P | Z15: P | AA15: P | AB15: P | AC15: P | AE15: P | AF15: P | AK15: =COUNTIF(F15:AI15,"P") -> 12 | AL15: =COUNTIF(F15:AI15,"A") -> 10 | AM15: % | AN15: =AN14/AN13 -> 0.66515837 | AO15: =AO14/AO13 -> 0.75274725 | AP15: =AP14/AP13 -> 0.71965812
A16: 12 | B16: 620 | C16: Joun Ali | D16: Imran Ali | E16: Seven | G16: A | H16: P | J16: P | K16: P | L16: P | M16: A | N16: P | O16: P | Q16: A | R16: P | S16: A | T16: P | U16: P | V16: P | X16: P | Y16: P | Z16: P | AA16: P | AB16: P | AC16: A | AE16: P | AF16: P | AK16: =COUNTIF(F16:AI16,"P") -> 17 | AL16: =COUNTIF(F16:AI16,"A") -> 5
A17: 13 | C17: Ali Khan | E17: Seven | G17: P | H17: P | J17: P | K17: P | L17: P | M17: P | N17: P | O17: P | Q17: P | R17: P | S17: P | T17: P | U17: P | V17: A | X17: P | Y17: P | Z17: P | AA17: P | AB17: A | AC17: P | AE17: P | AF17: P | AK17: =COUNTIF(F17:AI17,"P") -> 20 | AL17: =COUNTIF(F17:AI17,"A") -> 2
A18: 14 | C18: Ameer Hamza | E18: Seven | G18: P | H18: A | J18: P | K18: P | L18: P | M18: L | N18: A | O18: P | Q18: P | R18: P | S18: P | T18: P | U18: P | V18: P | X18: P | Y18: P | Z18: P | AA18: P | AB18: A | AC18: P | AE18: P | AF18: P | AK18: =COUNTIF(F18:AI18,"P") -> 18 | AL18: =COUNTIF(F18:AI18,"A") -> 3
A19: 15 | C19: Muzamil | E19: Seven | G19: A | H19: A | J19: A | K19: A | L19: A | M19: A | N19: A | O19: A | Q19: P | R19: A | S19: A | T19: P | U19: P | V19: A | X19: P | Y19: P | Z19: P | AA19: P | AB19: A | AC19: P | AE19: P | AF19: P | AK19: =COUNTIF(F19:AI19,"P") -> 10 | AL19: =COUNTIF(F19:AI19,"A") -> 12 | AM19: Absent Days Details
A20: 16 | C20: M.Anwar | E20: Seven | G20: A | H20: A | J20: A | K20: A | L20: A | M20: A | N20: A | O20: A | Q20: P | R20: A | S20: A | T20: P | U20: A | V20: A | X20: P | Y20: P | Z20: P | AA20: P | AB20: A | AC20: P | AE20: P | AF20: P | AK20: =COUNTIF(F20:AI20,"P") -> 9 | AL20: =COUNTIF(F20:AI20,"A") -> 13 | AM20: Detail | AN20: Boys | AO20: Girls | AP20: Total
A21: 17 | C21: Nisar Ali | E21: Seven | G21: P | H21: P | J21: P | K21: P | L21: P | M21: P | N21: P | O21: P | Q21: A | R21: P | S21: P | T21: P | U21: P | V21: P | X21: P | Y21: P | Z21: P | AA21: P | AB21: A | AC21: P | AE21: P | AF21: P | AK21: =COUNTIF(F21:AI21,"P") -> 20 | AL21: =COUNTIF(F21:AI21,"A") -> 2 | AM21: Due Present days | AN21: =17*$AN$5 -> 442 | AO21: =28*$AN$5 -> 728 | AP21: =AN21+AO21 -> 1170
A22: 18 | C22: Hasnain khadim | E22: Seven | G22: A | H22: A | J22: A | K22: A | L22: A | M22: A | N22: A | O22: A | Q22: A | R22: A | S22: A | T22: A | U22: A | V22: A | X22: P | Y22: P | Z22: P | AA22: P | AB22: A | AC22: P | AE22: A | AF22: P | AK22: =COUNTIF(F22:AI22,"P") -> 6 | AL22: =COUNTIF(F22:AI22,"A") -> 16 | AM22: Absent days | AN22: =AN21-AN14 -> 148 | AO22: =AO21-AO14 -> 180 | AP22: =AN22+AO22 -> 328
A23: 19 | C23: Bismillah Khan | E23: Seven | G23: P | H23: P | J23: P | K23: P | L23: P | M23: P | N23: A | O23: P | Q23: P | R23: P | S23: P | T23: P | U23: P | V23: A | X23: P | Y23: P | Z23: P | AA23: P | AB23: P | AC23: A | AE23: P | AF23: P | AK23: =COUNTIF(F23:AI23,"P") -> 19 | AL23: =COUNTIF(F23:AI23,"A") -> 3 | AM23: % | AN23: =AN22/AN21 -> 0.33484163 | AO23: =AO22/AO21 -> 0.24725275 | AP23: =AP22/AP21 -> 0.28034188
A24: 20 | C24: Ameenullah odho | E24: Seven | G24: P | H24: P | J24: P | K24: P | L24: P | M24: P | N24: P | O24: P | Q24: P | R24: P | S24: P | T24: P | U24: P | V24: P | X24: P | Y24: P | Z24: P | AA24: P | AB24: P | AC24: P | AE24: P | AF24: P | AK24: =COUNTIF(F24:AI24,"P") -> 22 | AL24: =COUNTIF(F24:AI24,"A") -> 0
A25: 21 | C25: Azan | E25: Seven | G25: P | H25: P | J25: P | K25: P | L25: P | M25: P | N25: P | O25: P | Q25: P | R25: P | S25: P | T25: P | U25: P | V25: P | X25: P | Y25: P | Z25: P | AA25: P | AB25: P | AC25: P | AE25: P | AF25: P | AK25: =COUNTIF(F25:AI25,"P") -> 22 | AL25: =COUNTIF(F25:AI25,"A") -> 0
A26: 22 | C26: Fawad Hussain | E26: Seven | G26: P | H26: P | J26: P | K26: P | L26: P | M26: P | N26: P | O26: P | Q26: P | R26: P | S26: P | T26: P | U26: P | V26: A | X26: P | Y26: P | Z26: P | AA26: P | AB26: A | AC26: A | AE26: P | AF26: P | AK26: =COUNTIF(F26:AI26,"P") -> 19 | AL26: =COUNTIF(F26:AI26,"A") -> 3
A27: 23 | C27: Imran | G27: - | H27: - | J27: p | K27: p | L27: p | M27: p | N27: p | O27: p | Q27: p | R27: p | S27: p | T27: p | U27: p | V27: p | X27: p | Y27: p | Z27: P | AA27: P | AB27: P | AC27: A | AE27: P | AF27: P | AK27: =COUNTIF(F27:AI27,"P") -> 19 | AL27: =COUNTIF(F27:AI27,"A") -> 1
A28: 1 | B28: 713 | C28: Amna | D28: Asghar Ali | E28: Seven | G28: p | H28: p | J28: p | K28: p | L28: p | M28: p | N28: p | O28: p | Q28: p | R28: p | S28: p | T28: p | U28: p | V28: p | X28: p | Y28: p | Z28: P | AA28: P | AB28: P | AC28: P | AE28: P | AF28: P | AK28: =COUNTIF(F28:AI28,"P") -> 22 | AL28: =COUNTIF(F28:AI28,"A") -> 0
A29: 2 | B29: 354 | C29: Batool | D29: Sajid Ali | E29: Seven | G29: p | H29: p | J29: p | K29: p | L29: p | M29: p | N29: p | O29: p | Q29: p | R29: p | S29: p | T29: p | U29: p | V29: p | X29: p | Y29: p | Z29: P | AA29: P | AB29: P | AC29: P | AE29: P | AF29: P | AK29: =COUNTIF(F29:AI29,"P") -> 22 | AL29: =COUNTIF(F29:AI29,"A") -> 0
A30: 3 | B30: 716 | C30: Faiza | D30: Tanveer Ahmed | E30: Seven | G30: p | H30: A | J30: P | K30: P | L30: P | M30: P | N30: A | O30: P | Q30: P | R30: P | S30: P | T30: P | U30: P | V30: P | X30: P | Y30: P | Z30: P | AA30: P | AB30: P | AC30: P | AE30: P | AF30: P | AK30: =COUNTIF(F30:AI30,"P") -> 20 | AL30: =COUNTIF(F30:AI30,"A") -> 2
A31: 4 | B31: 566 | C31: Fatima | D31: Zahid Hussain | E31: Seven | G31: P | H31: P | J31: P | K31: P | L31: P | M31: P | N31: P | O31: P | Q31: P | R31: P | S31: P | T31: P | U31: P | V31: P | X31: P | Y31: P | Z31: P | AA31: P | AB31: P | AC31: P | AE31: P | AF31: P | AK31: =COUNTIF(F31:AI31,"P") -> 22 | AL31: =COUNTIF(F31:AI31,"A") -> 0
A32: 5 | B32: 348 | C32: Kaneez Fatima | D32: Rizwan Ali | E32: Seven | G32: P | H32: P | J32: P | K32: P | L32: P | M32: P | N32: P | O32: P | Q32: P | R32: P | S32: P | T32: P | U32: P | V32: P | X32: P | Y32: P | Z32: P | AA32: P | AB32: P | AC32: P | AE32: P | AF32: P | AK32: =COUNTIF(F32:AI32,"P") -> 22 | AL32: =COUNTIF(F32:AI32,"A") -> 0
A33: 6 | B33: 618 | C33: Mahnoor Fatima | D33: Ghulam Yaseen | E33: Seven | G33: P | H33: P | J33: P | K33: P | L33: P | M33: P | N33: P | O33: P | Q33: P | R33: P | S33: P | T33: P | U33: P | V33: P | X33: P | Y33: P | Z33: P | AA33: P | AB33: P | AC33: P | AE33: P | AF33: P | AK33: =COUNTIF(F33:AI33,"P") -> 22 | AL33: =COUNTIF(F33:AI33,"A") -> 0
A34: 7 | B34: 443 | C34: Maryam | D34: Rehmatullah | E34: Seven | G34: P | H34: P | J34: P | K34: P | L34: P | M34: P | N34: P | O34: P | Q34: P | R34: P | S34: P | T34: P | U34: P | V34: P | X34: P | Y34: P | Z34: P | AA34: P | AB34: P | AC34: P | AE34: P | AF34: P | AK34: =COUNTIF(F34:AI34,"P") -> 22 | AL34: =COUNTIF(F34:AI34,"A") -> 0
A35: 8 | B35: 614 | C35: Maryam | D35: Zulfiqaar Ali | E35: Seven | G35: P | H35: P | J35: P | K35: P | L35: P | M35: P | N35: P | O35: P | Q35: P | R35: P | S35: P | T35: P | U35: P | V35: P | X35: P | Y35: P | Z35: P | AA35: P | AB35: P | AC35: P | AE35: P | AF35: P | AK35: =COUNTIF(F35:AI35,"P") -> 22 | AL35: =COUNTIF(F35:AI35,"A") -> 0
A36: 9 | B36: 778 | C36: Naina Naz | D36: Khawar Ali | E36: Seven | G36: P | H36: P | J36: P | K36: P | L36: P | M36: P | N36: P | O36: P | Q36: P | R36: P | S36: P | T36: P | U36: P | V36: P | X36: P | Y36: P | Z36: P | AA36: P | AB36: P | AC36: P | AE36: P | AF36: P | AK36: =COUNTIF(F36:AI36,"P") -> 22 | AL36: =COUNTIF(F36:AI36,"A") -> 0
A37: 10 | C37: Noor Muqadis | D37: Muhammad Idrees | E37: Seven | G37: P | H37: P | J37: P | K37: P | L37: P | M37: P | N37: P | O37: P | Q37: P | R37: P | S37: P | T37: P | U37: P | V37: A | X37: P | Y37: P | Z37: P | AA37: P | AB37: L | AC37: L | AE37: P | AF37: P | AK37: =COUNTIF(F37:AI37,"P") -> 19 | AL37: =COUNTIF(F37:AI37,"A") -> 1
A38: 11 | C38: Rubina | D38: Zulfiqaar Ali | E38: Seven | G38: P | H38: P | J38: P | K38: P | L38: P | M38: P | N38: P | O38: P | Q38: P | R38: P | S38: P | T38: P | U38: P | V38: P | X38: P | Y38: P | Z38: P | AA38: P | AB38: P | AC38: P | AE38: P | AF38: P | AK38: =COUNTIF(F38:AI38,"P") -> 22 | AL38: =COUNTIF(F38:AI38,"A") -> 0
A39: 12 | C39: Sana Jamali | D39: Rehmatullah | E39: Seven | G39: P | H39: P | J39: P | K39: P | L39: P | M39: P | N39: P | O39: P | Q39: P | R39: P | S39: P | T39: P | U39: P | V39: P | X39: P | Y39: P | Z39: P | AA39: P | AB39: P | AC39: P | AE39: P | AF39: P | AK39: =COUNTIF(F39:AI39,"P") -> 22 | AL39: =COUNTIF(F39:AI39,"A") -> 0
A40: 13 | C40: Sawera | D40: Abdul Raheem | E40: Seven | G40: P | H40: P | J40: P | K40: P | L40: P | M40: P | N40: P | O40: P | Q40: P | R40: P | S40: P | T40: P | U40: P | V40: P | X40: P | Y40: P | Z40: P | AA40: P | AB40: A | AC40: P | AE40: P | AF40: P | AK40: =COUNTIF(F40:AI40,"P") -> 21 | AL40: =COUNTIF(F40:AI40,"A") -> 1
A41: 14 | C41: Shabnam | D41: Abdul Hameed | E41: Seven | G41: P | H41: P | J41: P | K41: P | L41: P | M41: P | N41: P | O41: P | Q41: P | R41: P | S41: P | T41: P | U41: P | V41: P | X41: P | Y41: P | Z41: P | AA41: P | AB41: P | AC41: P | AE41: P | AF41: P | AK41: =COUNTIF(F41:AI41,"P") -> 22 | AL41: =COUNTIF(F41:AI41,"A") -> 0
A42: 15 | C42: Shaista | D42: Naseer Ahmed | E42: Seven | G42: P | H42: A | J42: P | K42: P | L42: P | M42: A | N42: P | O42: A | Q42: P | R42: P | S42: P | T42: P | U42: P | V42: P | X42: P | Y42: P | Z42: P | AA42: P | AB42: P | AC42: P | AE42: P | AF42: P | AK42: =COUNTIF(F42:AI42,"P") -> 19 | AL42: =COUNTIF(F42:AI42,"A") -> 3
A43: 16 | C43: Zohrra | D43: Zaheer Ahmed | E43: Seven | G43: P | H43: P | J43: P | K43: P | L43: P | M43: P | N43: P | O43: P | Q43: P | R43: P | S43: P | T43: P | U43: P | V43: P | X43: P | Y43: P | Z43: P | AA43: P | AB43: P | AC43: P | AE43: P | AF43: P | AK43: =COUNTIF(F43:AI43,"P") -> 22 | AL43: =COUNTIF(F43:AI43,"A") -> 0
A44: 17 | C44: Zainab Khatoon | D44: Sohrab | E44: Seven | G44: P | H44: P | J44: P | K44: P | L44: P | M44: P | N44: P | O44: P | Q44: P | R44: P | S44: P | T44: P | U44: P | V44: P | X44: P | Y44: P | Z44: P | AA44: P | AB44: P | AC44: P | AE44: P | AF44: P | AK44: =COUNTIF(F44:AI44,"P") -> 22 | AL44: =COUNTIF(F44:AI44,"A") -> 0
A45: 18 | C45: Muskan | D45: Muhammad Ali | E45: Seven | G45: A | H45: P | J45: P | K45: P | L45: P | M45: P | N45: P | O45: P | Q45: P | R45: P | S45: P | T45: P | U45: P | V45: P | X45: P | Y45: P | Z45: P | AA45: P | AB45: P | AC45: P | AE45: P | AF45: P | AK45: =COUNTIF(F45:AI45,"P") -> 21 | AL45: =COUNTIF(F45:AI45,"A") -> 1
A46: 19 | C46: Zara Bano | D46: Nabi Bux | E46: Seven | G46: P | H46: P | J46: P | K46: P | L46: P | M46: P | N46: P | O46: P | Q46: P | R46: P | S46: P | T46: P | U46: P | V46: P | X46: P | Y46: P | Z46: P | AA46: P | AB46: P | AC46: P | AE46: P | AF46: P | AK46: =COUNTIF(F46:AI46,"P") -> 22 | AL46: =COUNTIF(F46:AI46,"A") -> 0
A47: 20 | C47: Rimsha Khatoon | E47: Seven | G47: A | H47: A | J47: A | K47: A | L47: A | M47: A | N47: A | O47: A | Q47: P | R47: A | S47: A | T47: P | U47: P | V47: P | X47: P | Y47: P | Z47: P | AA47: P | AB47: P | AC47: P | AE47: P | AF47: P | AK47: =COUNTIF(F47:AI47,"P") -> 12 | AL47: =COUNTIF(F47:AI47,"A") -> 10
A48: 21 | C48: Seerat Fatima | E48: Seven | G48: P | H48: P | J48: P | K48: P | L48: P | M48: P | N48: P | O48: P | Q48: P | R48: P | S48: P | T48: P | U48: P | V48: P | X48: P | Y48: P | Z48: P | AA48: P | AB48: A | AC48: P | AE48: P | AF48: P | AK48: =COUNTIF(F48:AI48,"P") -> 21 | AL48: =COUNTIF(F48:AI48,"A") -> 1
A49: 22 | C49: Aiman Ghaffar | D49: Abdul Ghaffar | E49: Seven | G49: P | H49: P | J49: P | K49: P | L49: P | M49: P | N49: P | O49: P | Q49: P | R49: P | S49: P | T49: P | U49: P | V49: P | X49: P | Y49: P | Z49: P | AA49: P | AB49: L | AC49: P | AE49: P | AF49: P | AK49: =COUNTIF(F49:AI49,"P") -> 21 | AL49: =COUNTIF(F49:AI49,"A") -> 0
A50: 23 | C50: Rafia | D50: Aman | E50: Seven | G50: P | H50: P | J50: P | K50: A | L50: P | M50: P | N50: P | O50: P | Q50: P | R50: P | S50: P | T50: P | U50: P | V50: P | X50: P | Y50: P | Z50: P | AA50: P | AB50: P | AC50: P | AE50: P | AF50: P | AK50: =COUNTIF(F50:AI50,"P") -> 21 | AL50: =COUNTIF(F50:AI50,"A") -> 1
A51: 24 | C51: Misbah | D51: Gulraiz | E51: Seven | G51: A | H51: A | J51: P | K51: P | L51: A | M51: P | N51: P | O51: P | Q51: P | R51: P | S51: P | T51: P | U51: P | V51: P | X51: P | Y51: P | Z51: P | AA51: P | AB51: P | AC51: P | AE51: P | AF51: P | AK51: =COUNTIF(F51:AI51,"P") -> 19 | AL51: =COUNTIF(F51:AI51,"A") -> 3

Sheet class-8
A1: Goverment high school (SJCHS)
A2: Monthly Attendence Month of MAY-2025
A3: S.No | B3: GR | C3: Student Name | D3: Father Name | E3: Class | F3: Thu | G3: Fri | H3: Sat | I3: Sun | J3: Mon | K3: Tue | L3: Wed | M3: Thu | N3: Fri | O3: Sat | P3: Sun | Q3: Mon | R3: Tue | S3: Wed | T3: Thu | U3: Fri | V3: Sat | W3: Sun | X3: Mon | Y3: Tue | Z3: Wed | AA3: Thu | AB3: Fri | AC3: Sat | AD3: Sun | AE3: Mon | AF3: Tue | AG3: Wed | AH3: Thu | AI3: Fri | AJ3: Sat | AK3: Present | AL3: Absent | AM3: Year 2024
F4: 45778 | G4: 45779 | H4: 45780 | I4: 45781 | J4: 45782 | K4: 45783 | L4: 45784 | M4: 45785 | N4: 45786 | O4: 45787 | P4: 45788 | Q4: 45789 | R4: 45790 | S4: 45791 | T4: 45792 | U4: 45793 | V4: 45794 | W4: 45795 | X4: 45796 | Y4: 45797 | Z4: 45798 | AA4: 45799 | AB4: 45800 | AC4: 45801 | AD4: 45802 | AE4: 45803 | AF4: 45804 | AG4: 45805 | AH4: 45806 | AI4: 45807 | AJ4: 45808 | AM4: Total days | AN4: =SUM(AN5:AN8) -> 30
A5: 1 | B5: 885 | C5: Abdullah | D5: Imtaiz Ali | E5: Eight | F5: LABOUR DAY LABOUR DAY LABOUR DAY | G5: P | H5: P | I5: SUNDAY SUNDAY SUNDAY SUNDAY | J5: P | K5: P | L5: P | M5: A | N5: P | O5: P | P5: SUNDAY SUNDAY SUNDAY SUNDAY | Q5: P | R5: P | S5: P | T5: P | U5: P | V5: P | W5: SUNDAY SUNDAY SUNDAY SUNDAY | X5: P | Y5: P | Z5: P | AA5: P | AB5: P | AC5: P | AD5: SUNDAY SUNDAY SUNDAY SUNDAY | AE5: P | AF5: P | AK5: =COUNTIF(F5:AI5,"P") -> 21 | AL5: =COUNTIF(F5:AI5,"A") -> 1 | AM5: Working days | AN5: 26
A6: 2 | B6: 482 | C6: Adil Khan | D6: Ejaz Ali | E6: Eight | G6: P | H6: P | J6: P | K6: P | L6: A | M6: P | N6: A | O6: A | Q6: A | R6: A | S6: P | T6: A | U6: P | V6: A | X6: P | Y6: P | Z6: A | AA6: A | AB6: A | AC6: A | AE6: P | AF6: P | AK6: =COUNTIF(F6:AI6,"P") -> 11 | AL6: =COUNTIF(F6:AI6,"A") -> 11 | AM6: Sunday | AN6: 4
A7: 3 | B7: 721 | C7: Danish | D7: M.Maroof | E7: Eight | G7: P | H7: P | J7: P | K7: P | L7: P | M7: P | N7: P | O7: P | Q7: P | R7: P | S7: P | T7: P | U7: P | V7: P | X7: P | Y7: P | Z7: P | AA7: P | AB7: P | AC7: P | AE7: P | AF7: P | AK7: =COUNTIF(F7:AI7,"P") -> 22 | AL7: =COUNTIF(F7:AI7,"A") -> 0
A8: 4 | B8: 342 | C8: Daniyal | D8: Imdad Ali | E8: Eight | G8: P | H8: P | J8: P | K8: P | L8: P | M8: P | N8: P | O8: P | Q8: A | R8: P | S8: P | T8: P | U8: P | V8: P | X8: P | Y8: P | Z8: P | AA8: P | AB8: P | AC8: P | AE8: P | AF8: P | AK8: =COUNTIF(F8:AI8,"P") -> 21 | AL8: =COUNTIF(F8:AI8,"A") -> 1
A9: 5 | B9: 625 | C9: Hamza Nisar | D9: Nisar ali | E9: Eight | G9: A | H9: P | J9: A | K9: P | L9: P | M9: P | N9: P | O9: A | Q9: A | R9: P | S9: P | T9: A | U9: P | V9: P | X9: P | Y9: P | Z9: P | AA9: A | AB9: A | AC9: A | AE9: P | AF9: P | AK9: =COUNTIF(F9:AI9,"P") -> 14 | AL9: =COUNTIF(F9:AI9,"A") -> 8
A10: 6 | B10: 627 | C10: Haseeb Hyder | D10: Manzoor Ahmed | E10: Eight | G10: P | H10: P | J10: P | K10: P | L10: P | M10: P | N10: P | O10: A | Q10: P | R10: P | S10: P | T10: P | U10: P | V10: P | X10: P | Y10: P | Z10: P | AA10: P | AB10: P | AC10: A | AE10: P | AF10: P | AK10: =COUNTIF(F10:AI10,"P") -> 20 | AL10: =COUNTIF(F10:AI10,"A") -> 2
A11: 7 | B11: 723 | C11: Hasnain G. Nabi | D11: Ghulam Nabi | E11: Eight | G11: P | H11: P | J11: P | K11: P | L11: P | M11: P | N11: P | O11: P | Q11: P | R11: P | S11: P | T11: P | U11: P | V11: P | X11: P | Y11: P | Z11: P | AA11: P | AB11: P | AC11: P | AE11: P | AF11: P | AK11: =COUNTIF(F11:AI11,"P") -> 22 | AL11: =COUNTIF(F11:AI11,"A") -> 0 | AM11: Present Days Detail
A12: 8 | B12: 624 | C12: Hasnain Raza | D12: Ahmed Ali | E12: Eight | G12: P | H12: P | J12: P | K12: P | L12: P | M12: P | N12: P | O12: P | Q12: P | R12: P | S12: P | T12: P | U12: P | V12: P | X12: P | Y12: P | Z12: P | AA12: P | AB12: P | AC12: P | AE12: P | AF12: P | AK12: =COUNTIF(F12:AI12,"P") -> 22 | AL12: =COUNTIF(F12:AI12,"A") -> 0 | AM12: Detail | AN12: Boys | AO12: Girls | AP12: Total
A13: 9 | B13: 718 | C13: Hasnain yasir | D13: Yasir Ahmed | E13: Eight | G13: A | H13: A | J13: P | K13: P | L13: P | M13: P | N13: P | O13: P | Q13: P | R13: P | S13: P | T13: P | U13: P | V13: P | X13: P | Y13: P | Z13: P | AA13: P | AB13: P | AC13: P | AE13: P | AF13: P | AK13: =COUNTIF(F13:AI13,"P") -> 20 | AL13: =COUNTIF(F13:AI13,"A") -> 2 | AM13: Due Present days | AN13: =29*$AN$5 -> 754 | AO13: =19*$AN$5 -> 494 | AP13: =SUM(AN13:AO13) -> 1248
A14: 10 | B14: 628 | C14: Irfan Ali | D14: Ali Murad | E14: Eight | G14: P | H14: P | J14: P | K14: P | L14: P | M14: L | N14: L | O14: L | Q14: P | R14: P | S14: P | T14: P | U14: P | V14: P | X14: P | Y14: P | Z14: P | AA14: P | AB14: P | AC14: P | AE14: P | AF14: P | AK14: =COUNTIF(F14:AI14,"P") -> 19 | AL14: =COUNTIF(F14:AI14,"A") -> 0 | AM14: Actual present days | AN14: =SUM(AK5:AK32) -> 527 | AO14: =SUM(AK33:AK46) -> 247 | AP14: =AN14+AO14 -> 774
A15: 11 | B15: 621 | C15: Mubashir | D15: Gulzar Ahmed | E15: Eight | G15: P | H15: P | J15: P | K15: P | L15: P | M15: P | N15: P | O15: P | Q15: P | R15: P | S15: P | T15: P | U15: P | V15: P | X15: P | Y15: P | Z15: P | AA15: P | AB15: P | AC15: P | AE15: P | AF15: P | AK15: =COUNTIF(F15:AI15,"P") -> 22 | AL15: =COUNTIF(F15:AI15,"A") -> 0 | AM15: % | AN15: =AN14/AN13 -> 0.69893899 | AO15: =AO14/AO13 -> 0.5 | AP15: =AP14/AP13 -> 0.62019231
A16: 12 | B16: 639 | C16: M. Hassan | D16: Zulfirar Ali | E16: Eight | G16: P | H16: P | J16: P | K16: P | L16: P | M16: P | N16: P | O16: L | Q16: P | R16: P | S16: P | T16: P | U16: P | V16: P | X16: P | Y16: P | Z16: P | AA16: P | AB16: P | AC16: P | AE16: P | AF16: P | AK16: =COUNTIF(F16:AI16,"P") -> 21 | AL16: =COUNTIF(F16:AI16,"A") -> 0
A17: 13 | B17: 762 | C17: M. Mairaj | D17: Abdullah | E17: Eight | G17: P | H17: P | J17: P | K17: P | L17: P | M17: P | N17: P | O17: P | Q17: P | R17: P | S17: P | T17: P | U17: P | V17: P | X17: P | Y17: P | Z17: P | AA17: P | AB17: P | AC17: P | AE17: P | AF17: P | AK17: =COUNTIF(F17:AI17,"P") -> 22 | AL17: =COUNTIF(F17:AI17,"A") -> 0
A18: 14 | B18: 719 | C18: M. Mudasir | D18: Gulzar Ahmed | E18: Eight | G18: A | H18: A | J18: A | K18: A | L18: A | M18: A | N18: A | O18: A | Q18: A | R18: A | S18: A | T18: A | U18: A | V18: A | X18: P | Y18: P | Z18: A | AA18: A | AB18: A | AC18: P | AE18: A | AF18: A | AK18: =COUNTIF(F18:AI18,"P") -> 3 | AL18: =COUNTIF(F18:AI18,"A") -> 19 | AM18: Absent Days Details
A19: 15 | B19: 725 | C19: M. Raza | D19: M.Asif | E19: Eight | G19: A | H19: P | J19: P | K19: P | L19: P | M19: P | N19: P | O19: P | Q19: P | R19: P | S19: P | T19: P | U19: P | V19: P | X19: P | Y19: P | Z19: P | AA19: P | AB19: P | AC19: P | AE19: P | AF19: P | AK19: =COUNTIF(F19:AI19,"P") -> 21 | AL19: =COUNTIF(F19:AI19,"A") -> 1 | AM19: Detail | AN19: Boys | AO19: Girls | AP19: Total
A20: 16 | B20: 724 | C20: M. Usman | D20: M.Asif | E20: Eight | G20: A | H20: P | J20: P | K20: P | L20: P | M20: P | N20: P | O20: P | Q20: P | R20: P | S20: P | T20: P | U20: P | V20: P | X20: P | Y20: P | Z20: P | AA20: P | AB20: P | AC20: P | AE20: P | AF20: P | AK20: =COUNTIF(F20:AI20,"P") -> 21 | AL20: =COUNTIF(F20:AI20,"A") -> 1 | AM20: Due Present days | AN20: =29*$AN$5 -> 754 | AO20: =19*$AN$5 -> 494 | AP20: =AN20+AO20 -> 1248
A21: 17 | B21: 406 | C21: Rizwan Ali | D21: Arbab Ali | E21: Eight | G21: P | H21: P | J21: L | K21: P | L21: P | M21: P | N21: P | O21: P | Q21: P | R21: P | S21: P | T21: P | U21: P | V21: P | X21: P | Y21: P | Z21: P | AA21: P | AB21: P | AC21: P | AE21: P | AF21: P | AK21: =COUNTIF(F21:AI21,"P") -> 21 | AL21: =COUNTIF(F21:AI21,"A") -> 0 | AM21: Absent days | AN21: =AN20-AN14 -> 227 | AO21: =AO20-AO14 -> 247 | AP21: =AN21+AO21 -> 474
A22: 18 | B22: 849 | C22: Safiullah Hafeez | D22: Hafizullah Somroo | E22: Eight | G22: A | H22: A | J22: P | K22: A | L22: P | M22: P | N22: P | O22: P | Q22: P | R22: P | S22: P | T22: P | U22: P | V22: P | X22: P | Y22: P | Z22: P | AA22: P | AB22: P | AC22: P | AE22: P | AF22: P | AK22: =COUNTIF(F22:AI22,"P") -> 19 | AL22: =COUNTIF(F22:AI22,"A") -> 3 | AM22: % | AN22: =AN21/AN20 -> 0.30106101 | AO22: =AO21/AO20 -> 0.5 | AP22: =AP21/AP20 -> 0.37980769
A23: 19 | B23: 514 | C23: Sohail Ahmed | D23: Ahmed Ali | E23: Eight | G23: A | H23: P | J23: P | K23: P | L23: A | M23: P | N23: A | O23: P | Q23: A | R23: P | S23: P | T23: P | U23: P | V23: P | X23: P | Y23: P | Z23: P | AA23: P | AB23: P | AC23: P | AE23: P | AF23: P | AK23: =COUNTIF(F23:AI23,"P") -> 18 | AL23: =COUNTIF(F23:AI23,"A") -> 4
A24: 20 | B24: 863 | C24: Salman | D24: Sultan | E24: Eight | G24: P | H24: P | J24: P | K24: P | L24: P | M24: A | N24: A | O24: L | Q24: P | R24: P | S24: P | T24: P | U24: P | V24: P | X24: P | Y24: P | Z24: P | AA24: P | AB24: P | AC24: P | AE24: P | AF24: P | AK24: =COUNTIF(F24:AI24,"P") -> 19 | AL24: =COUNTIF(F24:AI24,"A") -> 2
A25: 21 | C25: M.Sarib | D25: G.Sarwar | E25: Eight | G25: P | H25: P | J25: P | K25: P | L25: P | M25: P | N25: P | O25: P | Q25: L | R25: L | S25: L | T25: L | U25: L | V25: L | X25: L | Y25: P | Z25: P | AA25: P | AB25: P | AC25: P | AE25: P | AF25: P | AK25: =COUNTIF(F25:AI25,"P") -> 15 | AL25: =COUNTIF(F25:AI25,"A") -> 0
A26: 22 | B26: 454 | C26: Zahid Hussain | D26: Mehboob Ali | E26: Eight | G26: P | H26: P | J26: P | K26: P | L26: A | M26: P | N26: P | O26: P | Q26: P | R26: P | S26: P | T26: P | U26: P | V26: P | X26: P | Y26: P | Z26: P | AA26: P | AB26: P | AC26: P | AE26: P | AF26: P | AK26: =COUNTIF(F26:AI26,"P") -> 21 | AL26: =COUNTIF(F26:AI26,"A") -> 1
A27: 23 | C27: Rameez | E27: Eight | G27: p | H27: p | J27: p | K27: p | L27: p | M27: p | N27: p | O27: A | Q27: P | R27: P | S27: P | T27: P | U27: P | V27: P | X27: P | Y27: A | Z27: P | AA27: A | AB27: A | AC27: A | AE27: A | AF27: A | AK27: =COUNTIF(F27:AI27,"P") -> 15 | AL27: =COUNTIF(F27:AI27,"A") -> 7
A28: 1 | B28: 636 | C28: Asma | D28: Akber Ali | E28: Eight | G28: P | H28: P | J28: P | K28: P | L28: P | M28: P | N28: P | O28: P | Q28: P | R28: P | S28: P | T28: P | U28: P | V28: P | X28: P | Y28: P | Z28: P | AA28: P | AB28: P | AC28: P | AE28: P | AF28: P | AK28: =COUNTIF(F28:AI28,"P") -> 22 | AL28: =COUNTIF(F28:AI28,"A") -> 0
A29: 2 | B29: 862 | C29: Aiman Khan | D29: Abid | E29: Eight | G29: P | H29: P | J29: P | K29: P | L29: A | M29: A | N29: A | O29: A | Q29: P | R29: P | S29: P | T29: P | U29: A | V29: P | X29: A | Y29: P | Z29: L | AA29: L | AB29: A | AC29: P | AE29: P | AF29: P | AK29: =COUNTIF(F29:AI29,"P") -> 13 | AL29: =COUNTIF(F29:AI29,"A") -> 7
A30: 3 | B30: 870 | C30: Aiman Safdar | D30: Safdar | E30: Eight | G30: P | H30: P | J30: P | K30: P | L30: P | M30: L | N30: P | O30: P | Q30: P | R30: P | S30: P | T30: A | U30: P | V30: P | X30: P | Y30: P | Z30: A | AA30: P | AB30: P | AC30: P | AE30: P | AF30: P | AK30: =COUNTIF(F30:AI30,"P") -> 19 | AL30: =COUNTIF(F30:AI30,"A") -> 2
A31: 4 | B31: 626 | C31: Aqsa | D31: Meeral | E31: Eight | G31: A | H31: P | J31: P | K31: P | L31: P | M31: P | N31: P | O31: P | Q31: P | R31: P | S31: P | T31: P | U31: P | V31: P | X31: P | Y31: P | Z31: P | AA31: P | AB31: P | AC31: P | AE31: P | AF31: P | AK31: =COUNTIF(F31:AI31,"P") -> 21 | AL31: =COUNTIF(F31:AI31,"A") -> 1
A32: 5 | B32: 871 | C32: Bushra Ubaid | D32: Ubaidullah | E32: Eight | G32: P | H32: P | J32: P | K32: P | L32: P | M32: P | N32: P | O32: P | Q32: P | R32: P | S32: P | T32: P | U32: P | V32: P | X32: P | Y32: P | Z32: P | AA32: P | AB32: P | AC32: P | AE32: P | AF32: P | AK32: =COUNTIF(F32:AI32,"P") -> 22 | AL32: =COUNTIF(F32:AI32,"A") -> 0
A33: 6 | B33: 637 | C33: Erum | D33: Zaheer Abbas | E33: Eight | G33: P | H33: P | J33: P | K33: P | L33: P | M33: P | N33: P | O33: P | Q33: P | R33: P | S33: P | T33: P | U33: P | V33: P | X33: P | Y33: P | Z33: P | AA33: P | AB33: P | AC33: P | AE33: P | AF33: P | AK33: =COUNTIF(F33:AI33,"P") -> 22 | AL33: =COUNTIF(F33:AI33,"A") -> 0
A34: 7 | B34: 720 | C34: Fatima zahra | D34: Ghulam sabir bhatti | E34: Eight | G34: A | H34: P | J34: P | K34: P | L34: P | M34: P | N34: P | O34: P | Q34: A | R34: P | S34: P | T34: P | U34: P | V34: P | X34: P | Y34: P | Z34: A | AA34: A | AB34: P | AC34: A | AE34: P | AF34: P | AK34: =COUNTIF(F34:AI34,"P") -> 17 | AL34: =COUNTIF(F34:AI34,"A") -> 5
A35: 8 | B35: 722 | C35: Fiza | D35: Faiz Bhutto | E35: Eight | G35: P | H35: P | J35: P | K35: P | L35: P | M35: P | N35: P | O35: P | Q35: P | R35: P | S35: P | T35: P | U35: P | V35: P | X35: P | Y35: P | Z35: P | AA35: P | AB35: P | AC35: P | AE35: P | AF35: P | AK35: =COUNTIF(F35:AI35,"P") -> 22 | AL35: =COUNTIF(F35:AI35,"A") -> 0
A36: 9 | B36: 352 | C36: Hira Abroo | D36: M.Ibrahim Abro | E36: Eight | G36: P | H36: P | J36: P | K36: P | L36: P | M36: P | N36: P | O36: P | Q36: P | R36: A | S36: P | T36: P | U36: P | V36: A | X36: A | Y36: P | Z36: P | AA36: P | AB36: P | AC36: P | AE36: P | AF36: P | AK36: =COUNTIF(F36:AI36,"P") -> 19 | AL36: =COUNTIF(F36:AI36,"A") -> 3
A37: 10 | B37: 350 | C37: Maheen | D37: Arbab Ali | E37: Eight | G37: P | H37: P | J37: A | K37: P | L37: P | M37: A | N37: A | O37: P | Q37: P | R37: P | S37: P | T37: P | U37: P | V37: P | X37: P | Y37: P | Z37: P | AA37: P | AB37: P | AC37: P | AE37: P | AF37: P | AK37: =COUNTIF(F37:AI37,"P") -> 19 | AL37: =COUNTIF(F37:AI37,"A") -> 3
A38: 11 | B38: 629 | C38: Muskan | D38: Hamid ali syal | E38: Eight | G38: A | H38: A | J38: A | K38: A | L38: A | M38: A | N38: A | O38: A | Q38: A | R38: A | S38: A | T38: A | U38: P | V38: A | X38: A | Y38: P | Z38: A | AA38: A | AB38: A | AC38: A | AE38: P | AF38: P | AK38: =COUNTIF(F38:AI38,"P") -> 4 | AL38: =COUNTIF(F38:AI38,"A") -> 18
A39: 12 | B39: 869 | C39: Muniza Ali Sher | D39: Ali Sher | E39: Eight | G39: P | H39: P | J39: P | K39: P | L39: P | M39: P | N39: P | O39: P | Q39: P | R39: P | S39: P | T39: P | U39: P | V39: P | X39: P | Y39: P | Z39: P | AA39: P | AB39: P | AC39: P | AE39: P | AF39: P | AK39: =COUNTIF(F39:AI39,"P") -> 22 | AL39: =COUNTIF(F39:AI39,"A") -> 0
... A44: 18 | B44: 866 | C44: Muskan | D44: Didar | E44: Eight | G44: P | H44: P | J44: P | K44: P | L44: P | M44: P | N44: P | O44: P | Q44: P | R44: P | S44: P | T44: P | U44: P | V44: P | X44: A | Y44: P | Z44: P | AA44: P | AB44: P | AC44: P | AE44: P | AF44: P | AK44: =COUNTIF(F44:AI44,"P") -> 21 | AL44: =COUNTIF(F44:AI44,"A") -> 1
A45: 19 | C45: Iffat | E45: Eight | G45: P | H45: P | J45: P | K45: A | L45: P | M45: P | N45: P | O45: P | Q45: L | R45: L | S45: P | T45: L | U45: L | V45: L | X45: A | Y45: P | Z45: A | AA45: A | AB45: P | AC45: P | AE45: P | AF45: P | AK45: =COUNTIF(F45:AI45,"P") -> 13 | AL45: =COUNTIF(F45:AI45,"A") -> 4
A46: 20 | B46: 905 | C46: Tamana | D46: M.Faroor | E46: Eight | G46: P | H46: A | J46: P | K46: P | L46: P | M46: P | N46: P | O46: P | Q46: P | R46: P | S46: P | T46: P | U46: P | V46: P | X46: P | Y46: P | Z46: A | AA46: P | AB46: P | AC46: P | AE46: P | AF46: P | AK46: =COUNTIF(F46:AI46,"P") -> 20 | AL46: =COUNTIF(F46:AI46,"A") -> 2

Sheet class-9
A1: Goverment high school (SJCHS)
A2: Monthly Attendence Month of MAY-2025
A3: S.No | B3: GR | C3: Student Name | D3: Father Name | E3: Class | F3: Thu | G3: Fri | H3: Sat | I3: Sun | J3: Mon | K3: Tue | L3: Wed | M3: Thu | N3: Fri | O3: Sat | P3: Sun | Q3: Mon | R3: Tue | S3: Wed | T3: Thu | U3: Fri | V3: Sat | W3: Sun | X3: Mon | Y3: Tue | Z3: Wed | AA3: Thu | AB3: Fri | AC3: Sat | AD3: Sun | AE3: Mon | AF3: Tue | AG3: Wed | AH3: Thu | AI3: Fri | AJ3: Sat | AK3: Present | AL3: Absent | AM3: Year 2024
F4: 45778 | G4: 45779 | H4: 45780 | I4: 45781 | J4: 45782 | K4: 45783 | L4: 45784 | M4: 45785 | N4: 45786 | O4: 45787 | P4: 45788 | Q4: 45789 | R4: 45790 | S4: 45791 | T4: 45792 | U4: 45793 | V4: 45794 | W4: 45795 | X4: 45796 | Y4: 45797 | Z4: 45798 | AA4: 45799 | AB4: 45800 | AC4: 45801 | AD4: 45802 | AE4: 45803 | AF4: 45804 | AG4: 45805 | AH4: 45806 | AI4: 45807 | AJ4: 45808 | AM4: Total days | AN4: =SUM(AN5:AN8) -> 30
A5: 1 | B5: 737 | C5: Azra | D5: Muhammad Usman | E5: Nine | F5: LABOUR DAY LABOUR DAY LABOUR DAY | G5: P | H5: P | I5: SUNDAY SUNDAY SUNDAY SUNDAY | J5: P | K5: P | L5: P | M5: P | N5: P | O5: P | P5: SUNDAY SUNDAY SUNDAY SUNDAY | Q5: P | R5: P | S5: P | T5: P | U5: P | V5: P | W5: SUNDAY SUNDAY SUNDAY SUNDAY | X5: P | Y5: P | Z5: P | AA5: P | AB5: P | AC5: P | AD5: SUNDAY SUNDAY SUNDAY SUNDAY | AE5: P | AF5: P | AK5: =COUNTIF(F5:AI5,"P") -> 22 | AL5: =COUNTIF(F5:AI5,"A") -> 0 | AM5: Working days | AN5: 25
A6: 2 | B6: 734 | C6: Bisma | D6: Nisar Ahmed | E6: Nine | G6: A | H6: A | J6: A | K6: P | L6: P | M6: P | N6: P | O6: P | Q6: A | R6: P | S6: P | T6: P | U6: P | V6: P | X6: P | Y6: P | Z6: P | AA6: A | AB6: A | AC6: P | AE6: A | AF6: P | AK6: =COUNTIF(F6:AI6,"P") -> 15 | AL6: =COUNTIF(F6:AI6,"A") -> 7 | AM6: Sunday | AN6: 4
A7: 3 | B7: 787 | C7: Amna | D7: Imran Ali | E7: Nine | G7: P | H7: P | J7: P | K7: P | L7: P | M7: P | N7: P | O7: P | Q7: P | R7: P | S7: P | T7: P | U7: P | V7: P | X7: P | Y7: P | Z7: P | AA7: P | AB7: P | AC7: P | AE7: P | AF7: P | AK7: =COUNTIF(F7:AI7,"P") -> 22 | AL7: =COUNTIF(F7:AI7,"A") -> 0 | AM7: Iqbal Day | AN7: 1
A8: 4 | B8: 742 | C8: Hina | D8: Muhammad Ibrahim | E8: Nine | G8: P | H8: P | J8: P | K8: P | L8: P | M8: P | N8: P | O8: P | Q8: P | R8: A | S8: A | T8: P | U8: P | V8: A | X8: A | Y8: P | Z8: P | AA8: P | AB8: P | AC8: P | AE8: P | AF8: P | AK8: =COUNTIF(F8:AI8,"P") -> 18 | AL8: =COUNTIF(F8:AI8,"A") -> 4
A9: 5 | B9: 740 | C9: Iqra | D9: Faiz Muhammad | E9: Nine | G9: P | H9: P | J9: P | K9: P | L9: P | M9: P | N9: P | O9: P | Q9: P | R9: P | S9: P | T9: L | U9: L | V9: P | X9: P | Y9: P | Z9: P | AA9: P | AB9: P | AC9: P | AE9: P | AF9: P | AK9: =COUNTIF(F9:AI9,"P") -> 20 | AL9: =COUNTIF(F9:AI9,"A") -> 0
A10: 6 | B10: 738 | C10: Iqra | D10: Muhammad Usman | E10: Nine | G10: P | H10: P | J10: A | K10: A | L10: P | M10: A | N10: P | O10: P | Q10: P | R10: P | S10: A | T10: P | U10: P | V10: P | X10: P | Y10: A | Z10: P | AA10: P | AB10: P | AC10: A | AE10: P | AF10: P | AK10: =COUNTIF(F10:AI10,"P") -> 16 | AL10: =COUNTIF(F10:AI10,"A") -> 6
A11: 7 | B11: 739 | C11: Kanwal Naz | D11: Zahid Hussain | E11: Nine | G11: P | H11: P | J11: P | K11: P | L11: P | M11: P | N11: P | O11: P | Q11: P | R11: L | S11: L | T11: P | U11: P | V11: P | X11: P | Y11: P | Z11: P | AA11: P | AB11: P | AC11: P | AE11: P | AF11: P | AK11: =COUNTIF(F11:AI11,"P") -> 20 | AL11: =COUNTIF(F11:AI11,"A") -> 0 | AM11: Present Days Detail
A12: 8 | B12: 743 | C12: Maria | D12: M. Rehman Abbasi | E12: Nine | G12: P | H12: P | J12: P | K12: P | L12: P | M12: P | N12: P | O12: P | Q12: P | R12: P | S12: P | T12: P | U12: P | V12: P | X12: P | Y12: P | Z12: P | AA12: P | AB12: P | AC12: P | AE12: P | AF12: P | AK12: =COUNTIF(F12:AI12,"P") -> 22 | AL12: =COUNTIF(F12:AI12,"A") -> 0 | AM12: Detail | AN12: Boys | AO12: Girls | AP12: Total
A13: 9 | B13: 729 | C13: Murk | D13: Rana Bhutto | E13: Nine | G13: P | H13: P | J13: P | K13: P | L13: P | M13: P | N13: P | O13: P | Q13: P | R13: P | S13: P | T13: P | U13: P | V13: P | X13: P | Y13: P | Z13: P | AA13: P | AB13: P | AC13: P | AE13: P | AF13: P | AK13: =COUNTIF(F13:AI13,"P") -> 22 | AL13: =COUNTIF(F13:AI13,"A") -> 0 | AM13: Due Present days | AN13: =19*$AN$5 -> 475 | AO13: =23*$AN$5 -> 575 | AP13: =SUM(AN13:AO13) -> 1050
A14: 10 | B14: 736 | C14: Shadab Aziz | D14: Abdul Aziz | E14: Nine | G14: A | H14: P | J14: P | K14: P | L14: P | M14: P | N14: P | O14: P | Q14: P | R14: P | S14: P | T14: P | U14: P | V14: P | X14: P | Y14: P | Z14: P | AA14: P | AB14: P | AC14: P | AE14: P | AF14: P | AK14: =COUNTIF(F14:AI14,"P") -> 21 | AL14: =COUNTIF(F14:AI14,"A") -> 1 | AM14: Actual present days | AN14: =SUM(AK25:AK37) -> 232 | AO14: =SUM(AK5:AK24) -> 377 | AP14: =AN14+AO14 -> 609
A15: 11 | B15: 746 | C15: Shaista Rani | D15: M. Moosa | E15: Nine | G15: A | H15: P | J15: P | K15: P | L15: P | M15: P | N15: P | O15: P | Q15: P | R15: P | S15: P | T15: P | U15: P | V15: P | X15: P | Y15: P | Z15: P | AA15: P | AB15: P | AC15: P | AE15: P | AF15: P | AK15: =COUNTIF(F15:AI15,"P") -> 21 | AL15: =COUNTIF(F15:AI15,"A") -> 1
A16: 12 | B16: 745 | C16: Tasleem Rani | D16: M. Moosa | E16: Nine | G16: A | H16: A | J16: A | K16: A | L16: A | M16: A | N16: A | O16: A | Q16: A | R16: A | S16: A | T16: A | U16: A | V16: A | X16: A | Y16: A | Z16: A | AA16: A | AB16: A | AC16: A | AE16: A | AF16: A | AK16: =COUNTIF(F16:AI16,"P") -> 0 | AL16: =COUNTIF(F16:AI16,"A") -> 22
A17: 13 | B17: 731 | C17: Zarmina | D17: Gulbahar | E17: Nine | G17: P | H17: P | J17: P | K17: P | L17: P | M17: A | N17: A | O17: A | Q17: A | R17: A | S17: P | T17: P | U17: A | V17: A | X17: P | Y17: P | Z17: P | AA17: A | AB17: P | AC17: P | AE17: A | AF17: P | AK17: =COUNTIF(F17:AI17,"P") -> 13 | AL17: =COUNTIF(F17:AI17,"A") -> 9
A18: 14 | B18: 856 | C18: Naghma Naz | D18: Zahid Hussain | E18: Nine | G18: P | H18: P | J18: P | K18: P | L18: P | M18: P | N18: P | O18: P | Q18: P | R18: P | S18: P | T18: P | U18: P | V18: P | X18: P | Y18: P | Z18: P | AA18: P | AB18: P | AC18: P | AE18: P | AF18: P | AK18: =COUNTIF(F18:AI18,"P") -> 22 | AL18: =COUNTIF(F18:AI18,"A") -> 0 | AM18: Detail | AN18: Boys | AO18: Girls | AP18: Total
A19: 15 | B19: 906 | C19: Dua Bahar | D19: Muktair | E19: Nine | G19: P | H19: P | J19: P | K19: P | L19: P | M19: P | N19: P | O19: P | Q19: P | R19: P | S19: P | T19: P | U19: P | V19: P | X19: P | Y19: P | Z19: P | AA19: P | AB19: P | AC19: P | AE19: P | AF19: P | AK19: =COUNTIF(F19:AI19,"P") -> 22 | AL19: =COUNTIF(F19:AI19,"A") -> 0 | AM19: Due Present days | AN19: =19*$AN$5 -> 475 | AO19: =23*$AN$5 -> 575 | AP19: =AN19+AO19 -> 1050
A20: 16 | C20: Kulsoom | D20: Abdul waheed | E20: Nine | G20: p | H20: p | J20: p | K20: p | L20: p | M20: p | N20: p | O20: p | Q20: p | R20: p | S20: p | T20: p | U20: p | V20: p | X20: p | Y20: p | Z20: P | AA20: P | AB20: P | AC20: P | AE20: P | AF20: P | AK20: =COUNTIF(F20:AI20,"P") -> 22 | AL20: =COUNTIF(F20:AI20,"A") -> 0 | AM20: Absent days | AN20: =AN19-AN14 -> 243 | AO20: =AO19-AO14 -> 198 | AP20: =AN20+AO20 -> 441
A21: 17 | C21: Sidra | D21: Imtiaz Ali | E21: Nine | G21: p | H21: p | J21: p | K21: A | L21: P | M21: A | N21: P | O21: P | Q21: P | R21: P | S21: P | T21: P | U21: P | V21: P | X21: P | Y21: P | Z21: P | AA21: P | AB21: P | AC21: P | AE21: P | AF21: P | AK21: =COUNTIF(F21:AI21,"P") -> 20 | AL21: =COUNTIF(F21:AI21,"A") -> 2
A22: 18 | B22: 846 | C22: Saira | D22: M. Salah | E22: Nine | G22: P | H22: P | J22: P | K22: P | L22: P | M22: P | N22: P | O22: P | Q22: P | R22: P | S22: P | T22: P | U22: P | V22: P | X22: P | Y22: P | Z22: P | AA22: P | AB22: P | AC22: P | AE22: P | AF22: P | AK22: =COUNTIF(F22:AI22,"P") -> 22 | AL22: =COUNTIF(F22:AI22,"A") -> 0
A23: 19 | B23: 857 | C23: Muskan | D23: Imran | E23: Nine | G23: P | H23: P | J23: P | K23: P | L23: P | M23: P | N23: P | O23: P | Q23: P | R23: P | S23: P | T23: P | U23: P | V23: P | X23: P | Y23: P | Z23: P | AA23: P | AB23: P | AC23: P | AE23: P | AF23: P | AK23: =COUNTIF(F23:AI23,"P") -> 22 | AL23: =COUNTIF(F23:AI23,"A") -> 0
A24: 1 | B24: 730 | C24: Abdul Salam | D24: Abdul Rehman | E24: Nine | G24: P | H24: P | J24: A | K24: P | L24: P | M24: A | N24: A | O24: A | Q24: P | R24: A | S24: P | T24: P | U24: P | V24: A | X24: P | Y24: P | Z24: P | AA24: A | AB24: P | AC24: P | AE24: P | AF24: P | AK24: =COUNTIF(F24:AI24,"P") -> 15 | AL24: =COUNTIF(F24:AI24,"A") -> 7
A25: 2 | B25: 732 | C25: Ameer Ali | D25: Gulbahar Ali | E25: Nine | G25: P | H25: P | J25: P | K25: P | L25: P | M25: P | N25: A | O25: A | Q25: A | R25: A | S25: P | T25: P | U25: A | V25: P | X25: P | Y25: P | Z25: P | AA25: P | AB25: A | AC25: P | AE25: P | AF25: P | AK25: =COUNTIF(F25:AI25,"P") -> 16 | AL25: =COUNTIF(F25:AI25,"A") -> 6
A26: 3 | B26: 728 | C26: Faizan Ali | D26: Sohail Ahmed | E26: Nine | G26: P | H26: P | J26: P | K26: P | L26: P | M26: P | N26: P | O26: P | Q26: P | R26: P | S26: P | T26: P | U26: P | V26: P | X26: A | Y26: A | Z26: P | AA26: P | AB26: P | AC26: P | AE26: P | AF26: P | AK26: =COUNTIF(F26:AI26,"P") -> 20 | AL26: =COUNTIF(F26:AI26,"A") -> 2
A27: 4 | B27: 760 | C27: Ghaibi Khan | D27: Abdul Sattar | E27: Nine | G27: P | H27: P | J27: P | K27: P | L27: P | M27: P | N27: P | O27: P | Q27: A | R27: P | S27: P | T27: P | U27: P | V27: A | X27: P | Y27: P | Z27: P | AA27: P | AB27: P | AC27: A | AE27: P | AF27: P | AK27: =COUNTIF(F27:AI27,"P") -> 19 | AL27: =COUNTIF(F27:AI27,"A") -> 3
A28: 5 | B28: 741 | C28: Hasnain | D28: Lutufullah | E28: Nine | G28: A | H28: A | J28: A | K28: A | L28: A | M28: A | N28: A | O28: A | Q28: A | R28: A | S28: A | T28: P | U28: P | V28: A | X28: P | Y28: P | Z28: P | AA28: A | AB28: P | AC28: A | AE28: P | AF28: P | AK28: =COUNTIF(F28:AI28,"P") -> 8 | AL28: =COUNTIF(F28:AI28,"A") -> 14
A29: 6 | B29: 744 | C29: M. Ahmed Khalid | D29: Khalid Hussain | E29: Nine | G29: P | H29: P | J29: P | K29: P | L29: P | M29: P | N29: P | O29: P | Q29: P | R29: P | S29: P | T29: P | U29: P | V29: P | X29: P | Y29: P | Z29: A | AA29: A | AB29: A | AC29: A | AE29: P | AF29: P | AK29: =COUNTIF(F29:AI29,"P") -> 18 | AL29: =COUNTIF(F29:AI29,"A") -> 4
A30: 7 | B30: 850 | C30: M. Rafi | D30: Abdul Jabbar | E30: Nine | G30: P | H30: P | J30: P | K30: P | L30: P | M30: P | N30: P | O30: P | Q30: P | R30: P | S30: P | T30: P | U30: P | V30: P | X30: P | Y30: P | Z30: A | AA30: P | AB30: P | AC30: P | AE30: P | AF30: P | AK30: =COUNTIF(F30:AI30,"P") -> 21 | AL30: =COUNTIF(F30:AI30,"A") -> 1
A31: 8 | B31: 875 | C31: M. Saim | D31: Layaqat Ali | E31: Nine | G31: P | H31: P | J31: P | K31: P | L31: P | M31: P | N31: P | O31: P | Q31: P | R31: P | S31: P | T31: P | U31: P | V31: P | X31: P | Y31: P | Z31: P | AA31: P | AB31: P | AC31: P | AE31: P | AF31: P | AK31: =COUNTIF(F31:AI31,"P") -> 22 | AL31: =COUNTIF(F31:AI31,"A") -> 0
A32: 9 | B32: 727 | C32: Muzakir | D32: Gulzar Ahmed | E32: Nine | G32: P | H32: P | J32: P | K32: P | L32: P | M32: P | N32: P | O32: P | Q32: P | R32: P | S32: P | T32: P | U32: P | V32: P | X32: P | Y32: P | Z32: A | AA32: P | AB32: P | AC32: P | AE32: P | AF32: P | AK32: =COUNTIF(F32:AI32,"P") -> 21 | AL32: =COUNTIF(F32:AI32,"A") -> 1
A33: 10 | B33: 880 | C33: Shezad Ali | D33: Abdul Qadir | E33: Nine | G33: A | H33: A | J33: P | K33: P | L33: P | M33: P | N33: P | O33: P | Q33: P | R33: P | S33: P | T33: P | U33: P | V33: P | X33: P | Y33: P | Z33: A | AA33: P | AB33: P | AC33: A | AE33: P | AF33: P | AK33: =COUNTIF(F33:AI33,"P") -> 18 | AL33: =COUNTIF(F33:AI33,"A") -> 4
... A37: 14 | B37: 854 | C37: Ali Raza | D37: Riaz Ali | E37: Nine | G37: - | H37: - | J37: - | K37: - | L37: - | M37: - | N37: - | O37: - | Q37: P | R37: P | S37: P | T37: P | U37: P | V37: P | X37: P | Y37: P | Z37: P | AA37: P | AB37: P | AC37: A | AE37: P | AF37: A | AK37: =COUNTIF(F37:AI37,"P") -> 12 | AL37: =COUNTIF(F37:AI37,"A") -> 2
A38: 15 | C38: Waris Ali | D38: Basheer Ahmed | E38: Nine | G38: p | H38: p | J38: p | K38: p | L38: p | M38: p | N38: p | O38: p | Q38: P | R38: p | S38: P | T38: P | U38: P | V38: P | X38: P | Y38: p | Z38: P | AA38: P | AB38: P | AC38: P | AE38: P | AF38: P | AK38: =COUNTIF(F38:AI38,"P") -> 22 | AL38: =COUNTIF(F38:AI38,"A") -> 0
A39: 16 | B39: 902 | C39: samiullah | D39: Maroof Ali | E39: Nine | G39: A | H39: p | J39: A | K39: P | L39: P | M39: P | N39: P | O39: P | Q39: A | R39: P | S39: P | T39: P | U39: P | V39: A | X39: P | Y39: P | Z39: P | AA39: A | AB39: P | AC39: A | AE39: P | AF39: A | AK39: =COUNTIF(F39:AI39,"P") -> 15 | AL39: =COUNTIF(F39:AI39,"A") -> 7

Sheet class-10
A1: Goverment high school (SJCHS)
A2: Monthly Attendence Month of MAY-2025
A3: S.No | B3: GR | C3: Student Name | D3: Father Name | E3: Class | F3: Thu | G3: Fri | H3: Sat | I3: Sun | J3: Mon | K3: Tue | L3: Wed | M3: Thu | N3: Fri | O3: Sat | P3: Sun | Q3: Mon | R3: Tue | S3: Wed | T3: Thu | U3: Fri | V3: Sat | W3: Sun | X3: Mon | Y3: Tue | Z3: Wed | AA3: Thu | AB3: Fri | AC3: Sat | AD3: Sun | AE3: Mon | AF3: Tue | AG3: Wed | AH3: Thu | AI3: Fri | AJ3: Sat | AK3: Present | AL3: Absent | AM3: Year 2024
F4: 45778 | G4: 45779 | H4: 45780 | I4: 45781 | J4: 45782 | K4: 45783 | L4: 45784 | M4: 45785 | N4: 45786 | O4: 45787 | P4: 45788 | Q4: 45789 | R4: 45790 | S4: 45791 | T4: 45792 | U4: 45793 | V4: 45794 | W4: 45795 | X4: 45796 | Y4: 45797 | Z4: 45798 | AA4: 45799 | AB4: 45800 | AC4: 45801 | AD4: 45802 | AE4: 45803 | AF4: 45804 | AG4: 45805 | AH4: 45806 | AI4: 45807 | AJ4: 45808 | AM4: Total days | AN4: =SUM(AN5:AN8) -> 30
A5: 1 | B5: 750 | C5: Asim | D5: M. Haneef | E5: Ten | F5: LABOUR DAY LABOUR DAY LABOUR DAY | I5: SUNDAY SUNDAY SUNDAY SUNDAY | J5: P | K5: P | L5: A | M5: A | N5: P | O5: A | P5: SUNDAY SUNDAY SUNDAY SUNDAY | Q5: P | R5: P | S5: P | T5: P | U5: P | V5: A | W5: SUNDAY SUNDAY SUNDAY SUNDAY | X5: P | Y5: P | Z5: P | AA5: P | AB5: L | AC5: P | AD5: SUNDAY SUNDAY SUNDAY SUNDAY | AE5: P | AF5: A | AK5: =COUNTIF(F5:AI5,"P") -> 14 | AL5: =COUNTIF(F5:AI5,"A") -> 5 | AM5: Working days | AN5: 25
A6: 2 | B6: 867 | C6: Haseeb ullah | D6: Hafeezullah Abro | E6: Ten | J6: P | K6: P | L6: P | M6: P | N6: P | O6: P | Q6: P | R6: P | S6: P | T6: P | U6: L | V6: P | X6: L | Y6: L | Z6: A | AA6: A | AB6: L | AC6: A | AE6: A | AF6: A | AK6: =COUNTIF(F6:AI6,"P") -> 11 | AL6: =COUNTIF(F6:AI6,"A") -> 5 | AM6: Sunday | AN6: 4
A7: 3 | B7: 754 | C7: Moez | D7: Munawar Ali Bhatti | E7: Ten | J7: P | K7: A | L7: P | M7: P | N7: P | O7: P | Q7: P | R7: P | S7: P | T7: P | U7: P | V7: P | X7: P | Y7: A | Z7: P | AA7: P | AB7: P | AC7: P | AE7: A | AF7: P | AK7: =COUNTIF(F7:AI7,"P") -> 17 | AL7: =COUNTIF(F7:AI7,"A") -> 3 | AM7: Iqbal Day | AN7: 1
A8: 4 | B8: 747 | C8: Mudassir | D8: Gulzar Ahmed | E8: Ten | J8: P | K8: P | L8: P | M8: P | N8: P | O8: P | Q8: P | R8: P | S8: P | T8: P | U8: P | V8: P | X8: P | Y8: P | Z8: P | AA8: P | AB8: P | AC8: P | AE8: P | AF8: P | AK8: =COUNTIF(F8:AI8,"P") -> 20 | AL8: =COUNTIF(F8:AI8,"A") -> 0
A9: 5 | B9: 765 | C9: Taha | D9: Nisar Ahmed | E9: Ten | J9: P | K9: P | L9: P | M9: P | N9: P | O9: P | Q9: P | R9: P | S9: P | T9: P | U9: P | V9: P | X9: P | Y9: P | Z9: P | AA9: A | AB9: P | AC9: A | AE9: A | AF9: P | AK9: =COUNTIF(F9:AI9,"P") -> 17 | AL9: =COUNTIF(F9:AI9,"A") -> 3
A10: 6 | B10: 877 | C10: Nawab Khan | D10: M. Khan | E10: Ten | J10: A | K10: P | L10: P | M10: P | N10: P | O10: P | Q10: A | R10: P | S10: P | T10: A | U10: P | V10: A | X10: P | Y10: P | Z10: P | AA10: P | AB10: P | AC10: P | AE10: P | AF10: P | AK10: =COUNTIF(F10:AI10,"P") -> 16 | AL10: =COUNTIF(F10:AI10,"A") -> 4
A11: 7 | B11: 878 | C11: Meesum Abbas | D11: Waheed ali | E11: Ten | J11: A | K11: A | L11: A | M11: A | N11: P | O11: A | Q11: A | R11: A | S11: A | T11: A | U11: A | V11: A | X11: A | Y11: A | Z11: A | AA11: A | AB11: A | AC11: A | AE11: A | AF11: A | AK11: =COUNTIF(F11:AI11,"P") -> 1 | AL11: =COUNTIF(F11:AI11,"A") -> 19 | AM11: Present Days Detail
A12: 8 | B12: 851 | C12: Manzar Hussain | D12: Ghulam Murtaza | E12: Ten | J12: A | K12: A | L12: A | M12: A | N12: A | O12: A | Q12: A | R12: A | S12: A | T12: A | U12: A | V12: A | X12: P | Y12: P | Z12: P | AA12: A | AB12: A | AC12: A | AE12: A | AF12: A | AK12: =COUNTIF(F12:AI12,"P") -> 3 | AL12: =COUNTIF(F12:AI12,"A") -> 17 | AM12: Detail | AN12: Boys | AO12: Girls | AP12: Total
A13: 9 | B13: 882 | C13: Noorullah | D13: Abdul Jabbar | E13: Ten | J13: P | K13: P | L13: P | M13: P | N13: P | O13: P | Q13: P | R13: P | S13: P | T13: P | U13: A | V13: A | X13: P | Y13: P | Z13: P | AA13: P | AB13: A | AC13: P | AE13: P | AF13: P | AK13: =COUNTIF(F13:AI13,"P") -> 17 | AL13: =COUNTIF(F13:AI13,"A") -> 3 | AM13: Due Present days | AN13: =16*$AN$5 -> 400 | AO13: =19*$AN$5 -> 475 | AP13: =SUM(AN13:AO13) -> 875
A14: 10 | B14: 896 | C14: Saif ur Rehman | D14: Imran Ahmed | E14: Ten | J14: P | K14: A | L14: P | M14: A | N14: P | O14: P | Q14: P | R14: P | S14: P | T14: P | U14: P | V14: P | X14: P | Y14: P | Z14: P | AA14: P | AB14: P | AC14: P | AE14: P | AF14: P | AK14: =COUNTIF(F14:AI14,"P") -> 18 | AL14: =COUNTIF(F14:AI14,"A") -> 2 | AM14: Actual present days | AN14: =SUM(AK5:AK20) -> 207 | AO14: =SUM(AK21:AK36) -> 212 | AP14: =AN14+AO14 -> 419
A15: 11 | B15: 891 | C15: Shafique | D15: Rafique Ahmed | E15: Ten | J15: A | K15: P | L15: A | M15: A | N15: A | O15: A | Q15: A | R15: A | S15: P | T15: A | U15: P | V15: P | X15: P | Y15: P | Z15: P | AA15: P | AB15: P | AC15: P | AE15: P | AF15: P | AK15: =COUNTIF(F15:AI15,"P") -> 12 | AL15: =COUNTIF(F15:AI15,"A") -> 8 | AM15: % | AN15: =AN14/AN13 -> 0.5175 | AO15: =AO14/AO13 -> 0.44631579 | AP15: =AP14/AP13 -> 0.47885714
A16: 12 | B16: 847 | C16: M.Murtaqeem | D16: Shams | E16: Ten | J16: A | K16: A | L16: P | M16: P | N16: P | O16: A | Q16: P | R16: P | S16: P | T16: A | U16: P | V16: P | X16: P | Y16: P | Z16: P | AA16: P | AB16: P | AC16: P | AE16: P | AF16: P | AK16: =COUNTIF(F16:AI16,"P") -> 16 | AL16: =COUNTIF(F16:AI16,"A") -> 4
A17: 13 | B17: 881 | C17: Shaban | D17: Allah Dino | E17: Ten | J17: A | K17: A | L17: P | M17: P | N17: P | O17: P | Q17: P | R17: P | S17: P | T17: A | U17: P | V17: P | X17: P | Y17: P | Z17: P | AA17: P | AB17: P | AC17: A | AE17: P | AF17: P | AK17: =COUNTIF(F17:AI17,"P") -> 16 | AL17: =COUNTIF(F17:AI17,"A") -> 4
A18: 14 | B18: 859 | C18: M. Shayan | D18: Jawad Ahmed | E18: Ten | J18: P | K18: P | L18: P | M18: P | N18: P | O18: P | Q18: P | R18: A | S18: P | T18: A | U18: P | V18: P | X18: P | Y18: P | Z18: P | AA18: P | AB18: P | AC18: A | AE18: P | AF18: P | AK18: =COUNTIF(F18:AI18,"P") -> 17 | AL18: =COUNTIF(F18:AI18,"A") -> 3
A19: 15 | B19: 849 | C19: Ahram Ali | E19: Ten | J19: A | K19: P | L19: A | M19: A | N19: A | O19: A | Q19: A | R19: A | S19: P | T19: A | U19: A | V19: A | X19: A | Y19: A | Z19: A | AA19: A | AB19: A | AC19: A | AE19: A | AF19: A | AK19: =COUNTIF(F19:AI19,"P") -> 2 | AL19: =COUNTIF(F19:AI19,"A") -> 18 | AM19: Absent Days Details
A20: 1 | B20: 752 | C20: Haleema | D20: Qalandar Bakhsh | E20: Ten | J20: A | K20: A | L20: A | M20: P | N20: P | O20: A | Q20: A | R20: P | S20: P | T20: A | U20: P | V20: P | X20: P | Y20: P | Z20: A | AA20: P | AB20: A | AC20: A | AE20: P | AF20: A | AK20: =COUNTIF(F20:AI20,"P") -> 10 | AL20: =COUNTIF(F20:AI20,"A") -> 10 | AM20: Detail | AN20: Boys | AO20: Girls | AP20: Total
A21: 2 | B21: 751 | C21: Maheen Zulfiqar | D21: Zulfiqar Ali | E21: Ten | J21: A | K21: A | L21: A | M21: P | N21: P | O21: A | Q21: P | R21: P | S21: P | T21: A | U21: P | V21: P | X21: P | Y21: P | Z21: A | AA21: A | AB21: A | AC21: A | AE21: P | AF21: P | AK21: =COUNTIF(F21:AI21,"P") -> 11 | AL21: =COUNTIF(F21:AI21,"A") -> 9 | AM21: Due Present days | AN21: =16*$AN$5 -> 400 | AO21: =19*$AN$5 -> 475 | AP21: =AN21+AO21 -> 875
A22: 3 | B22: 763 | C22: Qandeel Zehra | D22: Waheed Ali | E22: Ten | J22: A | K22: A | L22: A | M22: A | N22: A | O22: A | Q22: A | R22: A | S22: A | T22: A | U22: A | V22: A | X22: A | Y22: A | Z22: A | AA22: A | AB22: A | AC22: A | AE22: A | AF22: A | AK22: =COUNTIF(F22:AI22,"P") -> 0 | AL22: =COUNTIF(F22:AI22,"A") -> 20 | AM22: Absent days | AN22: =AN21-AN14 -> 193 | AO22: =AO21-AO14 -> 263 | AP22: =AN22+AO22 -> 456
A23: 4 | B23: 749 | C23: Sanam | D23: Manzoor Ahmed Memon | E23: Ten | J23: A | K23: A | L23: A | M23: A | N23: A | O23: A | Q23: A | R23: A | S23: A | T23: A | U23: A | V23: A | X23: P | Y23: P | Z23: P | AA23: P | AB23: P | AC23: P | AE23: P | AF23: P | AK23: =COUNTIF(F23:AI23,"P") -> 8 | AL23: =COUNTIF(F23:AI23,"A") -> 12 | AM23: % | AN23: =AN22/AN21 -> 0.4825 | AO23: =AO22/AO21 -> 0.55368421 | AP23: =AP22/AP21 -> 0.52114286
A24: 5 | B24: 756 | C24: Zainab | D24: Sultan Ahmed | E24: Ten | J24: A | K24: A | L24: A | M24: A | N24: A | O24: A | Q24: A | R24: P | S24: P | T24: P | U24: P | V24: P | X24: P | Y24: P | Z24: P | AA24: P | AB24: P | AC24: P | AE24: P | AF24: P | AK24: =COUNTIF(F24:AI24,"P") -> 13 | AL24: =COUNTIF(F24:AI24,"A") -> 7
A25: 6 | B25: 876 | C25: Asia | D25: M. Khan | E25: Ten | J25: A | K25: P | L25: P | M25: P | N25: A | O25: A | Q25: A | R25: P | S25: P | T25: P | U25: P | V25: P | X25: P | Y25: P | Z25: P | AA25: P | AB25: P | AC25: P | AE25: A | AF25: A | AK25: =COUNTIF(F25:AI25,"P") -> 14 | AL25: =COUNTIF(F25:AI25,"A") -> 6
A26: 7 | B26: 900 | C26: Tooba | D26: Yasir Ahmed | E26: Ten | J26: P | K26: P | L26: P | M26: P | N26: P | O26: P | Q26: P | R26: P | S26: P | T26: P | U26: P | V26: P | X26: P | Y26: P | Z26: P | AA26: P | AB26: P | AC26: P | AE26: P | AF26: P | AK26: =COUNTIF(F26:AI26,"P") -> 20 | AL26: =COUNTIF(F26:AI26,"A") -> 0
A27: 8 | B27: 888 | C27: Afsheen | D27: Ubaidullah | E27: Ten | J27: A | K27: A | L27: A | M27: A | N27: A | O27: A | Q27: A | R27: A | S27: A | T27: A | U27: A | V27: A | X27: A | Y27: A | Z27: A | AA27: A | AB27: A | AC27: A | AE27: A | AF27: A | AK27: =COUNTIF(F27:AI27,"P") -> 0 | AL27: =COUNTIF(F27:AI27,"A") -> 20
A28: 9 | B28: 901 | C28: Nosheen | D28: Ubaidullah | E28: Ten | J28: A | K28: A | L28: A | M28: A | N28: A | O28: A | Q28: P | R28: P | S28: P | T28: P | U28: P | V28: P | X28: P | Y28: P | Z28: P | AA28: P | AB28: P | AC28: P | AE28: P | AF28: P | AK28: =COUNTIF(F28:AI28,"P") -> 14 | AL28: =COUNTIF(F28:AI28,"A") -> 6
A29: 10 | B29: 887 | C29: Khair Un Nisa | D29: Syed Qutab Ali Shah | E29: Ten | J29: A | K29: A | L29: A | M29: P | N29: P | O29: P | Q29: A | R29: A | S29: P | T29: P | U29: P | V29: P | X29: P | Y29: P | Z29: P | AA29: P | AB29: P | AC29: P | AE29: P | AF29: P | AK29: =COUNTIF(F29:AI29,"P") -> 15 | AL29: =COUNTIF(F29:AI29,"A") -> 5
A30: 11 | B30: 884 | C30: farasha | D30: Mukhtiyar | E30: Ten | J30: P | K30: P | L30: P | M30: P | N30: P | O30: P | Q30: P | R30: P | S30: P | T30: P | U30: P | V30: P | X30: P | Y30: P | Z30: P | AA30: P | AB30: P | AC30: P | AE30: P | AF30: P | AK30: =COUNTIF(F30:AI30,"P") -> 20 | AL30: =COUNTIF(F30:AI30,"A") -> 0
A31: 12 | B31: 898 | C31: Salwa | D31: Imran Ahmed | E31: Ten | J31: P | K31: P | L31: P | M31: P | N31: P | O31: A | Q31: P | R31: P | S31: P | T31: A | U31: P | V31: P | X31: P | Y31: P | Z31: P | AA31: P | AB31: P | AC31: P | AE31: P | AF31: P | AK31: =COUNTIF(F31:AI31,"P") -> 18 | AL31: =COUNTIF(F31:AI31,"A") -> 2
A32: 13 | B32: 899 | C32: Tayyaba | D32: Hafeezullah | E32: Ten | J32: A | K32: A | L32: P | M32: P | N32: P | O32: P | Q32: P | R32: L | S32: P | T32: P | U32: P | V32: P | X32: P | Y32: P | Z32: P | AA32: P | AB32: P | AC32: P | AE32: P | AF32: P | AK32: =COUNTIF(F32:AI32,"P") -> 17 | AL32: =COUNTIF(F32:AI32,"A") -> 2
A33: 14 | B33: 888 | C33: Ayesha | E33: Ten | J33: A | K33: A | L33: A | M33: A | N33: A | O33: A | Q33: P | R33: P | S33: P | T33: P | U33: P | V33: P | X33: P | Y33: P | Z33: P | AA33: P | AB33: P | AC33: A | AE33: A | AF33: P | AK33: =COUNTIF(F33:AI33,"P") -> 12 | AL33: =COUNTIF(F33:AI33,"A") -> 8
A34: 15 | B34: 893 | C34: Kashaf Kanwal | E34: Ten | J34: A | K34: P | L34: P | M34: P | N34: P | O34: A | Q34: P | R34: P | S34: P | T34: P | U34: P | V34: P | X34: P | Y34: P | Z34: P | AA34: P | AB34: P | AC34: P | AE34: P | AF34: P | AK34: =COUNTIF(F34:AI34,"P") -> 18 | AL34: =COUNTIF(F34:AI34,"A") -> 2
A35: 16 | B35: 890 | C35: Sidra | D35: Fida Hussain | E35: Ten | J35: A | K35: P | L35: P | M35: P | N35: P | O35: P | Q35: A | R35: P | S35: P | T35: P | U35: P | V35: P | X35: A | Y35: P | Z35: P | AA35: P | AB35: P | AC35: P | AE35: P | AF35: A | AK35: =COUNTIF(F35:AI35,"P") -> 16 | AL35: =COUNTIF(F35:AI35,"A") -> 4
A36: 17 | B36: 889 | C36: Saima | D36: M. Suleman | E36: Ten | J36: P | K36: P | L36: P | M36: P | N36: L | O36: L | Q36: L | R36: P | S36: P | T36: P | U36: P | V36: P | X36: P | Y36: L | Z36: P | AA36: P | AB36: P | AC36: P | AE36: P | AF36: P | AK36: =COUNTIF(F36:AI36,"P") -> 16 | AL36: =COUNTIF(F36:AI36,"A") -> 0
