Workbook

Sheet Compile Sheet-August-2024
A4: Class | B4: Total Enrolment & Attendance August-24
B5: Boys | C5: Girls | D5: Total | E5: total working Days | F5: Total working days-Boys | G5: Total working days-Girls | H5: Total working days-All | I5: P-Days Boys | J5: P-Days Girls | K5: P-Days All | L5: Percentage-Girls | M5: Percentage-Boys | N5: Percentage-Boys | O5: Total average
A6: ECE (ROSE) | B6: 20 | C6: 21 | D6: =SUM(B6:C6) -> 41 | E6: 11 | F6: =B6*E6 -> 220 | G6: =C6*E6 -> 231 | H6: =SUM(F6:G6) -> 451 | I6: ='ECE (ROSE)'!Y16 -> 120 | J6: ='ECE (ROSE)'!Z16 -> 142 | K6: =SUM(I6:J6) -> 262 | L6: =J6/G6 -> 0.61471861 | M6: =I6/F6 -> 0.54545455 | N6: =K6/H6 -> 0.58093126 | O6: =AVERAGE(L6:M6) -> 0.58008658
A7: ECE (Daffodils) | B7: 29 | C7: 24 | D7: =SUM(B7:C7) -> 53 | E7: 11 | F7: =B7*E7 -> 319 | G7: =C7*E7 -> 264 | H7: =SUM(F7:G7) -> 583 | I7: ='ECE (DAFFODILS)'!Y16 -> 185 | J7: ='ECE (DAFFODILS)'!Z16 -> 206 | K7: =SUM(I7:J7) -> 391 | L7: =J7/G7 -> 0.78030303 | M7: =I7/F7 -> 0.5799373 | N7: =K7/H7 -> 0.67066895 | O7: =AVERAGE(L7:M7) -> 0.68012017
A8: One | B8: 32 | C8: 24 | D8: =SUM(B8:C8) -> 56 | E8: 11 | F8: =B8*E8 -> 352 | G8: =C8*E8 -> 264 | H8: =SUM(F8:G8) -> 616 | I8: ='Class-I'!Y16 -> 145 | J8: ='Class-I'!Z16 -> 230 | K8: =SUM(I8:J8) -> 375 | L8: =J8/G8 -> 0.87121212 | M8: =I8/F8 -> 0.41193182 | N8: =K8/H8 -> 0.60876623 | O8: =AVERAGE(L8:M8) -> 0.64157197
A9: Two | B9: 26 | C9: 22 | D9: =SUM(B9:C9) -> 48 | E9: 11 | F9: =B9*E9 -> 286 | G9: =C9*E9 -> 242 | H9: =SUM(F9:G9) -> 528 | I9: ='Class-II'!Y16 -> 220 | J9: ='Class-II'!Z16 -> 159 | K9: =SUM(I9:J9) -> 379 | L9: =J9/G9 -> 0.65702479 | M9: =I9/F9 -> 0.76923077 | N9: =K9/H9 -> 0.71780303 | O9: =AVERAGE(L9:M9) -> 0.71312778
A10: Three | B10: 28 | C10: 23 | D10: =SUM(B10:C10) -> 51 | E10: 11 | F10: =B10*E10 -> 308 | G10: =C10*E10 -> 253 | H10: =SUM(F10:G10) -> 561 | I10: ='Class-III'!Y16 -> 205 | J10: ='Class-III'!Z16 -> 182 | K10: =SUM(I10:J10) -> 387 | L10: =J10/G10 -> 0.71936759 | M10: =I10/F10 -> 0.66558442 | N10: =K10/H10 -> 0.68983957 | O10: =AVERAGE(L10:M10) -> 0.692476
A11: Four | B11: 17 | C11: 31 | D11: =SUM(B11:C11) -> 48 | E11: 11 | F11: =B11*E11 -> 187 | G11: =C11*E11 -> 341 | H11: =SUM(F11:G11) -> 528 | I11: ='Class-IV'!Y16 -> 141 | J11: ='Class-IV'!Z16 -> 175 | K11: =SUM(I11:J11) -> 316 | L11: =J11/G11 -> 0.51319648 | M11: =I11/F11 -> 0.7540107 | N11: =K11/H11 -> 0.59848485 | O11: =AVERAGE(L11:M11) -> 0.63360359
A12: Five | B12: 27 | C12: 22 | D12: =SUM(B12:C12) -> 49 | E12: 11 | F12: =B12*E12 -> 297 | G12: =C12*E12 -> 242 | H12: =SUM(F12:G12) -> 539 | I12: ='Class-V'!Y16 -> 160 | J12: ='Class-V'!Z16 -> 189 | K12: =SUM(I12:J12) -> 349 | L12: =J12/G12 -> 0.78099174 | M12: =I12/F12 -> 0.53872054 | N12: =K12/H12 -> 0.64749536 | O12: =AVERAGE(L12:M12) -> 0.65985614
A13: Six | B13: 17 | C13: 26 | D13: =SUM(B13:C13) -> 43 | E13: 11 | F13: =B13*E13 -> 187 | G13: =C13*E13 -> 286 | H13: =SUM(F13:G13) -> 473 | I13: ='Class-VI'!Y16 -> 130 | J13: ='Class-VI'!Z16 -> 206 | K13: =SUM(I13:J13) -> 336 | L13: =J13/G13 -> 0.72027972 | M13: =I13/F13 -> 0.69518717 | N13: =K13/H13 -> 0.71035941 | O13: =AVERAGE(L13:M13) -> 0.70773344
A14: Seven | B14: 29 | C14: 17 | D14: =SUM(B14:C14) -> 46 | E14: 11 | F14: =B14*E14 -> 319 | G14: =C14*E14 -> 187 | H14: =SUM(F14:G14) -> 506 | I14: ='Class-VII'!X16 -> 248 | J14: ='Class-VII'!Y16 -> 134 | K14: =SUM(I14:J14) -> 382 | L14: =J14/G14 -> 0.71657754 | M14: =I14/F14 -> 0.77742947 | N14: =K14/H14 -> 0.75494071 | O14: =AVERAGE(L14:M14) -> 0.7470035
A15: Eight | B15: 16 | C15: 18 | D15: =SUM(B15:C15) -> 34 | E15: 11 | F15: =B15*E15 -> 176 | G15: =C15*E15 -> 198 | H15: =SUM(F15:G15) -> 374 | I15: ='Class-VIII'!Y16 -> 90 | J15: ='Class-VIII'!Z16 -> 171 | K15: =SUM(I15:J15) -> 261 | L15: =J15/G15 -> 0.86363636 | M15: =I15/F15 -> 0.51136364 | N15: =K15/H15 -> 0.69786096 | O15: =AVERAGE(L15:M15) -> 0.6875
A16: Ninth | B16: 13 | C16: 17 | D16: =SUM(B16:C16) -> 30 | E16: 11 | F16: =B16*E16 -> 143 | G16: =C16*E16 -> 187 | H16: =SUM(F16:G16) -> 330 | I16: ='Class-IX'!Y16 -> 77 | J16: ='Class-IX'!Z16 -> 61 | K16: =SUM(I16:J16) -> 138 | L16: =J16/G16 -> 0.32620321 | M16: =I16/F16 -> 0.53846154 | N16: =K16/H16 -> 0.41818182 | O16: =AVERAGE(L16:M16) -> 0.43233237
A17: Total | B17: =SUM(B6:B16) -> 254 | C17: =SUM(C6:C16) -> 245 | D17: =SUM(D6:D16) -> 499 | E17: =SUM(E6:E16) -> 121 | F17: =SUM(F6:F16) -> 2794 | G17: =SUM(G6:G16) -> 2695 | H17: =SUM(H6:H16) -> 5489 | I17: =SUM(I6:I16) -> 1721 | ... K17: =SUM(K6:K16) -> 3576 | L17: =J17/G17 -> 0.68831169 | M17: =I17/F17 -> 0.61596278 | N17: =AVERAGE(N6:N16) -> 0.6450302 | O17: =AVERAGE(O6:O16) -> 0.65231014
A18: % | B18: 1 | C18: 1 | D18: 1 | E18: 1 | F18: 1 | G18: 1 | H18: 1 | I18: =I17/F17 -> 0.61596278 | J18: =J17/G17 -> 0.68831169 | K18: =K17/H17 -> 0.65148479 | L18: 0.54 | M18: 0.56 | N18: 0.55 | O18: =AVERAGE(L17:M17) -> 0.65213723

Sheet ECE (ROSE)
A1: Goverment high school (SJCHS)
A2: Monthly Attendence Month of August-2024
A3: S.No | B3: Student Name | C3: Father Name | D3: Class | E3: =TEXT(E4,"ddd") -> Thu | F3: =TEXT(F4,"ddd") -> Fri | G3: =TEXT(G4,"ddd") -> Sat | H3: =TEXT(H4,"ddd") -> Sun | I3: =TEXT(I4,"ddd") -> Mon | J3: =TEXT(J4,"ddd") -> Tue | K3: =TEXT(K4,"ddd") -> Wed | L3: =TEXT(L4,"ddd") -> Thu | ... U3: =TEXT(U4,"ddd") -> Sat | V3: Present | W3: Absent | X3: Year 2024
E4: 45519 | F4: 45520 | G4: 45521 | H4: 45522 | I4: 45523 | J4: 45524 | K4: 45525 | L4: 45526 | M4: 45527 | N4: 45528 | O4: 45529 | P4: 45530 | Q4: 45531 | R4: 45532 | S4: 45533 | T4: 45534 | U4: 45535 | X4: Total days | Y4: =SUM(Y5:Y11) -> 31
A5: 1 | B5: Eman | C5: Shahnawaz Khan | D5: ECE | E5: A | F5: A | G5: A | H5: SUNDAY - SUNDAY - SUNDAY - SUNDAY | I5: P | J5: LATIF DAY - LATIF DAY - LATIF DAY | K5: P | L5: A | M5: P | N5: P | O5: SUNDAY - SUNDAY - SUNDAY - SUNDAY | P5: OFF DUE TO CHEHLUM - OFF DUE TO CHEHLUM | Q5: P | R5: A | S5: P | T5: OFF DUE TO HEAVY RAIN | U5: A | V5: =COUNTIF(E5:U5,"P") -> 6 | W5: =COUNTIF(E5:U5,"A") -> 6 | X5: Working days | Y5: 11
A6: 2 | B6: Rehan Ali | C6: Abdul Rehman | D6: ECE | E6: P | F6: P | G6: P | I6: A | K6: P | L6: P | M6: P | N6: P | Q6: P | R6: A | S6: A | U6: A | V6: =COUNTIF(E6:U6,"P") -> 8 | W6: =COUNTIF(E6:U6,"A") -> 4 | X6: Sunday | Y6: 4
A7: 3 | B7: Dilkash | C7: Faraz Hussain | D7: ECE | E7: A | F7: A | G7: A | I7: A | K7: P | L7: P | M7: P | N7: A | Q7: P | R7: A | S7: P | U7: A | V7: =COUNTIF(E7:U7,"P") -> 5 | W7: =COUNTIF(E7:U7,"A") -> 7 | X7: Summer Vications | Y7: 12
A8: 4 | B8: Masooma | C8: Faiq Ali | D8: ECE | E8: P | F8: P | G8: A | I8: P | K8: P | L8: P | M8: P | N8: A | Q8: P | R8: A | S8: P | U8: A | V8: =COUNTIF(E8:U8,"P") -> 8 | W8: =COUNTIF(E8:U8,"A") -> 4 | X8: URS | Y8: 1
A9: 5 | B9: Ali | C9: Saddam Hussain | D9: ECE | E9: P | F9: P | G9: P | I9: P | K9: P | L9: P | M9: P | N9: A | Q9: P | R9: A | S9: P | U9: A | V9: =COUNTIF(E9:U9,"P") -> 9 | W9: =COUNTIF(E9:U9,"A") -> 3 | X9: Mango Day | Y9: 1
A10: 6 | B10: Hafsa Batool | C10: Gul Mohammad Chandio | D10: ECE | E10: A | F10: A | G10: A | I10: P | K10: P | L10: P | M10: P | N10: P | Q10: P | R10: P | S10: A | U10: A | V10: =COUNTIF(E10:U10,"P") -> 7 | W10: =COUNTIF(E10:U10,"A") -> 5 | X10: Chehlum | Y10: 1
A11: 7 | B11: Mohammad Aliyan | C11: Shabir Ahmed Bhutto | D11: ECE | E11: A | F11: A | G11: P | I11: P | K11: P | L11: P | M11: P | N11: A | Q11: P | R11: A | S11: P | U11: A | V11: =COUNTIF(E11:U11,"P") -> 7 | W11: =COUNTIF(E11:U11,"A") -> 5 | X11: OFF Due to Heavy Rain | Y11: 1
A12: 8 | B12: Hoor Fatima | C12: Shahid Ali | D12: ECE | E12: A | F12: A | G12: P | I12: A | K12: P | L12: P | M12: P | N12: P | Q12: P | R12: A | S12: P | U12: A | V12: =COUNTIF(E12:U12,"P") -> 7 | W12: =COUNTIF(E12:U12,"A") -> 5
A13: 9 | B13: Muhammad Sahil | C13: Irshad Ali | D13: ECE | E13: A | F13: A | G13: P | I13: P | K13: P | L13: P | M13: P | N13: P | Q13: P | R13: P | S13: P | U13: A | V13: =COUNTIF(E13:U13,"P") -> 9 | W13: =COUNTIF(E13:U13,"A") -> 3 | X13: Present Days Detail
A14: 10 | B14: Kinza | C14: Aijaz Ali | D14: ECE | E14: A | F14: A | G14: P | I14: P | K14: P | L14: P | M14: P | N14: P | Q14: P | R14: P | S14: P | U14: A | V14: =COUNTIF(E14:U14,"P") -> 9 | W14: =COUNTIF(E14:U14,"A") -> 3 | X14: Detail | Y14: Boys | Z14: Girls | AA14: Total
A15: 11 | B15: Zaryab Sultan | C15: Muhammad Zaman | D15: ECE | E15: A | F15: A | G15: P | I15: P | K15: P | L15: P | M15: P | N15: A | Q15: P | R15: A | S15: A | U15: A | V15: =COUNTIF(E15:U15,"P") -> 6 | W15: =COUNTIF(E15:U15,"A") -> 6 | X15: Due Present days | Y15: =20*11 -> 220 | Z15: =21*11 -> 231 | AA15: =SUM(Y15:Z15) -> 451
A16: 12 | B16: M. Ibrahim | C16: Fayaz Ali Ansari | D16: ECE | E16: A | F16: A | G16: A | I16: P | K16: P | L16: P | M16: P | N16: P | Q16: P | R16: P | S16: P | U16: A | V16: =COUNTIF(E16:U16,"P") -> 8 | W16: =COUNTIF(E16:U16,"A") -> 4 | X16: Actual present days | Y16: =V6+V9+V11+V13+V16+V21+V22+V23+V24+V25+V26+V27+V32+V34+V36+V38+V39+V41+V40+V40 -> 120 | Z16: =V5+V7+V8+V10+V12+V14+V15+V17+V18+V19+V28+V29+V30+V31+V33+V35+V37+V40+V44+V45 -> 142 | AA16: =Y16+Z16 -> 262
A17: 13 | B17: Fatima Ansari | C17: Ayaz Ali Ansari | D17: ECE | E17: A | F17: A | G17: A | I17: P | K17: P | L17: P | M17: P | N17: P | Q17: A | R17: A | S17: A | U17: A | V17: =COUNTIF(E17:U17,"P") -> 5 | W17: =COUNTIF(E17:U17,"A") -> 7 | X17: % | Y17: =Y16/Y15 -> 0.54545455 | Z17: =Z16/Z15 -> 0.61471861 | AA17: =AA16/AA15 -> 0.58093126
A18: 14 | B18: Zil-e-Huma | C18: Abdul Qayoom | D18: ECE | E18: A | F18: A | G18: A | I18: P | K18: P | L18: P | M18: P | N18: P | Q18: P | R18: A | S18: A | U18: A | V18: =COUNTIF(E18:U18,"P") -> 6 | W18: =COUNTIF(E18:U18,"A") -> 6
A19: 15 | B19: Ayat Fatima | C19: Imran Hussain | D19: ECE | E19: A | F19: P | G19: P | I19: P | K19: P | L19: P | M19: P | N19: P | Q19: P | R19: A | S19: P | U19: A | V19: =COUNTIF(E19:U19,"P") -> 9 | W19: =COUNTIF(E19:U19,"A") -> 3
A20: 16 | B20: Aqsa | C20: Ahsan Ali | D20: ECE | E20: A | F20: A | G20: A | I20: P | K20: P | L20: P | M20: P | N20: P | Q20: P | R20: A | S20: P | U20: A | V20: =COUNTIF(E20:U20,"P") -> 7 | W20: =COUNTIF(E20:U20,"A") -> 5
A21: 17 | B21: Muhammad Fawad | C21: Waseem Ahmed Channa | D21: ECE | E21: A | F21: A | G21: A | I21: P | K21: P | L21: A | M21: P | N21: P | Q21: A | R21: A | S21: A | U21: A | V21: =COUNTIF(E21:U21,"P") -> 4 | W21: =COUNTIF(E21:U21,"A") -> 8 | X21: Absent Days Details
A22: 18 | B22: Muhammad Haris | C22: M. Shareef Niyazi | D22: ECE | E22: A | F22: P | G22: P | I22: P | K22: P | L22: P | M22: P | N22: A | Q22: P | R22: A | S22: A | U22: A | V22: =COUNTIF(E22:U22,"P") -> 7 | W22: =COUNTIF(E22:U22,"A") -> 5 | X22: Detail | Y22: Boys | Z22: Girls | AA22: Total
A23: 19 | B23: Muhammad Ayan | C23: Abdul Ghaffar | D23: ECE | E23: P | F23: P | G23: P | I23: P | K23: P | L23: P | M23: P | N23: P | Q23: P | R23: A | S23: P | U23: A | V23: =COUNTIF(E23:U23,"P") -> 10 | W23: =COUNTIF(E23:U23,"A") -> 2 | X23: Due Present days | Y23: =20*11 -> 220 | Z23: =21*11 -> 231 | AA23: =Y23+Z23 -> 451
A24: 20 | B24: Danish | C24: Ayaz Ali | D24: ECE | E24: A | F24: P | G24: P | I24: A | K24: P | L24: P | M24: P | N24: P | Q24: P | R24: P | S24: A | U24: A | V24: =COUNTIF(E24:U24,"P") -> 8 | W24: =COUNTIF(E24:U24,"A") -> 4 | X24: Absent days | Y24: =Y23-Y16 -> 100 | Z24: =Z23-Z16 -> 89 | AA24: =Y24+Z24 -> 189
A25: 21 | B25: Mujahid Ali | C25: Sajjad Ali | D25: ECE | E25: A | F25: A | G25: P | I25: P | K25: P | L25: P | M25: P | N25: A | Q25: P | R25: A | S25: P | U25: A | V25: =COUNTIF(E25:U25,"P") -> 7 | W25: =COUNTIF(E25:U25,"A") -> 5 | X25: % | Y25: =Y24/Y23 -> 0.45454545 | Z25: =Z24/Z23 -> 0.38528139 | AA25: =AA24/AA23 -> 0.41906874
A26: 22 | B26: Zawar Ali | C26: Kamran Ali | D26: ECE | E26: - | F26: - | G26: - | I26: - | K26: - | L26: - | M26: - | N26: - | Q26: P | R26: A | S26: A | U26: A | V26: =COUNTIF(E26:U26,"P") -> 1 | W26: =COUNTIF(E26:U26,"A") -> 3
A27: 23 | B27: Muhammad Rayyan | C27: Ghulam Murtaza | D27: ECE | E27: - | F27: - | G27: - | I27: - | K27: - | L27: - | M27: - | N27: - | Q27: - | R27: - | S27: - | U27: - | V27: =COUNTIF(E27:U27,"P") -> 0 | W27: =COUNTIF(E27:U27,"A") -> 0
A28: 24 | B28: Safa | C28: Dil Murad | D28: ECE | E28: A | F28: P | G28: P | I28: P | K28: P | L28: P | M28: P | N28: P | Q28: P | R28: P | S28: P | U28: A | V28: =COUNTIF(E28:U28,"P") -> 10 | W28: =COUNTIF(E28:U28,"A") -> 2
A29: 25 | B29: Hifza | C29: Zakir Ali | D29: ECE | E29: P | F29: P | G29: A | I29: A | K29: A | L29: A | M29: A | N29: P | Q29: A | R29: A | S29: P | U29: A | V29: =COUNTIF(E29:U29,"P") -> 4 | W29: =COUNTIF(E29:U29,"A") -> 8
A30: 26 | B30: Zameeran | C30: Babar Ali | D30: ECE | E30: P | F30: P | G30: P | I30: P | K30: P | L30: P | M30: A | N30: L | Q30: A | R30: P | S30: A | U30: A | V30: =COUNTIF(E30:U30,"P") -> 7 | W30: =COUNTIF(E30:U30,"A") -> 4
A31: 27 | B31: Parwisha | C31: Sarfaraz Ahmed | D31: ECE | E31: A | F31: A | G31: A | I31: P | K31: P | L31: P | M31: P | N31: P | Q31: P | R31: A | S31: A | U31: A | V31: =COUNTIF(E31:U31,"P") -> 6 | W31: =COUNTIF(E31:U31,"A") -> 6
A32: 28 | B32: Muhammad Ahad | C32: Khalid Hussain Abbasi | D32: ECE | E32: A | F32: A | G32: A | I32: P | K32: P | L32: A | M32: P | N32: A | Q32: A | R32: A | S32: A | U32: A | V32: =COUNTIF(E32:U32,"P") -> 3 | W32: =COUNTIF(E32:U32,"A") -> 9
A33: 29 | B33: Aiza | C33: Irshad-Ul-Haq | D33: ECE | E33: P | F33: P | G33: P | I33: P | K33: P | L33: P | M33: P | N33: P | Q33: P | R33: A | S33: A | U33: A | V33: =COUNTIF(E33:U33,"P") -> 9 | W33: =COUNTIF(E33:U33,"A") -> 3
A34: 30 | B34: Muhammad Hamza | C34: Irshad-Ul-Haq | D34: ECE | E34: P | F34: P | G34: P | I34: P | K34: P | L34: P | M34: L | N34: P | Q34: P | R34: A | S34: A | U34: A | V34: =COUNTIF(E34:U34,"P") -> 8 | W34: =COUNTIF(E34:U34,"A") -> 3
A35: 31 | B35: Shazia | C35: Rashid Ali | D35: ECE | E35: A | F35: A | G35: A | I35: P | K35: P | L35: P | M35: P | N35: P | Q35: A | R35: A | S35: P | U35: A | V35: =COUNTIF(E35:U35,"P") -> 6 | W35: =COUNTIF(E35:U35,"A") -> 6
A36: 32 | B36: M. Ayan | C36: Sanaullah Qureshi | D36: ECE | E36: A | F36: A | G36: A | I36: A | K36: A | L36: P | M36: P | N36: A | Q36: P | R36: A | S36: A | U36: A | V36: =COUNTIF(E36:U36,"P") -> 3 | W36: =COUNTIF(E36:U36,"A") -> 9
A37: 33 | B37: Ume Farwa | C37: Meer Ameer-u-Din | D37: ECE | E37: P | F37: P | G37: P | I37: P | K37: P | L37: P | M37: A | N37: A | Q37: P | R37: P | S37: P | U37: A | V37: =COUNTIF(E37:U37,"P") -> 9 | W37: =COUNTIF(E37:U37,"A") -> 3
A38: 34 | B38: M. Awais | C38: Mehboob Ali | D38: ECE | E38: - | F38: - | G38: - | I38: - | K38: - | L38: - | M38: P | N38: P | Q38: A | R38: P | S38: P | U38: A | V38: =COUNTIF(E38:U38,"P") -> 4 | W38: =COUNTIF(E38:U38,"A") -> 2
A39: 35 | B39: M. Raheel | D39: ECE | E39: - | F39: - | G39: - | I39: - | K39: - | L39: - | M39: P | N39: P | Q39: A | R39: P | S39: P | U39: A | V39: =COUNTIF(E39:U39,"P") -> 4 | W39: =COUNTIF(E39:U39,"A") -> 2
A40: 36 | B40: Fiza | C40: Ahmed | D40: ECE | E40: A | F40: A | G40: P | I40: P | K40: P | L40: P | M40: P | N40: P | Q40: P | R40: A | S40: A | U40: A | V40: =COUNTIF(E40:U40,"P") -> 7 | W40: =COUNTIF(E40:U40,"A") -> 5
A41: 37 | B41: Amanullah | C41: Sajid Ahmed | D41: ECE | E41: A | F41: A | G41: P | I41: P | K41: P | L41: P | M41: P | N41: A | Q41: P | R41: A | S41: A | U41: A | V41: =COUNTIF(E41:U41,"P") -> 6 | W41: =COUNTIF(E41:U41,"A") -> 6
A42: 38 | B42: Ahmed Ali | C42: Asghar Ali | D42: ECE | E42: A | F42: A | G42: A | I42: P | K42: P | L42: P | M42: P | N42: A | Q42: P | R42: A | S42: P | U42: A | V42: =COUNTIF(E42:U42,"P") -> 6 | W42: =COUNTIF(E42:U42,"A") -> 6
A43: 39 | B43: Shahbaz Ali | C43: Muhammad Ibrahim | D43: ECE | E43: A | F43: A | G43: A | I43: P | K43: P | L43: P | M43: P | N43: P | Q43: P | R43: P | S43: P | U43: A | V43: =COUNTIF(E43:U43,"P") -> 8 | W43: =COUNTIF(E43:U43,"A") -> 4
A44: 40 | B44: Eshaal | C44: M. Fahad | D44: ECE | E44: - | F44: - | G44: - | I44: P | K44: P | L44: P | M44: P | N44: P | Q44: P | R44: A | S44: A | U44: A | V44: =COUNTIF(E44:U44,"P") -> 6 | W44: =COUNTIF(E44:U44,"A") -> 3
A45: 41 | B45: Rija Batool | C45: Ghulam Mehdi | D45: ECE | E45: A | F45: P | G45: P | I45: P | K45: P | L45: P | M45: P | N45: P | Q45: P | R45: P | S45: P | U45: A | V45: =COUNTIF(E45:U45,"P") -> 10 | W45: =COUNTIF(E45:U45,"A") -> 2

Sheet ECE (DAFFODILS)
A1: Goverment high school (SJCHS)
A2: Monthly Attendence Month of August-2024
A3: S.No | B3: Student Name | C3: Father Name | D3: Class | E3: =TEXT(E4,"ddd") -> Thu | F3: =TEXT(F4,"ddd") -> Fri | G3: =TEXT(G4,"ddd") -> Sat | H3: =TEXT(H4,"ddd") -> Sun | I3: =TEXT(I4,"ddd") -> Mon | J3: =TEXT(J4,"ddd") -> Tue | K3: =TEXT(K4,"ddd") -> Wed | L3: =TEXT(L4,"ddd") -> Thu | ... U3: =TEXT(U4,"ddd") -> Sat | V3: Present | W3: Absent | X3: Year 2024
E4: 45519 | F4: 45520 | G4: 45521 | H4: 45522 | I4: 45523 | J4: 45524 | K4: 45525 | L4: 45526 | M4: 45527 | N4: 45528 | O4: 45529 | P4: 45530 | Q4: 45531 | R4: 45532 | S4: 45533 | T4: 45534 | U4: 45535 | X4: Total days | Y4: =SUM(Y5:Y11) -> 31
A5: 1 | B5: Alishba Batool | C5: Irfan Ali | D5: ECE | E5: P | F5: P | G5: P | H5: SUNDAY - SUNDAY - SUNDAY - SUNDAY - SUNDAY - SUNDAY | I5: P | J5: LATIF DAY - LATIF DAY - LATIF DAY - LATIF DAY - LATIF DAY | K5: P | L5: P | M5: P | N5: MANGO DAY - MANGO DAY - MANGO DAY - MANGO DAY - MANGO DAY | O5: SUNDAY - SUNDAY - SUNDAY - SUNDAY - SUNDAY - SUNDAY | P5: OFF DUE TO CHEHLUM OF HAZRAT IMAM HUSSAIN (A.S) | Q5: A | R5: P | S5: P | T5: OFF DUE TO HEAVY RAIN - OFF DUE TO HEAVY RAIN | V5: =COUNTIF(E5:U5,"P") -> 9 | W5: =COUNTIF(E5:U5,"A") -> 1 | X5: Working days | Y5: 11
A6: 2 | B6: Amna | C6: Imtiaz Hussain | D6: ECE | E6: A | F6: P | G6: P | I6: P | K6: P | L6: P | M6: P | Q6: P | R6: P | S6: A | V6: =COUNTIF(E6:U6,"P") -> 8 | W6: =COUNTIF(E6:U6,"A") -> 2 | X6: Sunday | Y6: 4
A7: 3 | B7: Aniza Memon | C7: M. Qasim | D7: ECE | E7: P | F7: P | G7: P | I7: P | K7: P | L7: P | M7: P | Q7: P | R7: A | S7: P | V7: =COUNTIF(E7:U7,"P") -> 9 | W7: =COUNTIF(E7:U7,"A") -> 1 | X7: Summer Vications | Y7: 12
A8: 4 | B8: Areeba | C8: Altaf Hussain | D8: ECE | E8: A | F8: P | G8: P | I8: P | K8: P | L8: P | M8: P | Q8: P | R8: A | S8: A | V8: =COUNTIF(E8:U8,"P") -> 7 | W8: =COUNTIF(E8:U8,"A") -> 3 | X8: URS | Y8: 1
A9: 5 | B9: Batool | C9: Amjad Ali | D9: ECE | E9: P | F9: P | G9: P | I9: P | K9: P | L9: P | M9: P | Q9: A | R9: A | S9: P | V9: =COUNTIF(E9:U9,"P") -> 8 | W9: =COUNTIF(E9:U9,"A") -> 2 | X9: Mango Day | Y9: 1
A10: 6 | B10: Dua | C10: Khalid Hussain | D10: ECE | E10: A | F10: P | G10: P | I10: P | K10: P | L10: P | M10: P | Q10: A | R10: A | S10: P | V10: =COUNTIF(E10:U10,"P") -> 7 | W10: =COUNTIF(E10:U10,"A") -> 3 | X10: Chehlum | Y10: 1
A11: 7 | B11: Faiza | C11: Liaqat Ali | D11: ECE | E11: P | F11: P | G11: P | I11: P | K11: P | L11: P | M11: P | Q11: A | R11: A | S11: P | V11: =COUNTIF(E11:U11,"P") -> 8 | W11: =COUNTIF(E11:U11,"A") -> 2 | X11: OFF Due to Heavy Rain | Y11: 1
A12: 8 | B12: Fatima | C12: Aziz-ur-Rehman | D12: ECE | E12: P | F12: P | G12: P | I12: P | K12: P | L12: P | M12: P | Q12: P | R12: A | S12: P | V12: =COUNTIF(E12:U12,"P") -> 9 | W12: =COUNTIF(E12:U12,"A") -> 1
A13: 9 | B13: Hafsa | C13: Hafeezullah | D13: ECE | E13: A | F13: P | G13: P | I13: P | K13: P | L13: P | M13: P | Q13: A | R13: A | S13: P | V13: =COUNTIF(E13:U13,"P") -> 7 | W13: =COUNTIF(E13:U13,"A") -> 3 | X13: Present Days Detail
A14: 10 | B14: Insha Arzoo | C14: Meeral | D14: ECE | E14: A | F14: P | G14: P | I14: P | K14: P | L14: P | M14: A | Q14: A | R14: A | S14: P | V14: =COUNTIF(E14:U14,"P") -> 6 | W14: =COUNTIF(E14:U14,"A") -> 4 | X14: Detail | Y14: Boys | Z14: Girls | AA14: Total
A15: 11 | B15: Kauser Fatima | C15: Amir Jamil | D15: ECE | E15: P | F15: P | G15: P | I15: P | K15: P | L15: P | M15: P | Q15: A | R15: A | S15: A | V15: =COUNTIF(E15:U15,"P") -> 7 | W15: =COUNTIF(E15:U15,"A") -> 3 | X15: Due Present days | Y15: =29*11 -> 319 | Z15: =24*11 -> 264 | AA15: =SUM(Y15:Z15) -> 583
A16: 12 | B16: Mehrunisa | C16: Aijaz Ali | D16: ECE | E16: A | F16: P | G16: P | I16: P | K16: P | L16: P | M16: P | Q16: A | R16: A | S16: P | V16: =COUNTIF(E16:U16,"P") -> 7 | W16: =COUNTIF(E16:U16,"A") -> 3 | X16: Actual present days | Y16: =SUM(V5:V28) -> 185 | Z16: =SUM(V29:V57) -> 206 | AA16: =Y16+Z16 -> 391
A17: 13 | B17: Mirha | C17: M. Luqman | D17: ECE | E17: P | F17: P | G17: P | I17: P | K17: P | L17: P | M17: A | Q17: A | R17: A | S17: P | V17: =COUNTIF(E17:U17,"P") -> 7 | W17: =COUNTIF(E17:U17,"A") -> 3 | X17: % | Y17: =Y16/Y15 -> 0.5799373 | Z17: =Z16/Z15 -> 0.78030303 | AA17: =AA16/AA15 -> 0.67066895
A18: 14 | B18: Misbah Bhutto | C18: M. Azeem | D18: ECE | E18: A | F18: A | G18: P | I18: P | K18: P | L18: P | M18: P | Q18: A | R18: P | S18: P | V18: =COUNTIF(E18:U18,"P") -> 7 | W18: =COUNTIF(E18:U18,"A") -> 3
A19: 15 | B19: Rimsha | C19: Meer Ameer-ud-Din | D19: ECE | E19: P | F19: P | G19: P | I19: P | K19: P | L19: P | M19: P | Q19: P | R19: P | S19: P | V19: =COUNTIF(E19:U19,"P") -> 10 | W19: =COUNTIF(E19:U19,"A") -> 0
A20: 16 | B20: Sidra | C20: Khalid Hussain | D20: ECE | E20: A | F20: P | G20: P | I20: P | K20: P | L20: P | M20: P | Q20: A | R20: A | S20: P | V20: =COUNTIF(E20:U20,"P") -> 7 | W20: =COUNTIF(E20:U20,"A") -> 3
A21: 17 | B21: Sidra Batool | C21: M. Khan | D21: ECE | E21: A | F21: P | G21: P | I21: P | K21: P | L21: P | M21: P | Q21: P | R21: P | S21: P | V21: =COUNTIF(E21:U21,"P") -> 9 | W21: =COUNTIF(E21:U21,"A") -> 1 | X21: Absent Days Details
A22: 18 | B22: Taniya Bibi | C22: Wazir Ali | D22: ECE | E22: A | F22: A | G22: A | I22: P | K22: P | L22: P | M22: A | Q22: A | R22: A | S22: P | V22: =COUNTIF(E22:U22,"P") -> 4 | W22: =COUNTIF(E22:U22,"A") -> 6 | X22: Detail | Y22: Boys | Z22: Girls | AA22: Total
A23: 19 | B23: Tanzeela | C23: Hizbullah | D23: ECE | E23: P | F23: P | G23: P | I23: P | K23: P | L23: P | M23: P | Q23: P | R23: A | S23: P | V23: =COUNTIF(E23:U23,"P") -> 9 | W23: =COUNTIF(E23:U23,"A") -> 1 | X23: Due Present days | Y23: =29*11 -> 319 | Z23: =24*11 -> 264 | AA23: =Y23+Z23 -> 583
A24: 20 | B24: Tayaba Fatima | C24: Waseem Ahmed | D24: ECE | E24: P | F24: P | G24: P | I24: P | K24: P | L24: A | M24: P | Q24: A | R24: A | S24: A | V24: =COUNTIF(E24:U24,"P") -> 6 | W24: =COUNTIF(E24:U24,"A") -> 4 | X24: Absent days | Y24: =Y23-Y16 -> 134 | Z24: =Z23-Z16 -> 58 | AA24: =Y24+Z24 -> 192
A25: 21 | B25: Tooba Noor | C25: M. Shareef | D25: ECE | E25: P | F25: P | G25: P | I25: P | K25: P | L25: P | M25: P | Q25: P | R25: A | S25: A | V25: =COUNTIF(E25:U25,"P") -> 8 | W25: =COUNTIF(E25:U25,"A") -> 2 | X25: % | Y25: =Y24/Y23 -> 0.4200627 | Z25: =Z24/Z23 -> 0.21969697 | AA25: =AA24/AA23 -> 0.32933105
A26: 22 | B26: Umm-e-Kulsoom | C26: Shah Ali | D26: ECE | E26: P | F26: P | G26: P | I26: P | K26: P | L26: P | M26: P | Q26: P | R26: A | S26: P | V26: =COUNTIF(E26:U26,"P") -> 9 | W26: =COUNTIF(E26:U26,"A") -> 1
A27: 23 | B27: Zunaira | C27: Amjad Ali | D27: ECE | E27: P | F27: P | G27: P | I27: P | K27: P | L27: P | M27: P | Q27: P | R27: A | S27: P | V27: =COUNTIF(E27:U27,"P") -> 9 | W27: =COUNTIF(E27:U27,"A") -> 1
A28: 24 | B28: Sahib Khatoon | C28: A. Qayoom | D28: ECE | E28: P | F28: P | G28: P | I28: P | K28: P | L28: P | M28: P | Q28: P | R28: A | S28: A | V28: =COUNTIF(E28:U28,"P") -> 8 | W28: =COUNTIF(E28:U28,"A") -> 2
A29: 1 | B29: Abrar | C29: Jan Muhammad | D29: ECE | E29: A | F29: A | G29: A | I29: A | K29: P | L29: P | M29: P | Q29: P | R29: P | S29: A | V29: =COUNTIF(E29:U29,"P") -> 5 | W29: =COUNTIF(E29:U29,"A") -> 5
A30: 2 | B30: Azan Shafeeque | C30: M. Shafeeque | D30: ECE | E30: P | F30: P | G30: P | I30: P | K30: P | L30: P | M30: P | Q30: A | R30: A | S30: A | U30: P | V30: =COUNTIF(E30:U30,"P") -> 8 | W30: =COUNTIF(E30:U30,"A") -> 3
A31: 3 | B31: Azan Fayaz | C31: Fayaz Hussain | D31: ECE | E31: A | F31: A | G31: P | I31: P | K31: P | L31: P | M31: P | Q31: P | R31: A | S31: A | V31: =COUNTIF(E31:U31,"P") -> 6 | W31: =COUNTIF(E31:U31,"A") -> 4
A32: 4 | B32: Adil Ahmed | C32: Faiz Muhammad | D32: ECE | E32: A | F32: P | G32: P | I32: P | K32: P | L32: A | M32: P | Q32: P | R32: A | S32: P | V32: =COUNTIF(E32:U32,"P") -> 7 | W32: =COUNTIF(E32:U32,"A") -> 3
A33: 5 | B33: Ab. Qudoos | C33: Sikandar | D33: ECE | E33: A | F33: A | G33: A | I33: A | K33: P | L33: A | M33: A | Q33: P | R33: P | S33: P | V33: =COUNTIF(E33:U33,"P") -> 4 | W33: =COUNTIF(E33:U33,"A") -> 6
A34: 6 | B34: Ab. Rehman | C34: M. Aslam | D34: ECE | E34: A | F34: A | G34: A | I34: A | K34: P | L34: P | M34: P | Q34: A | R34: A | S34: A | V34: =COUNTIF(E34:U34,"P") -> 3 | W34: =COUNTIF(E34:U34,"A") -> 7
A35: 7 | B35: Ahmed Zia | C35: Zia Buksh | D35: ECE | E35: A | F35: P | G35: P | I35: P | K35: P | L35: L | M35: P | Q35: P | R35: A | S35: P | V35: =COUNTIF(E35:U35,"P") -> 7 | W35: =COUNTIF(E35:U35,"A") -> 2
A36: 8 | B36: Arham | C36: Mujtaba Ahmed | D36: ECE | E36: A | F36: A | G36: A | I36: A | K36: A | L36: A | M36: A | Q36: A | R36: A | S36: A | V36: =COUNTIF(E36:U36,"P") -> 0 | W36: =COUNTIF(E36:U36,"A") -> 10
A37: 9 | B37: Arham | C37: Qasim Memon | D37: ECE | E37: P | F37: P | G37: P | I37: P | K37: P | L37: P | M37: P | Q37: P | R37: A | S37: P | V37: =COUNTIF(E37:U37,"P") -> 9 | W37: =COUNTIF(E37:U37,"A") -> 1
A38: 10 | B38: Amar Farooque | C38: M. Farooque | D38: ECE | E38: P | F38: P | G38: P | I38: P | K38: P | L38: P | M38: A | Q38: A | R38: A | S38: A | V38: =COUNTIF(E38:U38,"P") -> 6 | W38: =COUNTIF(E38:U38,"A") -> 4
A39: 11 | B39: Ashfaque | C39: M. Zubair | D39: ECE | E39: P | F39: P | G39: P | I39: A | K39: P | L39: P | M39: P | Q39: P | R39: P | S39: P | V39: =COUNTIF(E39:U39,"P") -> 9 | W39: =COUNTIF(E39:U39,"A") -> 1
A40: 12 | B40: Fahad | C40: M. Maroof | D40: ECE | E40: P | F40: A | G40: P | I40: P | K40: P | L40: P | M40: A | Q40: A | R40: A | S40: P | V40: =COUNTIF(E40:U40,"P") -> 6 | W40: =COUNTIF(E40:U40,"A") -> 4
A41: 13 | B41: Hussain | C41: Hafeezullah | D41: ECE | E41: P | F41: P | G41: P | I41: P | K41: P | L41: P | M41: P | Q41: A | R41: A | S41: P | V41: =COUNTIF(E41:U41,"P") -> 8 | W41: =COUNTIF(E41:U41,"A") -> 2
A42: 14 | B42: Hassan Naveed | C42: Naveed Siddique | D42: ECE | E42: P | F42: P | G42: P | I42: P | K42: P | L42: P | M42: P | Q42: A | R42: P | S42: A | V42: =COUNTIF(E42:U42,"P") -> 8 | W42: =COUNTIF(E42:U42,"A") -> 2
... A56: 28 | B56: Ammadullah | C56: Shabir Ahmed | D56: ECE | E56: P | F56: P | G56: P | I56: P | K56: P | L56: P | M56: P | Q56: P | R56: A | S56: P | V56: =COUNTIF(E56:U56,"P") -> 9 | W56: =COUNTIF(E56:U56,"A") -> 1
A57: 29 | B57: M Fahad | D57: ECE | E57: P | F57: P | G57: P | I57: P | K57: P | L57: A | M57: P | Q57: A | R57: A | S57: A | V57: =COUNTIF(E57:U57,"P") -> 6 | W57: =COUNTIF(E57:U57,"A") -> 4

Sheet Class-I
A1: Goverment high school (SJCHS)
A2: Monthly Attendence Month of August-2024
A3: S.No | B3: Student Name | C3: Father Name | D3: Class | E3: =TEXT(E4,"ddd") -> Thu | F3: =TEXT(F4,"ddd") -> Fri | G3: =TEXT(G4,"ddd") -> Sat | H3: =TEXT(H4,"ddd") -> Sun | I3: =TEXT(I4,"ddd") -> Mon | J3: =TEXT(J4,"ddd") -> Tue | K3: =TEXT(K4,"ddd") -> Wed | L3: =TEXT(L4,"ddd") -> Thu | ... U3: =TEXT(U4,"ddd") -> Sat | V3: Present | W3: Absent | X3: Year 2024
E4: 45519 | F4: 45520 | G4: 45521 | H4: 45522 | I4: 45523 | J4: 45524 | K4: 45525 | L4: 45526 | M4: 45527 | N4: 45528 | O4: 45529 | P4: 45530 | Q4: 45531 | R4: 45532 | S4: 45533 | T4: 45534 | U4: 45535 | X4: Total days | Y4: =SUM(Y5:Y11) -> 31
A5: 1 | B5: Anum | C5: M. Arif | D5: One | E5: P | F5: P | G5: P | H5: SUNDAY - SUNDAY - SUNDAY - SUNDAY - SUNDAY - SUNDAY | I5: P | J5: (URS) SHAH ABDUL LATIF BHITAI (URS) | K5: P | L5: P | M5: A | N5: MANGO DAY (ACTIVITY) - MANGO DAY (ACTIVITY) | O5: SUNDAY - SUNDAY - SUNDAY - SUNDAY - SUNDAY - SUNDAY | P5: CHEHLUM - CHEHLUM - CHEHLUM - CHEHLUM - CHEHLUM | Q5: P | R5: P | S5: P | T5: OFF DUE TO HEAVY RAIN - OFF DUE TO HEAVY RAIN | U5: A | V5: =COUNTIF(E5:U5,"P") -> 9 | W5: =COUNTIF(E5:U5,"A") -> 2 | X5: Working days | Y5: 11
A6: 2 | B6: Ayat | C6: Meer Mohammad | D6: One | E6: P | F6: P | G6: P | I6: P | K6: P | L6: P | M6: A | Q6: A | R6: A | S6: P | U6: A | V6: =COUNTIF(E6:U6,"P") -> 7 | W6: =COUNTIF(E6:U6,"A") -> 4 | X6: Sunday | Y6: 4
A7: 3 | B7: Amna | C7: Saeed Ahmed | D7: One | E7: A | F7: P | G7: A | I7: P | K7: P | L7: P | M7: P | Q7: P | R7: A | S7: A | U7: A | V7: =COUNTIF(E7:U7,"P") -> 6 | W7: =COUNTIF(E7:U7,"A") -> 5 | X7: Summer Vications | Y7: 12
A8: 4 | B8: Adeeba | C8: Qurban Ali | D8: One | E8: - | F8: A | G8: A | I8: P | K8: P | L8: P | M8: P | Q8: A | R8: P | S8: P | U8: A | V8: =COUNTIF(E8:U8,"P") -> 6 | W8: =COUNTIF(E8:U8,"A") -> 4 | X8: URS | Y8: 1
A9: 5 | B9: Emaan Noor | C9: Noor Mohammad | D9: One | E9: A | F9: P | G9: P | I9: P | K9: P | L9: P | M9: P | Q9: A | R9: A | S9: A | U9: A | V9: =COUNTIF(E9:U9,"P") -> 6 | W9: =COUNTIF(E9:U9,"A") -> 5 | X9: Mango Day | Y9: 1
A10: 6 | B10: Horain | C10: Saeed Ahmed | D10: One | E10: P | F10: P | G10: P | I10: P | K10: P | L10: P | M10: A | Q10: A | R10: A | S10: P | U10: A | V10: =COUNTIF(E10:U10,"P") -> 7 | W10: =COUNTIF(E10:U10,"A") -> 4 | X10: Chehlum | Y10: 1
A11: 7 | B11: Hannah | C11: Luqman Ali | D11: One | E11: P | F11: P | G11: P | I11: P | K11: P | L11: P | M11: P | Q11: A | R11: A | S11: P | U11: A | V11: =COUNTIF(E11:U11,"P") -> 8 | W11: =COUNTIF(E11:U11,"A") -> 3 | X11: OFF Due to Heavy Rain | Y11: 1
A12: 8 | B12: Horiya | C12: Siddique | D12: One | E12: A | F12: P | G12: P | I12: P | K12: P | L12: P | M12: P | Q12: P | R12: A | S12: P | U12: A | V12: =COUNTIF(E12:U12,"P") -> 8 | W12: =COUNTIF(E12:U12,"A") -> 3
A13: 9 | B13: Hareem Fatima | C13: Deedar Ali | D13: One | E13: A | F13: P | G13: P | I13: P | K13: P | L13: P | M13: P | Q13: P | R13: A | S13: P | U13: A | V13: =COUNTIF(E13:U13,"P") -> 8 | W13: =COUNTIF(E13:U13,"A") -> 3 | X13: Present Days Detail
A14: 10 | B14: Maham Noor | C14: Zaheer Abbas | D14: One | E14: P | F14: P | G14: P | I14: P | K14: P | L14: P | M14: P | Q14: P | R14: P | S14: P | U14: A | V14: =COUNTIF(E14:U14,"P") -> 10 | W14: =COUNTIF(E14:U14,"A") -> 1 | X14: Detail | Y14: Boys | Z14: Girls | AA14: Total
A15: 11 | B15: Maria | C15: Mehboob Ali | D15: One | E15: A | F15: P | G15: P | I15: P | K15: P | L15: P | M15: P | Q15: A | R15: A | S15: A | U15: A | V15: =COUNTIF(E15:U15,"P") -> 6 | W15: =COUNTIF(E15:U15,"A") -> 5 | X15: Due Present days | Y15: =32*11 -> 352 | Z15: =24*11 -> 264 | AA15: =SUM(Y15:Z15) -> 616
A16: 12 | B16: Mehreen | C16: M. Maroof | D16: One | E16: A | F16: P | G16: P | I16: P | K16: P | L16: P | M16: A | Q16: A | R16: A | S16: P | U16: A | V16: =COUNTIF(E16:U16,"P") -> 6 | W16: =COUNTIF(E16:U16,"A") -> 5 | X16: Actual present days | Y16: =SUM(V5:V28) -> 145 | Z16: =SUM(V29:V60) -> 230 | AA16: =Y16+Z16 -> 375
A17: 13 | B17: Mahira | C17: Arbab Ali | D17: One | E17: A | F17: A | G17: A | I17: P | K17: A | L17: P | M17: P | Q17: A | R17: A | S17: A | U17: A | V17: =COUNTIF(E17:U17,"P") -> 3 | W17: =COUNTIF(E17:U17,"A") -> 8 | X17: % | Y17: =Y16/Y15 -> 0.41193182 | Z17: =Z16/Z15 -> 0.87121212 | AA17: =AA16/AA15 -> 0.60876623
A18: 14 | B18: Meerab | C18: Yasir Ahmed | D18: One | E18: - | F18: - | G18: - | I18: - | K18: - | L18: P | M18: P | Q18: P | R18: P | S18: A | U18: A | V18: =COUNTIF(E18:U18,"P") -> 4 | W18: =COUNTIF(E18:U18,"A") -> 2
A19: 15 | B19: Qudsia Zehra | C19: Awaheed Ali | D19: One | E19: - | F19: - | G19: - | I19: - | K19: - | L19: - | M19: P | Q19: P | R19: P | S19: P | U19: A | V19: =COUNTIF(E19:U19,"P") -> 4 | W19: =COUNTIF(E19:U19,"A") -> 1
A20: 16 | B20: Paras | C20: Sadam | D20: One | E20: A | F20: A | G20: A | I20: P | K20: P | L20: P | M20: P | Q20: P | R20: A | S20: P | U20: A | V20: =COUNTIF(E20:U20,"P") -> 6 | W20: =COUNTIF(E20:U20,"A") -> 5
A21: 17 | B21: Thamna Batool | C21: Shehzad | D21: One | E21: - | F21: - | G21: - | I21: - | K21: - | L21: - | M21: P | Q21: A | R21: A | S21: P | U21: A | V21: =COUNTIF(E21:U21,"P") -> 2 | W21: =COUNTIF(E21:U21,"A") -> 3 | X21: Absent Days Details
A22: 18 | B22: Tamana Fatima | C22: Shehzad | D22: One | E22: - | F22: - | G22: - | I22: - | K22: - | L22: - | M22: P | Q22: A | R22: A | S22: P | U22: A | V22: =COUNTIF(E22:U22,"P") -> 2 | W22: =COUNTIF(E22:U22,"A") -> 3 | X22: Detail | Y22: Boys | Z22: Girls | AA22: Total
A23: 19 | B23: Zaiba Bakhtawar | C23: Hameed | D23: One | E23: P | F23: P | G23: P | I23: P | K23: P | L23: P | M23: P | Q23: P | R23: A | S23: P | U23: A | V23: =COUNTIF(E23:U23,"P") -> 9 | W23: =COUNTIF(E23:U23,"A") -> 2 | X23: Due Present days | Y23: =32*11 -> 352 | Z23: =24*11 -> 264 | AA23: =Y23+Z23 -> 616
A24: 20 | B24: Zainab | C24: A. Aziz | D24: One | E24: A | F24: P | G24: P | I24: P | K24: P | L24: P | M24: P | Q24: P | R24: A | S24: P | U24: A | V24: =COUNTIF(E24:U24,"P") -> 8 | W24: =COUNTIF(E24:U24,"A") -> 3 | X24: Absent days | Y24: =Y23-Y16 -> 207 | Z24: =Z23-Z16 -> 34 | AA24: =Y24+Z24 -> 241
A25: 21 | B25: Zainab | C25: Zulfiqar | D25: One | E25: A | F25: P | G25: P | I25: P | K25: P | L25: P | M25: P | Q25: P | R25: A | S25: P | U25: A | V25: =COUNTIF(E25:U25,"P") -> 8 | W25: =COUNTIF(E25:U25,"A") -> 3 | X25: % | Y25: =Y24/Y23 -> 0.58806818 | Z25: =Z24/Z23 -> 0.12878788 | AA25: =AA24/AA23 -> 0.39123377
A26: 22 | B26: Waniya | C26: Asad Ali | D26: One | E26: A | F26: A | G26: A | I26: P | K26: A | L26: P | M26: P | Q26: P | R26: A | S26: A | U26: A | V26: =COUNTIF(E26:U26,"P") -> 4 | W26: =COUNTIF(E26:U26,"A") -> 7
A27: 23 | B27: Haram | C27: Moien Khan | D27: One | E27: P | F27: P | G27: A | I27: P | K27: P | L27: P | M27: P | Q27: P | R27: P | S27: A | U27: A | V27: =COUNTIF(E27:U27,"P") -> 8 | W27: =COUNTIF(E27:U27,"A") -> 3
A28: 24 | B28: Ayesha | C28: A. Latif | D28: One | E28: - | F28: - | G28: - | I28: - | K28: - | L28: - | M28: - | Q28: - | R28: - | S28: - | U28: - | V28: =COUNTIF(E28:U28,"P") -> 0 | W28: =COUNTIF(E28:U28,"A") -> 0
A29: 1 | B29: Arsalan | C29: Zulfiqar | D29: One | E29: A | F29: A | G29: P | I29: P | K29: P | L29: P | M29: P | Q29: P | R29: A | S29: P | U29: A | V29: =COUNTIF(E29:U29,"P") -> 7 | W29: =COUNTIF(E29:U29,"A") -> 4
A30: 2 | B30: Arsalan | C30: Faheem | D30: One | E30: A | F30: A | G30: P | I30: P | K30: P | L30: P | M30: P | Q30: A | R30: A | S30: A | U30: A | V30: =COUNTIF(E30:U30,"P") -> 5 | W30: =COUNTIF(E30:U30,"A") -> 6
A31: 3 | B31: A. Nawaz | C31: M. Nawaz | D31: One | E31: A | F31: A | G31: P | I31: P | K31: P | L31: P | M31: P | Q31: P | R31: A | S31: P | U31: A | V31: =COUNTIF(E31:U31,"P") -> 7 | W31: =COUNTIF(E31:U31,"A") -> 4
A32: 4 | B32: A. Malik | C32: Sohail | D32: One | E32: A | F32: A | G32: P | I32: P | K32: P | L32: P | M32: P | Q32: A | R32: A | S32: A | U32: A | V32: =COUNTIF(E32:U32,"P") -> 5 | W32: =COUNTIF(E32:U32,"A") -> 6
A33: 5 | B33: Abdullah | C33: Imtiaz | D33: One | E33: P | F33: A | G33: A | I33: P | K33: P | L33: P | M33: P | Q33: P | R33: P | S33: A | U33: A | V33: =COUNTIF(E33:U33,"P") -> 7 | W33: =COUNTIF(E33:U33,"A") -> 4
A34: 6 | B34: Aqeel | C34: A. Ghaffar | D34: One | E34: P | F34: P | G34: P | I34: P | K34: P | L34: P | M34: P | Q34: P | R34: A | S34: P | U34: A | V34: =COUNTIF(E34:U34,"P") -> 9 | W34: =COUNTIF(E34:U34,"A") -> 2
A35: 7 | B35: A. Wasay | C35: Aslam | D35: One | E35: P | F35: A | G35: A | I35: A | K35: P | L35: P | M35: P | Q35: A | R35: A | S35: A | U35: A | V35: =COUNTIF(E35:U35,"P") -> 4 | W35: =COUNTIF(E35:U35,"A") -> 7
A36: 8 | B36: A. Qadir | C36: A. Hammad | D36: One | E36: P | F36: P | G36: P | I36: P | K36: P | L36: A | M36: P | Q36: A | R36: A | S36: P | U36: A | V36: =COUNTIF(E36:U36,"P") -> 7 | W36: =COUNTIF(E36:U36,"A") -> 4
A37: 9 | B37: Asghar Ali | C37: Akbar Ali | D37: One | E37: P | F37: P | G37: P | I37: P | K37: P | L37: P | M37: P | Q37: P | R37: A | S37: P | U37: A | V37: =COUNTIF(E37:U37,"P") -> 9 | W37: =COUNTIF(E37:U37,"A") -> 2
... A60: 32 | B60: Zain Ali | C60: Altaf | D60: One | E60: A | F60: P | G60: A | I60: P | K60: P | L60: P | M60: P | Q60: P | R60: A | S60: A | U60: A | V60: =COUNTIF(E60:U60,"P") -> 6 | W60: =COUNTIF(E60:U60,"A") -> 5

Sheet Class-II
A1: Goverment High School (SJCHS)
A2: Monthly Attendence Month of August-2024
A3: S.No | B3: Student Name | C3: Father Name | D3: Class | E3: =TEXT(E4,"ddd") -> Thu | F3: =TEXT(F4,"ddd") -> Fri | G3: =TEXT(G4,"ddd") -> Sat | H3: =TEXT(H4,"ddd") -> Sun | I3: =TEXT(I4,"ddd") -> Mon | J3: =TEXT(J4,"ddd") -> Tue | K3: =TEXT(K4,"ddd") -> Wed | L3: =TEXT(L4,"ddd") -> Thu | ... U3: =TEXT(U4,"ddd") -> Sat | V3: Present | W3: Absent | X3: Year 2024
E4: 45519 | F4: 45520 | G4: 45521 | H4: 45522 | I4: 45523 | J4: 45524 | K4: 45525 | L4: 45526 | M4: 45527 | N4: 45528 | O4: 45529 | P4: 45530 | Q4: 45531 | R4: 45532 | S4: 45533 | T4: 45534 | U4: 45535 | X4: Total days | Y4: =SUM(Y5:Y11) -> 31
A5: 1 | B5: Abiha Zehra | C5: Ab. Mateen | D5: Two | E5: A | F5: A | G5: A | H5: SUNDAY - SUNDAY - SUNDAY - SUNDAY - SUNDAY | I5: A | J5: SHAH ABDUL LATIF DAY - SHAH ABDUL LATIF DAY | K5: P | L5: P | M5: P | N5: P | O5: SUNDAY - SUNDAY - SUNDAY - SUNDAY - SUNDAY | P5: CHEHLUM - CHEHLUM - CHEHLUM - CHEHLUM | Q5: A | R5: A | S5: A | T5: OFF DUE TO RAIN - OFF DUE TO RAIN | V5: =COUNTIF(E5:U5,"P") -> 4 | W5: =COUNTIF(E5:U5,"A") -> 7 | X5: Working days | Y5: 11
A6: 2 | B6: Aleena Zia | C6: Khuda Baksh | D6: Two | E6: P | F6: P | G6: P | I6: P | K6: P | L6: P | M6: P | N6: P | Q6: P | R6: A | S6: P | V6: =COUNTIF(E6:U6,"P") -> 10 | W6: =COUNTIF(E6:U6,"A") -> 1 | X6: Sunday | Y6: 4
A7: 3 | B7: Anumta Jamali | C7: Zaheer Abbas | D7: Two | E7: P | F7: P | G7: P | I7: P | K7: P | L7: P | M7: P | N7: A | Q7: A | R7: A | S7: A | V7: =COUNTIF(E7:U7,"P") -> 7 | W7: =COUNTIF(E7:U7,"A") -> 4 | X7: Summer Vications | Y7: 12
A8: 4 | B8: Anusha | C8: Mukhtiyar Ali | D8: Two | E8: P | F8: P | G8: P | I8: P | K8: P | L8: P | M8: P | N8: A | Q8: A | R8: A | S8: P | V8: =COUNTIF(E8:U8,"P") -> 8 | W8: =COUNTIF(E8:U8,"A") -> 3 | X8: URS | Y8: 1
A9: 5 | B9: Ayat | C9: Faiq Ali | D9: Two | E9: P | F9: P | G9: P | I9: P | K9: P | L9: P | M9: P | N9: A | Q9: P | R9: A | S9: P | V9: =COUNTIF(E9:U9,"P") -> 9 | W9: =COUNTIF(E9:U9,"A") -> 2 | X9: Mango Day | Y9: 1
A10: 6 | B10: Ayesha | C10: Ali Muhammad | D10: Two | E10: P | F10: P | G10: P | I10: P | K10: P | L10: P | M10: P | N10: A | Q10: A | R10: A | S10: A | V10: =COUNTIF(E10:U10,"P") -> 7 | W10: =COUNTIF(E10:U10,"A") -> 4 | X10: Chehlum | Y10: 1
A11: 7 | B11: Dua | C11: Akbar Ali | D11: Two | E11: P | F11: P | G11: P | I11: P | K11: P | L11: P | M11: P | N11: A | Q11: P | R11: A | S11: P | V11: =COUNTIF(E11:U11,"P") -> 9 | W11: =COUNTIF(E11:U11,"A") -> 2 | X11: OFF Due to Heavy Rain | Y11: 1
A12: 8 | B12: Fiza | C12: Akbar Ali | D12: Two | E12: P | F12: P | G12: P | I12: P | K12: P | L12: P | M12: P | N12: A | Q12: P | R12: A | S12: P | V12: =COUNTIF(E12:U12,"P") -> 9 | W12: =COUNTIF(E12:U12,"A") -> 2
A13: 9 | B13: Jannat Fatima | C13: Zulfiqar | D13: Two | E13: P | F13: P | G13: P | I13: P | K13: P | L13: P | M13: P | N13: A | Q13: A | R13: A | S13: P | V13: =COUNTIF(E13:U13,"P") -> 8 | W13: =COUNTIF(E13:U13,"A") -> 3 | X13: Present Days Detail
A14: 10 | B14: Kashaf | C14: Abdul Rehman | D14: Two | E14: A | F14: A | G14: P | I14: P | K14: A | L14: P | M14: P | N14: A | Q14: P | R14: A | S14: A | V14: =COUNTIF(E14:U14,"P") -> 5 | W14: =COUNTIF(E14:U14,"A") -> 6 | X14: Detail | Y14: Boys | Z14: Girls | AA14: Total
A15: 11 | B15: Masooma | C15: M. Raheem | D15: Two | E15: - | F15: - | G15: - | I15: P | K15: P | L15: P | M15: A | N15: A | Q15: P | R15: A | S15: A | V15: =COUNTIF(E15:U15,"P") -> 4 | W15: =COUNTIF(E15:U15,"A") -> 4 | X15: Due Present days | Y15: =26*11 -> 286 | Z15: =22*11 -> 242 | AA15: =SUM(Y15:Z15) -> 528
A16: 12 | B16: Muneeza | C16: Mir Amirudin | D16: Two | E16: P | F16: P | G16: P | I16: P | K16: A | L16: P | M16: P | N16: A | Q16: A | R16: P | S16: P | V16: =COUNTIF(E16:U16,"P") -> 8 | W16: =COUNTIF(E16:U16,"A") -> 3 | X16: Actual present days | Y16: =SUM(V27:V52) -> 220 | Z16: =SUM(V5:V26) -> 159 | AA16: =Y16+Z16 -> 379
A17: 13 | B17: Nayyara | C17: Khalid Hussain | D17: Two | E17: A | F17: A | G17: P | I17: P | K17: P | L17: P | M17: P | N17: A | Q17: A | R17: A | S17: A | V17: =COUNTIF(E17:U17,"P") -> 5 | W17: =COUNTIF(E17:U17,"A") -> 6 | X17: % | Y17: =Y16/Y15 -> 0.76923077 | Z17: =Z16/Z15 -> 0.65702479 | AA17: =AA16/AA15 -> 0.71780303
A18: 14 | B18: Rashida | C18: Sajjad Ahmed | D18: Two | E18: A | F18: A | G18: A | I18: P | K18: P | L18: P | M18: P | N18: A | Q18: A | R18: A | S18: A | V18: =COUNTIF(E18:U18,"P") -> 4 | W18: =COUNTIF(E18:U18,"A") -> 7
A19: 15 | B19: Rubab Zahra | C19: Abdul Aziz | D19: Two | E19: A | F19: A | G19: P | I19: P | K19: P | L19: P | M19: P | N19: P | Q19: P | R19: A | S19: P | V19: =COUNTIF(E19:U19,"P") -> 8 | W19: =COUNTIF(E19:U19,"A") -> 3
A20: 16 | B20: Saba Jamali | C20: Sajid Ali | D20: Two | E20: A | F20: A | G20: P | I20: P | K20: P | L20: P | M20: P | N20: A | Q20: A | R20: A | S20: P | V20: =COUNTIF(E20:U20,"P") -> 6 | W20: =COUNTIF(E20:U20,"A") -> 5
A21: 17 | B21: Tahreem Fatima | C21: Khalid Hussain | D21: Two | E21: A | F21: A | G21: P | I21: P | K21: P | L21: P | M21: P | N21: P | Q21: P | R21: A | S21: P | V21: =COUNTIF(E21:U21,"P") -> 8 | W21: =COUNTIF(E21:U21,"A") -> 3 | X21: Absent Days Details
A22: 18 | B22: Sehar Fatima | C22: Altaf Hussain | D22: Two | E22: A | F22: A | G22: P | I22: P | K22: P | L22: P | M22: P | N22: A | Q22: P | R22: A | S22: P | V22: =COUNTIF(E22:U22,"P") -> 7 | W22: =COUNTIF(E22:U22,"A") -> 4 | X22: Detail | Y22: Boys | Z22: Girls | AA22: Total
A23: 19 | B23: Taskeen | C23: Amjad Ali | D23: Two | E23: A | F23: P | G23: P | I23: P | K23: P | L23: A | M23: P | N23: A | Q23: P | R23: A | S23: P | V23: =COUNTIF(E23:U23,"P") -> 7 | W23: =COUNTIF(E23:U23,"A") -> 4 | X23: Due Present days | Y23: =26*11 -> 286 | Z23: =22*11 -> 242 | AA23: =Y23+Z23 -> 528
A24: 20 | B24: Zainab | C24: Sikandar | D24: Two | E24: A | F24: P | G24: P | I24: P | K24: P | L24: P | M24: P | N24: P | Q24: P | R24: P | S24: P | V24: =COUNTIF(E24:U24,"P") -> 10 | W24: =COUNTIF(E24:U24,"A") -> 1 | X24: Absent days | Y24: =Y23-Y16 -> 66 | Z24: =Z23-Z16 -> 83 | AA24: =Y24+Z24 -> 149
A25: 21 | B25: Kashish | C25: M. Noman | D25: Two | E25: P | F25: P | G25: P | I25: P | K25: P | L25: P | M25: P | N25: A | Q25: A | R25: P | S25: A | V25: =COUNTIF(E25:U25,"P") -> 8 | W25: =COUNTIF(E25:U25,"A") -> 3 | X25: % | Y25: =Y24/Y23 -> 0.23076923 | Z25: =Z24/Z23 -> 0.34297521 | AA25: =AA24/AA23 -> 0.28219697
A26: 22 | B26: Saba | C26: Asif | D26: Two | E26: A | F26: A | G26: P | I26: P | K26: P | L26: P | M26: P | N26: P | Q26: P | R26: A | S26: P | V26: =COUNTIF(E26:U26,"P") -> 8 | W26: =COUNTIF(E26:U26,"A") -> 3
A27: 1 | B27: Abdul Musawir | C27: M. Ismail | D27: Two | E27: P | F27: P | G27: P | I27: P | K27: P | L27: P | M27: P | N27: P | Q27: P | R27: P | S27: P | V27: =COUNTIF(E27:U27,"P") -> 11 | W27: =COUNTIF(E27:U27,"A") -> 0
A28: 2 | B28: Abdul Rehman | C28: Sajid Ali | D28: Two | E28: P | F28: P | G28: P | I28: P | K28: P | L28: P | M28: P | N28: P | Q28: P | R28: A | S28: A | V28: =COUNTIF(E28:U28,"P") -> 9 | W28: =COUNTIF(E28:U28,"A") -> 2
A29: 3 | B29: Abdul Wahab | C29: Abdul Hafeez | D29: Two | E29: P | F29: P | G29: P | I29: P | K29: P | L29: A | M29: P | N29: P | Q29: P | R29: A | S29: A | V29: =COUNTIF(E29:U29,"P") -> 8 | W29: =COUNTIF(E29:U29,"A") -> 3
A30: 4 | B30: Abdullah | C30: Riazuddin | D30: Two | E30: P | F30: P | G30: P | I30: P | K30: P | L30: P | M30: A | N30: P | Q30: P | R30: P | S30: P | V30: =COUNTIF(E30:U30,"P") -> 10 | W30: =COUNTIF(E30:U30,"A") -> 1
A31: 5 | B31: Ali Shanawar | C31: Mukhtiyar | D31: Two | E31: P | F31: P | G31: P | I31: P | K31: P | L31: P | M31: P | N31: A | Q31: A | R31: A | S31: A | V31: =COUNTIF(E31:U31,"P") -> 7 | W31: =COUNTIF(E31:U31,"A") -> 4
A32: 6 | B32: Faizan | C32: Lutfullah | D32: Two | E32: P | F32: P | G32: P | I32: P | K32: P | L32: P | M32: P | N32: P | Q32: P | R32: A | S32: P | V32: =COUNTIF(E32:U32,"P") -> 10 | W32: =COUNTIF(E32:U32,"A") -> 1
A33: 7 | B33: Fayaz | C33: Samano Khan | D33: Two | E33: A | F33: A | G33: A | I33: A | K33: P | L33: P | M33: P | N33: A | Q33: A | R33: P | S33: P | V33: =COUNTIF(E33:U33,"P") -> 5 | W33: =COUNTIF(E33:U33,"A") -> 6
A34: 8 | B34: Ghulam Abbas | C34: Kamran Ali | D34: Two | E34: P | F34: P | G34: P | I34: P | K34: P | L34: P | M34: P | N34: P | Q34: P | R34: P | S34: P | V34: =COUNTIF(E34:U34,"P") -> 11 | W34: =COUNTIF(E34:U34,"A") -> 0
A35: 9 | B35: Ghulam Mehdi | C35: Rizwan | D35: Two | E35: P | F35: P | G35: P | I35: P | K35: P | L35: P | M35: P | N35: A | Q35: A | R35: A | S35: P | V35: =COUNTIF(E35:U35,"P") -> 8 | W35: =COUNTIF(E35:U35,"A") -> 3
A36: 10 | B36: Hammad Ali | C36: Sajjad Ali | D36: Two | E36: A | F36: P | G36: A | I36: P | K36: P | L36: P | M36: P | N36: A | Q36: P | R36: A | S36: P | V36: =COUNTIF(E36:U36,"P") -> 7 | W36: =COUNTIF(E36:U36,"A") -> 4
A37: 11 | B37: Haris | C37: Akbar Ali | D37: Two | E37: P | F37: P | G37: P | I37: P | K37: P | L37: P | M37: A | N37: P | Q37: P | R37: A | S37: P | V37: =COUNTIF(E37:U37,"P") -> 9 | W37: =COUNTIF(E37:U37,"A") -> 2
... A52: 26 | B52: Burair Abbas | C52: Azhar Abbas | D52: Two | E52: - | F52: - | G52: - | I52: - | K52: - | L52: - | M52: P | N52: P | Q52: P | R52: A | S52: A | V52: =COUNTIF(E52:U52,"P") -> 3 | W52: =COUNTIF(E52:U52,"A") -> 2

Sheet Class-III
A1: Goverment high school (SJCHS)
A2: Monthly Attendence Month of August-2024
A3: S.No | B3: Student Name | C3: Father Name | D3: Class | E3: =TEXT(E4,"ddd") -> Thu | F3: =TEXT(F4,"ddd") -> Fri | G3: =TEXT(G4,"ddd") -> Sat | H3: =TEXT(H4,"ddd") -> Sun | I3: =TEXT(I4,"ddd") -> Mon | J3: =TEXT(J4,"ddd") -> Tue | K3: =TEXT(K4,"ddd") -> Wed | L3: =TEXT(L4,"ddd") -> Thu | ... U3: =TEXT(U4,"ddd") -> Sat | V3: Present | W3: Absent | X3: Year 2024
E4: 45519 | F4: 45520 | G4: 45521 | H4: 45522 | I4: 45523 | J4: 45524 | K4: 45525 | L4: 45526 | M4: 45527 | N4: 45528 | O4: 45529 | P4: 45530 | Q4: 45531 | R4: 45532 | S4: 45533 | T4: 45534 | U4: 45535 | X4: Total days | Y4: =SUM(Y5:Y11) -> 31
A5: 1 | B5: Anjuman | C5: Ab. Ghaffar | D5: Three | E5: P | F5: P | G5: A | H5: SUNDAY - SUNDAY - SUNDAY - SUNDAY - SUNDAY - SUNDAY | I5: P | J5: (URS) SHAH ABDUL LATIF BHITTAI (URS) | K5: P | L5: P | M5: P | N5: P | O5: SUNDAY - SUNDAY - SUNDAY - SUNDAY - SUNDAY - SUNDAY | P5: CHEHLUM - CHEHLUM - CHEHLUM - CHEHLUM - CHEHLUM | Q5: P | R5: A | S5: P | T5: OFF DUE TO HEAVY RAIN - OFF DUE TO HEAVY RAIN | V5: =COUNTIF(E5:U5,"P") -> 9 | W5: =COUNTIF(E5:U5,"A") -> 2 | X5: Working days | Y5: 11
A6: 2 | B6: Ayeza | C6: M. Ameen Solangi | D6: Three | E6: P | F6: P | G6: P | I6: P | K6: P | L6: P | M6: P | N6: P | Q6: P | R6: A | S6: P | V6: =COUNTIF(E6:U6,"P") -> 10 | W6: =COUNTIF(E6:U6,"A") -> 1 | X6: Sunday | Y6: 4
A7: 3 | B7: Dua Batool | C7: Muneer Ahmed Tahiri | D7: Three | E7: P | F7: P | G7: P | I7: P | K7: P | L7: P | M7: P | N7: P | Q7: P | R7: A | S7: A | V7: =COUNTIF(E7:U7,"P") -> 9 | W7: =COUNTIF(E7:U7,"A") -> 2 | X7: Summer Vications | Y7: 12
A8: 4 | B8: Fiza | C8: Hamid Ali Siyal | D8: Three | E8: P | F8: P | G8: P | I8: P | K8: P | L8: P | M8: P | N8: P | Q8: P | R8: A | S8: P | V8: =COUNTIF(E8:U8,"P") -> 10 | W8: =COUNTIF(E8:U8,"A") -> 1 | X8: URS | Y8: 1
A9: 5 | B9: Hadeeqa | C9: Haji Malah | D9: Three | E9: P | F9: P | G9: P | I9: P | K9: P | L9: A | M9: P | N9: P | Q9: P | R9: A | S9: P | V9: =COUNTIF(E9:U9,"P") -> 9 | W9: =COUNTIF(E9:U9,"A") -> 2 | X9: Mango Day | Y9: 1
A10: 6 | B10: Hajul | C10: Manzoor Ahmed Memon | D10: Three | E10: P | F10: P | G10: P | I10: P | K10: A | L10: P | M10: P | N10: P | Q10: A | R10: P | S10: A | V10: =COUNTIF(E10:U10,"P") -> 8 | W10: =COUNTIF(E10:U10,"A") -> 3 | X10: Chehlum | Y10: 1
A11: 7 | B11: Hafsa Jamali | C11: Rehmatullah | D11: Three | E11: P | F11: P | G11: P | I11: P | K11: P | L11: P | M11: P | N11: P | Q11: P | R11: P | S11: P | V11: =COUNTIF(E11:U11,"P") -> 11 | W11: =COUNTIF(E11:U11,"A") -> 0 | X11: OFF Due to Heavy Rain | Y11: 1
A12: 8 | B12: Insha | C12: Fazal Mohammad | D12: Three | E12: P | F12: P | G12: P | I12: P | K12: P | L12: P | M12: P | N12: P | Q12: P | R12: P | S12: A | V12: =COUNTIF(E12:U12,"P") -> 10 | W12: =COUNTIF(E12:U12,"A") -> 1
A13: 9 | B13: Kashaf | C13: M. Noman | D13: Three | E13: P | F13: P | G13: P | I13: P | K13: P | L13: P | M13: P | N13: P | Q13: P | R13: A | S13: P | V13: =COUNTIF(E13:U13,"P") -> 10 | W13: =COUNTIF(E13:U13,"A") -> 1 | X13: Present Days Detail
A14: 10 | B14: Kashaf | C14: Shahid Hussain | D14: Three | E14: A | F14: A | G14: A | I14: P | K14: P | L14: P | M14: P | N14: A | Q14: A | R14: A | S14: P | V14: =COUNTIF(E14:U14,"P") -> 5 | W14: =COUNTIF(E14:U14,"A") -> 6 | X14: Detail | Y14: Boys | Z14: Girls | AA14: Total
A15: 11 | B15: Maryam | C15: Irfan Ali | D15: Three | E15: A | F15: A | G15: A | I15: A | K15: A | L15: A | M15: A | N15: A | Q15: A | R15: A | S15: A | V15: =COUNTIF(E15:U15,"P") -> 0 | W15: =COUNTIF(E15:U15,"A") -> 11 | X15: Due Present days | Y15: =28*11 -> 308 | Z15: =23*11 -> 253 | AA15: =SUM(Y15:Z15) -> 561
A16: 12 | B16: Noor-E-Sahar | C16: Mir Ameerudin | D16: Three | E16: P | F16: P | G16: P | I16: P | K16: P | L16: P | M16: P | N16: P | Q16: P | R16: P | S16: P | V16: =COUNTIF(E16:U16,"P") -> 11 | W16: =COUNTIF(E16:U16,"A") -> 0 | X16: Actual present days | Y16: =SUM(V28:V55) -> 205 | Z16: =SUM(V5:V27) -> 182 | AA16: =Y16+Z16 -> 387
A17: 13 | B17: Sehrish Ali | C17: Shah Ali | D17: Three | E17: P | F17: P | G17: P | I17: P | K17: P | L17: P | M17: P | N17: P | Q17: P | R17: A | S17: A | V17: =COUNTIF(E17:U17,"P") -> 9 | W17: =COUNTIF(E17:U17,"A") -> 2 | X17: % | Y17: =Y16/Y15 -> 0.66558442 | Z17: =Z16/Z15 -> 0.71936759 | AA17: =AA16/AA15 -> 0.68983957
A18: 14 | B18: Shafia | C18: Meer Muhammad | D18: Three | E18: P | F18: P | G18: P | I18: P | K18: P | L18: P | M18: A | N18: A | Q18: A | R18: A | S18: A | V18: =COUNTIF(E18:U18,"P") -> 6 | W18: =COUNTIF(E18:U18,"A") -> 5
A19: 15 | B19: Sawebia | C19: Hafeezullah | D19: Three | E19: P | F19: P | G19: P | I19: P | K19: P | L19: P | M19: P | N19: A | Q19: A | R19: A | S19: P | V19: =COUNTIF(E19:U19,"P") -> 8 | W19: =COUNTIF(E19:U19,"A") -> 3
A20: 16 | B20: Sughra | C20: Suhrab Ali | D20: Three | E20: P | F20: P | G20: P | I20: P | K20: P | L20: P | M20: P | N20: P | Q20: P | R20: A | S20: P | V20: =COUNTIF(E20:U20,"P") -> 10 | W20: =COUNTIF(E20:U20,"A") -> 1
A21: 17 | B21: Tashfeen | C21: M. Idrees | D21: Three | E21: P | F21: P | G21: P | I21: P | K21: P | L21: P | M21: P | N21: P | Q21: A | R21: A | S21: P | V21: =COUNTIF(E21:U21,"P") -> 9 | W21: =COUNTIF(E21:U21,"A") -> 2 | X21: Absent Days Details
A22: 18 | B22: Tasmiya | C22: Shehbaz Ahmed | D22: Three | E22: P | F22: P | G22: P | I22: P | K22: P | L22: P | M22: P | N22: A | Q22: A | R22: A | S22: P | V22: =COUNTIF(E22:U22,"P") -> 8 | W22: =COUNTIF(E22:U22,"A") -> 3 | X22: Detail | Y22: Boys | Z22: Girls | AA22: Total
A23: 19 | B23: Tayyaba | C23: M. Farooque Sarki | D23: Three | E23: P | F23: P | G23: P | I23: P | K23: P | L23: P | M23: P | N23: P | Q23: P | R23: A | S23: A | V23: =COUNTIF(E23:U23,"P") -> 9 | W23: =COUNTIF(E23:U23,"A") -> 2 | X23: Due Present days | Y23: =28*11 -> 308 | Z23: =23*11 -> 253 | AA23: =Y23+Z23 -> 561
A24: 20 | B24: Hafsa | C24: Fahad | D24: Three | E24: A | F24: A | G24: P | I24: P | K24: A | L24: P | M24: P | N24: P | Q24: P | R24: A | S24: A | V24: =COUNTIF(E24:U24,"P") -> 6 | W24: =COUNTIF(E24:U24,"A") -> 5 | X24: Absent days | Y24: =Y23-Y16 -> 103 | Z24: =Z23-Z16 -> 71 | AA24: =Y24+Z24 -> 174
A25: 21 | B25: Hooriya | C25: Fahad | D25: Three | E25: A | F25: A | G25: P | I25: P | K25: A | L25: P | M25: P | N25: P | Q25: P | R25: A | S25: A | V25: =COUNTIF(E25:U25,"P") -> 6 | W25: =COUNTIF(E25:U25,"A") -> 5 | X25: % | Y25: =Y24/Y23 -> 0.33441558 | Z25: =Z24/Z23 -> 0.28063241 | AA25: =AA24/AA23 -> 0.31016043
A26: 22 | B26: Zainab Batool | C26: Mohsin Ali | D26: Three | E26: L | F26: L | G26: L | I26: L | K26: A | L26: A | M26: A | N26: A | Q26: A | R26: P | S26: A | V26: =COUNTIF(E26:U26,"P") -> 1 | W26: =COUNTIF(E26:U26,"A") -> 6
A27: 23 | B27: Rida-E-Zainab | C27: Faraz Hyder | D27: Three | E27: P | F27: P | G27: P | I27: P | K27: P | L27: P | M27: P | N27: P | Q27: A | R27: A | S27: A | V27: =COUNTIF(E27:U27,"P") -> 8 | W27: =COUNTIF(E27:U27,"A") -> 3
A28: 1 | B28: Abdul Qudoos | C28: Waheed Ahmed | D28: Three | E28: P | F28: P | G28: P | I28: P | K28: P | L28: P | M28: P | N28: P | Q28: P | R28: A | S28: A | V28: =COUNTIF(E28:U28,"P") -> 9 | W28: =COUNTIF(E28:U28,"A") -> 2
A29: 2 | B29: Abbas Ali | C29: Deedar Ali | D29: Three | E29: P | F29: P | G29: P | I29: P | K29: P | L29: P | M29: P | N29: P | Q29: P | R29: A | S29: P | V29: =COUNTIF(E29:U29,"P") -> 10 | W29: =COUNTIF(E29:U29,"A") -> 1
A30: 3 | B30: Abdul Rafay | C30: Noor Ul Haq | D30: Three | E30: P | F30: P | G30: P | I30: P | K30: P | L30: P | M30: P | N30: P | Q30: P | R30: P | S30: P | V30: =COUNTIF(E30:U30,"P") -> 11 | W30: =COUNTIF(E30:U30,"A") -> 0
A31: 4 | B31: Abdul Rahim | C31: Abdul Hafeez | D31: Three | E31: A | F31: P | G31: P | I31: P | K31: P | L31: P | M31: P | N31: A | Q31: P | R31: A | S31: A | V31: =COUNTIF(E31:U31,"P") -> 7 | W31: =COUNTIF(E31:U31,"A") -> 4
A32: 5 | B32: Abdullah | C32: Munawar Ali | D32: Three | E32: A | F32: A | G32: P | I32: P | K32: P | L32: P | M32: P | N32: A | Q32: P | R32: A | S32: P | V32: =COUNTIF(E32:U32,"P") -> 7 | W32: =COUNTIF(E32:U32,"A") -> 4
A33: 6 | B33: Ali Haider | C33: Akber Ali | D33: Three | E33: P | F33: P | G33: P | I33: P | K33: P | L33: P | M33: P | N33: P | Q33: P | R33: A | S33: P | V33: =COUNTIF(E33:U33,"P") -> 10 | W33: =COUNTIF(E33:U33,"A") -> 1
A34: 7 | B34: Aqib Ali | C34: Abdul Ghaffar | D34: Three | E34: P | F34: P | G34: P | I34: P | K34: P | L34: P | M34: P | N34: A | Q34: P | R34: A | S34: A | V34: =COUNTIF(E34:U34,"P") -> 8 | W34: =COUNTIF(E34:U34,"A") -> 3
A35: 8 | B35: Asad Ali | C35: Ali Ejaz | D35: Three | E35: A | F35: A | G35: A | I35: P | K35: P | L35: P | M35: P | N35: A | Q35: A | R35: A | S35: P | V35: =COUNTIF(E35:U35,"P") -> 5 | W35: =COUNTIF(E35:U35,"A") -> 6
A36: 9 | B36: Ayaz Ali | C36: Arbab Ali | D36: Three | E36: A | F36: A | G36: P | I36: P | K36: P | L36: P | M36: P | N36: A | Q36: A | R36: A | S36: P | V36: =COUNTIF(E36:U36,"P") -> 6 | W36: =COUNTIF(E36:U36,"A") -> 5
A37: 10 | B37: Azan | C37: Nisar Ahmed | D37: Three | E37: A | F37: A | G37: P | I37: P | K37: P | L37: P | M37: P | N37: P | Q37: A | R37: A | S37: P | V37: =COUNTIF(E37:U37,"P") -> 7 | W37: =COUNTIF(E37:U37,"A") -> 4
... A55: 28 | B55: Subhan | C55: Ishfaque | D55: Three | E55: - | F55: - | G55: - | I55: P | K55: P | L55: A | M55: P | N55: A | Q55: P | R55: A | S55: P | V55: =COUNTIF(E55:U55,"P") -> 5 | W55: =COUNTIF(E55:U55,"A") -> 3

Sheet Class-IV
A1: Goverment high school (SJCHS)
A2: Monthly Attendence Month of August-2024
A3: S.No | B3: Student Name | C3: Father Name | D3: Class | E3: =TEXT(E4,"ddd") -> Thu | F3: =TEXT(F4,"ddd") -> Fri | G3: =TEXT(G4,"ddd") -> Sat | H3: =TEXT(H4,"ddd") -> Sun | I3: =TEXT(I4,"ddd") -> Mon | J3: =TEXT(J4,"ddd") -> Tue | K3: =TEXT(K4,"ddd") -> Wed | L3: =TEXT(L4,"ddd") -> Thu | ... U3: =TEXT(U4,"ddd") -> Sat | V3: Present | W3: Absent | X3: Year 2024
E4: 45519 | F4: 45520 | G4: 45521 | H4: 45522 | I4: 45523 | J4: 45524 | K4: 45525 | L4: 45526 | M4: 45527 | N4: 45528 | O4: 45529 | P4: 45530 | Q4: 45531 | R4: 45532 | S4: 45533 | T4: 45534 | U4: 45535 | X4: Total days | Y4: =SUM(Y5:Y11) -> 31
A5: 1 | B5: Ambreen Junejo | C5: Abdul Ghaffar | D5: Four | E5: P | F5: A | G5: A | H5: SUNDAY - SUNDAY - SUNDAY - SUNDAY - SUNDAY | I5: P | J5: URS SHAH ABDUL LATIF BHITTAI | K5: P | L5: P | M5: P | N5: P | O5: SUNDAY - SUNDAY - SUNDAY - SUNDAY - SUNDAY | P5: CHEHLUM - CHEHLUM - CHEHLUM - CHEHLUM - CHEHLUM | Q5: P | R5: A | S5: P | T5: OFF DUE TO HEAVY RAIN - OFF DUE TO HEAVY RAIN | U5: A | V5: =COUNTIF(E5:U5,"P") -> 8 | W5: =COUNTIF(E5:U5,"A") -> 4 | X5: Working days | Y5: 11
A6: 2 | B6: Areeba | C6: Muhammad Arif | D6: Four | E6: P | F6: A | G6: P | I6: P | K6: A | L6: P | M6: L | N6: A | Q6: P | R6: P | S6: P | U6: P | V6: =COUNTIF(E6:U6,"P") -> 8 | W6: =COUNTIF(E6:U6,"A") -> 3 | X6: Sunday | Y6: 4
A7: 3 | B7: Bakhtawar | C7: Taj Muhammad | D7: Four | E7: A | F7: A | G7: P | I7: A | K7: A | L7: A | M7: A | N7: P | Q7: A | R7: A | S7: P | U7: A | V7: =COUNTIF(E7:U7,"P") -> 3 | W7: =COUNTIF(E7:U7,"A") -> 9 | X7: Summer Vications | Y7: 12
A8: 4 | B8: Bibi Zehra | C8: Liaqat Ali | D8: Four | E8: P | F8: A | G8: A | I8: P | K8: A | L8: P | M8: P | N8: P | Q8: A | R8: A | S8: P | U8: A | V8: =COUNTIF(E8:U8,"P") -> 6 | W8: =COUNTIF(E8:U8,"A") -> 6 | X8: URS | Y8: 1
A9: 5 | B9: Bushra | C9: Rana | D9: Four | E9: A | F9: P | G9: P | I9: P | K9: P | L9: P | M9: A | N9: P | Q9: A | R9: A | S9: P | U9: P | V9: =COUNTIF(E9:U9,"P") -> 8 | W9: =COUNTIF(E9:U9,"A") -> 4 | X9: Mango Day | Y9: 1
A10: 6 | B10: Dua Soomro | C10: Muhammad Shafeeque | D10: Four | E10: A | F10: P | G10: P | I10: P | K10: P | L10: P | M10: P | N10: P | Q10: A | R10: A | S10: A | U10: . | V10: =COUNTIF(E10:U10,"P") -> 7 | W10: =COUNTIF(E10:U10,"A") -> 4 | X10: Chehlum | Y10: 1
A11: 7 | B11: Fatima Gul | C11: Shahnawaz Khan | D11: Four | E11: A | F11: P | G11: P | I11: A | K11: A | L11: A | M11: A | N11: P | Q11: P | R11: A | S11: P | U11: P | V11: =COUNTIF(E11:U11,"P") -> 6 | W11: =COUNTIF(E11:U11,"A") -> 6 | X11: OFF Due to Heavy Rain | Y11: 1
A12: 8 | B12: Ghulam Sakina | C12: Rafeeq Ahmed | D12: Four | E12: P | F12: P | G12: P | I12: P | K12: A | L12: P | M12: P | N12: A | Q12: P | R12: A | S12: A | U12: A | V12: =COUNTIF(E12:U12,"P") -> 7 | W12: =COUNTIF(E12:U12,"A") -> 5
A13: 9 | B13: Gul Sanober | C13: Sabir Hussain | D13: Four | E13: A | F13: A | G13: A | I13: A | K13: A | L13: A | M13: A | N13: A | Q13: A | R13: A | S13: A | U13: A | V13: =COUNTIF(E13:U13,"P") -> 0 | W13: =COUNTIF(E13:U13,"A") -> 12 | X13: Present Days Detail
A14: 10 | B14: Hiba Bhutto | C14: Muhammad Azeem | D14: Four | E14: P | F14: P | G14: P | I14: P | K14: P | L14: P | M14: P | N14: A | Q14: A | R14: P | S14: P | U14: A | V14: =COUNTIF(E14:U14,"P") -> 9 | W14: =COUNTIF(E14:U14,"A") -> 3 | X14: Detail | Y14: Boys | Z14: Girls | AA14: Total
A15: 11 | B15: Isha | C15: Fazal Muhammad | D15: Four | E15: P | F15: P | G15: P | I15: P | K15: P | L15: P | M15: P | N15: A | Q15: P | R15: P | S15: P | U15: A | V15: =COUNTIF(E15:U15,"P") -> 10 | W15: =COUNTIF(E15:U15,"A") -> 2 | X15: Due Present days | Y15: =17*11 -> 187 | Z15: =31*11 -> 341 | AA15: =SUM(Y15:Z15) -> 528
A16: 12 | B16: Khadija tul Qubra | C16: Adnan Jameel | D16: Four | E16: A | F16: P | G16: P | I16: P | K16: A | L16: P | M16: A | N16: P | Q16: P | R16: A | S16: P | U16: A | V16: =COUNTIF(E16:U16,"P") -> 7 | W16: =COUNTIF(E16:U16,"A") -> 5 | X16: Actual present days | Y16: =SUM(V36:V52) -> 141 | Z16: =SUM(V5:V31) -> 175 | AA16: =Y16+Z16 -> 316
A17: 13 | B17: Khushboo Fatima | C17: Abdul Rehman | D17: Four | E17: A | F17: P | G17: P | I17: P | K17: P | L17: P | M17: P | N17: P | Q17: A | R17: A | S17: P | U17: A | V17: =COUNTIF(E17:U17,"P") -> 8 | W17: =COUNTIF(E17:U17,"A") -> 4 | X17: % | Y17: =Y16/Y15 -> 0.7540107 | Z17: =Z16/Z15 -> 0.51319648 | AA17: =AA16/AA15 -> 0.59848485
A18: 14 | B18: Laraib | C18: Zulfiqar Ali | D18: Four | E18: A | F18: A | G18: A | I18: P | K18: P | L18: P | M18: P | N18: P | Q18: P | R18: A | S18: P | U18: A | V18: =COUNTIF(E18:U18,"P") -> 7 | W18: =COUNTIF(E18:U18,"A") -> 5
A19: 15 | B19: Maheen | C19: Sohail Ahmed | D19: Four | E19: A | F19: P | G19: A | I19: P | K19: P | L19: P | M19: P | N19: A | Q19: P | R19: A | S19: P | U19: A | V19: =COUNTIF(E19:U19,"P") -> 7 | W19: =COUNTIF(E19:U19,"A") -> 5
A20: 16 | B20: Maryam | C20: Mehboob Ali | D20: Four | E20: A | F20: P | G20: P | I20: P | K20: P | L20: P | M20: P | N20: P | Q20: A | R20: A | S20: P | U20: A | V20: =COUNTIF(E20:U20,"P") -> 8 | W20: =COUNTIF(E20:U20,"A") -> 4
A21: 17 | B21: Minal Ali | C21: Faraz Hyder | D21: Four | E21: P | F21: A | G21: P | I21: P | K21: A | L21: P | M21: P | N21: P | Q21: P | R21: A | S21: A | U21: A | V21: =COUNTIF(E21:U21,"P") -> 7 | W21: =COUNTIF(E21:U21,"A") -> 5 | X21: Absent Days Details
A22: 18 | B22: Misbah | C22: Faiz Muhammad | D22: Four | E22: P | F22: P | G22: A | I22: P | K22: A | L22: P | M22: P | N22: P | Q22: P | R22: A | S22: P | U22: A | V22: =COUNTIF(E22:U22,"P") -> 8 | W22: =COUNTIF(E22:U22,"A") -> 4 | X22: Detail | Y22: Boys | Z22: Girls | AA22: Total
A23: 19 | B23: Muntasha | C23: Ghulam Murtaza | D23: Four | E23: A | F23: A | G23: A | I23: A | K23: A | L23: A | M23: A | N23: A | Q23: P | R23: A | S23: A | U23: A | V23: =COUNTIF(E23:U23,"P") -> 1 | W23: =COUNTIF(E23:U23,"A") -> 11 | X23: Due Present days | Y23: =17*11 -> 187 | Z23: =31*11 -> 341 | AA23: =Y23+Z23 -> 528
A24: 20 | B24: Nimra | C24: Muhammad Ghaffar Jokhio | D24: Four | E24: A | F24: A | G24: P | I24: A | K24: P | L24: P | M24: P | N24: P | Q24: A | R24: A | S24: P | U24: A | V24: =COUNTIF(E24:U24,"P") -> 6 | W24: =COUNTIF(E24:U24,"A") -> 6 | X24: Absent days | Y24: =Y23-Y16 -> 46 | Z24: =Z23-Z16 -> 166 | AA24: =Y24+Z24 -> 212
A25: 21 | B25: Nisha | C25: Meraal | D25: Four | E25: A | F25: P | G25: A | I25: P | K25: P | L25: P | M25: P | N25: A | Q25: A | R25: A | S25: P | U25: A | V25: =COUNTIF(E25:U25,"P") -> 6 | W25: =COUNTIF(E25:U25,"A") -> 6 | X25: % | Y25: =Y24/Y23 -> 0.2459893 | Z25: =Z24/Z23 -> 0.48680352 | AA25: =AA24/AA23 -> 0.40151515
A26: 22 | B26: Noor Nisa | C26: Amjad Ali | D26: Four | E26: A | F26: A | G26: A | I26: A | K26: A | L26: A | M26: A | N26: A | Q26: A | R26: A | S26: A | U26: A | V26: =COUNTIF(E26:U26,"P") -> 0 | W26: =COUNTIF(E26:U26,"A") -> 12
A27: 23 | B27: Nuzahat | C27: Khalid Hussain Abbasi | D27: Four | E27: A | F27: P | G27: P | I27: P | K27: A | L27: A | M27: P | N27: P | Q27: P | R27: A | S27: A | U27: A | V27: =COUNTIF(E27:U27,"P") -> 6 | W27: =COUNTIF(E27:U27,"A") -> 6
A28: 24 | B28: Rooba | C28: Lakhmir Khan | D28: Four | E28: A | F28: P | G28: P | I28: P | K28: P | L28: P | M28: A | N28: A | Q28: P | R28: A | S28: A | U28: A | V28: =COUNTIF(E28:U28,"P") -> 6 | W28: =COUNTIF(E28:U28,"A") -> 6
A29: 25 | B29: Tahmeena | C29: Gulbahar Ali | D29: Four | E29: P | F29: P | G29: A | I29: P | K29: A | L29: P | M29: P | N29: P | Q29: P | R29: A | S29: P | U29: A | V29: =COUNTIF(E29:U29,"P") -> 8 | W29: =COUNTIF(E29:U29,"A") -> 4
A30: 26 | B30: Zara | C30: Zahid Ali | D30: Four | E30: P | F30: P | G30: P | I30: A | K30: P | L30: P | M30: P | N30: P | Q30: P | R30: P | S30: A | U30: A | V30: =COUNTIF(E30:U30,"P") -> 9 | W30: =COUNTIF(E30:U30,"A") -> 3
A31: 27 | B31: Zoya | C31: Nisar Ahmed | D31: Four | E31: P | F31: A | G31: P | I31: A | K31: P | L31: P | M31: P | N31: P | Q31: P | R31: A | S31: P | U31: P | V31: =COUNTIF(E31:U31,"P") -> 9 | W31: =COUNTIF(E31:U31,"A") -> 3
A32: 28 | B32: Zoya Ahsan | C32: Ahsan Ali | D32: Four | E32: A | F32: A | G32: A | I32: A | K32: A | L32: A | M32: A | N32: A | Q32: P | R32: A | S32: A | U32: A | V32: =COUNTIF(E32:U32,"P") -> 1 | W32: =COUNTIF(E32:U32,"A") -> 11
A33: 29 | B33: Bisma | C33: Basheer Ahmed | D33: Four | E33: P | F33: P | G33: P | I33: P | K33: A | L33: P | M33: P | N33: P | Q33: P | R33: A | S33: A | U33: A | V33: =COUNTIF(E33:U33,"P") -> 8 | W33: =COUNTIF(E33:U33,"A") -> 4
A34: 30 | B34: Sabeen Bhutto | C34: Shahid Bhutto | D34: Four | E34: P | F34: P | G34: P | I34: A | K34: P | L34: P | M34: P | N34: A | Q34: P | R34: A | S34: A | U34: P | V34: =COUNTIF(E34:U34,"P") -> 8 | W34: =COUNTIF(E34:U34,"A") -> 4
A35: 31 | B35: Javeria Jameel | C35: Jameel Hussain | D35: Four | E35: - | F35: - | G35: - | I35: - | K35: - | L35: - | M35: - | N35: - | Q35: P | R35: P | S35: A | U35: P | V35: =COUNTIF(E35:U35,"P") -> 3 | W35: =COUNTIF(E35:U35,"A") -> 1
A36: 1 | B36: Aqeel Ahmed | C36: Najeebullah | D36: Four | E36: P | F36: P | G36: P | I36: A | J36: A | K36: P | L36: P | M36: P | N36: P | Q36: P | R36: A | S36: P | U36: A | V36: =COUNTIF(E36:U36,"P") -> 9 | W36: =COUNTIF(E36:U36,"A") -> 4
A37: 2 | B37: Ali Jan | C37: Muhammad Shafique | D37: Four | E37: A | F37: P | G37: P | I37: P | J37: P | K37: P | L37: P | M37: P | N37: P | Q37: A | R37: A | S37: A | U37: A | V37: =COUNTIF(E37:U37,"P") -> 8 | W37: =COUNTIF(E37:U37,"A") -> 5
A38: 3 | B38: Dost Muhammad | C38: Muhammad Usman | D38: Four | E38: A | F38: P | G38: P | I38: P | J38: P | K38: P | L38: P | M38: P | N38: P | Q38: P | R38: A | S38: A | U38: A | V38: =COUNTIF(E38:U38,"P") -> 9 | W38: =COUNTIF(E38:U38,"A") -> 4
A39: 4 | B39: Fahad | C39: Riaz | D39: Four | E39: P | F39: P | G39: P | I39: P | J39: P | K39: P | L39: P | M39: P | N39: P | Q39: A | R39: P | S39: P | U39: A | V39: =COUNTIF(E39:U39,"P") -> 11 | W39: =COUNTIF(E39:U39,"A") -> 2
A40: 5 | B40: Imdad Ali | C40: Hamid Ali Siyal | D40: Four | E40: P | F40: P | G40: P | I40: P | J40: P | K40: P | L40: P | M40: P | N40: P | Q40: P | R40: A | S40: P | U40: A | V40: =COUNTIF(E40:U40,"P") -> 11 | W40: =COUNTIF(E40:U40,"A") -> 2
A41: 6 | B41: Muhammad Suleman | C41: Muhammad Usman | D41: Four | E41: P | F41: A | G41: P | I41: P | J41: P | K41: P | L41: P | M41: P | N41: P | Q41: P | R41: A | S41: P | U41: A | V41: =COUNTIF(E41:U41,"P") -> 10 | W41: =COUNTIF(E41:U41,"A") -> 3
A42: 7 | B42: Muhammad Faisal | C42: Abdul Sattar | D42: Four | E42: P | F42: P | G42: A | I42: A | J42: A | K42: P | L42: P | M42: P | N42: P | Q42: P | R42: A | S42: P | U42: A | V42: =COUNTIF(E42:U42,"P") -> 8 | W42: =COUNTIF(E42:U42,"A") -> 5
A43: 8 | B43: Muzammil | C43: Deedar Ali | D43: Four | E43: P | F43: P | G43: P | I43: P | J43: P | K43: P | L43: P | M43: A | N43: P | Q43: A | R43: P | S43: P | U43: A | V43: =COUNTIF(E43:U43,"P") -> 10 | W43: =COUNTIF(E43:U43,"A") -> 3
A44: 9 | B44: Tanveer Ahmed | C44: Wazeer Ali | D44: Four | E44: P | F44: P | G44: P | I44: P | J44: P | K44: P | L44: P | M44: P | N44: P | Q44: P | R44: A | S44: P | U44: A | V44: =COUNTIF(E44:U44,"P") -> 11 | W44: =COUNTIF(E44:U44,"A") -> 2
A45: 10 | B45: Zain | C45: Zaheer Ahmed | D45: Four | E45: P | F45: A | G45: A | I45: P | J45: P | K45: P | L45: P | M45: P | N45: P | Q45: P | R45: P | S45: P | U45: A | V45: =COUNTIF(E45:U45,"P") -> 10 | W45: =COUNTIF(E45:U45,"A") -> 3
A46: 11 | B46: Zulfiqar Ali | C46: Nazeer Ali | D46: Four | E46: A | F46: P | G46: A | I46: P | J46: P | K46: P | L46: A | M46: A | N46: A | Q46: A | R46: A | S46: A | U46: A | V46: =COUNTIF(E46:U46,"P") -> 4 | W46: =COUNTIF(E46:U46,"A") -> 9
A47: 12 | B47: Tasawar Ali | C47: Ahsan Ali | D47: Four | E47: A | F47: P | G47: A | I47: P | J47: P | K47: A | L47: A | M47: P | N47: A | Q47: A | R47: A | S47: P | U47: A | V47: =COUNTIF(E47:U47,"P") -> 5 | W47: =COUNTIF(E47:U47,"A") -> 8
... A52: 17 | B52: Hamadullah | C52: Abrar Hussain | D52: Four | E52: - | F52: - | G52: - | I52: - | J52: - | K52: - | L52: - | M52: - | N52: P | Q52: P | R52: P | S52: A | U52: A | V52: =COUNTIF(E52:U52,"P") -> 3 | W52: =COUNTIF(E52:U52,"A") -> 2

Sheet Class-V
A1: Goverment high school (SJCHS)
A2: Monthly Attendence Month of August-2024
A3: S.No | B3: Student Name | C3: Father Name | D3: Class | E3: =TEXT(E4,"ddd") -> Thu | F3: =TEXT(F4,"ddd") -> Fri | G3: =TEXT(G4,"ddd") -> Sat | H3: =TEXT(H4,"ddd") -> Sun | I3: =TEXT(I4,"ddd") -> Mon | J3: =TEXT(J4,"ddd") -> Tue | K3: =TEXT(K4,"ddd") -> Wed | L3: =TEXT(L4,"ddd") -> Thu | ... U3: =TEXT(U4,"ddd") -> Sat | V3: Present | W3: Absent | X3: Year 2024
E4: 45519 | F4: 45520 | G4: 45521 | H4: 45522 | I4: 45523 | J4: 45524 | K4: 45525 | L4: 45526 | M4: 45527 | N4: 45528 | O4: 45529 | P4: 45530 | Q4: 45531 | R4: 45532 | S4: 45533 | T4: 45534 | U4: 45535 | X4: Total days | Y4: =SUM(Y5:Y11) -> 31
A5: 1 | B5: Abdul Fatah | C5: Manzoor Ahmed | D5: Five | E5: P | F5: P | G5: A | H5: SUNDAY - SUNDAY - SUNDAY - SUNDAY - SUNDAY | J5: URS SHAH ABDUL LATIF BITHAI | O5: SUNDAY - SUNDAY - SUNDAY - SUNDAY - SUNDAY | P5: CHEHLUM - CHEHLUM - CHEHLUM - CHEHLUM - CHEHLUM | T5: OFF DUE TO HEAVY RAIN - OFF DUE TO HEAVY RAIN | V5: =COUNTIF(E5:U5,"P") -> 2 | W5: =COUNTIF(E5:T5,"A") -> 1 | X5: Working days | Y5: 11
A6: 2 | B6: Abdul Qayoom | C6: Waheed Ahmed | D6: Five | E6: A | F6: P | G6: P | I6: A | K6: A | L6: P | M6: P | N6: P | Q6: P | R6: P | S6: A | V6: =COUNTIF(E6:U6,"P") -> 7 | W6: =COUNTIF(E6:T6,"A") -> 4 | X6: Sunday | Y6: 4
A7: 3 | B7: Ahmed Ali | C7: Nasrullah | D7: Five | E7: A | F7: P | G7: A | I7: P | K7: P | L7: P | M7: P | N7: P | Q7: P | R7: P | S7: . | V7: =COUNTIF(E7:U7,"P") -> 8 | W7: =COUNTIF(E7:T7,"A") -> 2 | X7: Summer Vications | Y7: 12
A8: 4 | B8: Ahsan Raza | C8: Meeral | D8: Five | E8: A | F8: P | G8: A | I8: A | K8: P | L8: P | M8: P | N8: A | Q8: A | R8: A | S8: P | V8: =COUNTIF(E8:U8,"P") -> 5 | W8: =COUNTIF(E8:T8,"A") -> 6 | X8: URS | Y8: 1
A9: 5 | B9: Ayan Ali | C9: Mehboob Ali | D9: Five | E9: P | F9: A | G9: A | I9: P | K9: P | L9: P | M9: A | N9: P | Q9: P | R9: A | S9: A | V9: =COUNTIF(E9:U9,"P") -> 6 | W9: =COUNTIF(E9:T9,"A") -> 5 | X9: Mango Day | Y9: 1
A10: 6 | B10: Faizan Ali | C10: Mubarak | D10: Five | E10: P | F10: A | G10: A | I10: P | K10: A | L10: A | M10: A | N10: A | Q10: A | R10: A | S10: P | V10: =COUNTIF(E10:U10,"P") -> 3 | W10: =COUNTIF(E10:T10,"A") -> 8 | X10: Chehlum | Y10: 1
A11: 7 | B11: Ghulam Muhammad | C11: Parvaiz Ahmed | D11: Five | E11: P | F11: A | G11: P | I11: A | K11: P | L11: P | M11: A | N11: P | Q11: P | R11: A | S11: A | V11: =COUNTIF(E11:U11,"P") -> 6 | W11: =COUNTIF(E11:T11,"A") -> 5 | X11: OFF Due to Heavy Rain | Y11: 1
A12: 8 | B12: Masab Ali | C12: Ahsan Ali | D12: Five | E12: P | F12: P | G12: A | I12: P | K12: P | L12: A | M12: P | N12: A | Q12: A | R12: A | S12: P | V12: =COUNTIF(E12:U12,"P") -> 6 | W12: =COUNTIF(E12:T12,"A") -> 5
A13: 9 | B13: Meesam Abbas | C13: Sabir Hussain | D13: Five | E13: P | F13: P | G13: P | I13: A | K13: A | L13: A | M13: A | N13: P | Q13: P | R13: A | S13: P | V13: =COUNTIF(E13:U13,"P") -> 6 | W13: =COUNTIF(E13:T13,"A") -> 5 | X13: Present Days Detail
A14: 10 | B14: Muhammad Hassan | C14: Javaid Ali | D14: Five | E14: A | F14: P | G14: A | I14: P | K14: P | L14: P | M14: P | N14: P | Q14: A | R14: A | S14: P | V14: =COUNTIF(E14:U14,"P") -> 7 | W14: =COUNTIF(E14:T14,"A") -> 4 | X14: Detail | Y14: Boys | Z14: Girls | AA14: Total
A15: 11 | B15: Muhammad Zaid | C15: Khalid Abbasi | D15: Five | E15: A | F15: P | G15: A | I15: P | K15: P | L15: A | M15: P | N15: P | Q15: A | R15: A | S15: P | V15: =COUNTIF(E15:U15,"P") -> 6 | W15: =COUNTIF(E15:T15,"A") -> 5 | X15: Due Present days | Y15: =27*11 -> 297 | Z15: =22*11 -> 242 | AA15: =SUM(Y15:Z15) -> 539
A16: 12 | B16: Usman Jamali | C16: Liaqat Ali | D16: Five | E16: A | F16: P | G16: A | I16: P | K16: P | L16: P | M16: P | N16: P | Q16: P | R16: A | S16: P | V16: =COUNTIF(E16:U16,"P") -> 8 | W16: =COUNTIF(E16:T16,"A") -> 3 | X16: Actual present days | Y16: =SUM(V5:V29)+V52+V53 -> 160 | Z16: =SUM(V30:V51) -> 189 | AA16: =Y16+Z16 -> 349
A17: 13 | B17: Muhammad Ali | C17: Maula Abdullah Bux | D17: Five | E17: A | F17: P | G17: P | I17: P | K17: P | L17: P | M17: P | N17: P | Q17: A | R17: A | S17: P | V17: =COUNTIF(E17:U17,"P") -> 8 | W17: =COUNTIF(E17:T17,"A") -> 3 | X17: % | Y17: =Y16/Y15 -> 0.53872054 | Z17: =Z16/Z15 -> 0.78099174 | AA17: =AA16/AA15 -> 0.64749536
A18: 14 | B18: Muhammad Israr | C18: Abdullah Bhand | D18: Five | E18: A | F18: P | G18: P | I18: P | K18: P | L18: P | M18: P | N18: P | Q18: A | R18: A | S18: P | V18: =COUNTIF(E18:U18,"P") -> 8 | W18: =COUNTIF(E18:T18,"A") -> 3
A19: 15 | B19: Muhammad Rahim | C19: Muhammad Azeem | D19: Five | E19: P | F19: A | G19: A | I19: A | K19: A | L19: P | M19: P | N19: A | Q19: P | R19: A | S19: A | V19: =COUNTIF(E19:U19,"P") -> 4 | W19: =COUNTIF(E19:T19,"A") -> 7
A20: 16 | B20: Mohsin Ali | C20: Sajid Ali Junejo | D20: Five | E20: P | F20: P | G20: P | I20: A | K20: P | L20: P | M20: P | N20: P | Q20: P | R20: P | S20: P | V20: =COUNTIF(E20:U20,"P") -> 10 | W20: =COUNTIF(E20:T20,"A") -> 1
A21: 17 | B21: Muhammad Hassan Ali | C21: Khawar Ali | D21: Five | E21: P | F21: P | G21: A | I21: P | K21: P | L21: A | M21: A | N21: A | Q21: A | R21: P | S21: P | V21: =COUNTIF(E21:U21,"P") -> 6 | W21: =COUNTIF(E21:T21,"A") -> 5 | X21: Absent Days Details
A22: 18 | B22: M. Ammad-ud-din | C22: Riyaz-ud-din | D22: Five | E22: A | F22: P | G22: A | I22: P | K22: P | L22: P | M22: P | N22: P | Q22: P | R22: A | S22: P | V22: =COUNTIF(E22:U22,"P") -> 8 | W22: =COUNTIF(E22:T22,"A") -> 3 | X22: Detail | Y22: Boys | Z22: Girls | AA22: Total
A23: 19 | B23: Noman | C23: Abdul Rehman | D23: Five | E23: A | F23: P | G23: P | I23: P | K23: P | L23: P | M23: P | N23: P | Q23: A | R23: A | S23: A | V23: =COUNTIF(E23:U23,"P") -> 7 | W23: =COUNTIF(E23:T23,"A") -> 4 | X23: Due Present days | Y23: =27*11 -> 297 | Z23: =22*11 -> 242 | AA23: =Y23+Z23 -> 539
A24: 20 | B24: Rahib Hussain | C24: Zahid Hussain | D24: Five | E24: A | F24: P | G24: P | I24: P | K24: P | L24: P | M24: P | N24: P | Q24: P | R24: P | S24: P | V24: =COUNTIF(E24:U24,"P") -> 10 | W24: =COUNTIF(E24:T24,"A") -> 1 | X24: Absent days | Y24: =Y23-Y16 -> 137 | Z24: =Z23-Z16 -> 53 | AA24: =Y24+Z24 -> 190
A25: 21 | B25: Sameer Ali | C25: Gulbahar Ali | D25: Five | E25: P | F25: A | G25: A | I25: A | K25: A | L25: A | M25: A | N25: A | Q25: A | R25: P | S25: P | V25: =COUNTIF(E25:U25,"P") -> 3 | W25: =COUNTIF(E25:T25,"A") -> 8 | X25: % | Y25: =Y24/Y23 -> 0.46127946 | Z25: =Z24/Z23 -> 0.21900826 | AA25: =AA24/AA23 -> 0.35250464
A26: 22 | B26: Sameer Gul | C26: Hafeezullah | D26: Five | E26: P | F26: A | G26: A | I26: A | K26: A | L26: A | M26: P | N26: A | Q26: P | R26: P | S26: P | V26: =COUNTIF(E26:U26,"P") -> 5 | W26: =COUNTIF(E26:T26,"A") -> 6
A27: 23 | B27: Shamsuddin | C27: Asghar Ali | D27: Five | E27: P | F27: A | G27: A | I27: P | K27: P | L27: P | M27: P | N27: P | Q27: A | R27: A | S27: A | V27: =COUNTIF(E27:U27,"P") -> 6 | W27: =COUNTIF(E27:T27,"A") -> 5
A28: 24 | B28: Massab Ali | C28: Safdar Ali | D28: Five | E28: A | F28: A | G28: A | I28: A | K28: A | L28: A | M28: P | N28: P | Q28: P | R28: A | S28: P | V28: =COUNTIF(E28:U28,"P") -> 4 | W28: =COUNTIF(E28:T28,"A") -> 7
A29: 25 | B29: Zohaib Ali | C29: Zulfiqar Ali | D29: Five | E29: A | F29: A | G29: A | I29: A | K29: A | L29: A | M29: P | N29: P | Q29: P | R29: P | S29: P | V29: =COUNTIF(E29:U29,"P") -> 5 | W29: =COUNTIF(E29:T29,"A") -> 6
A30: 1 | B30: Aitina Sohail | C30: Sohail Sarwar Jatoi | D30: Five | E30: P | F30: P | G30: A | I30: A | K30: A | L30: A | M30: A | N30: A | Q30: A | R30: A | S30: A | V30: =COUNTIF(E30:U30,"P") -> 2 | W30: =COUNTIF(E30:T30,"A") -> 9
A31: 2 | B31: Ajwa Gul | C31: Sabir Hussain | D31: Five | E31: P | F31: P | G31: A | I31: P | K31: P | L31: P | M31: P | N31: P | Q31: P | R31: P | S31: P | V31: =COUNTIF(E31:U31,"P") -> 10 | W31: =COUNTIF(E31:T31,"A") -> 1
A32: 3 | B32: Alishba | C32: Maqsood Ahmed | D32: Five | E32: P | F32: A | G32: P | I32: P | K32: P | L32: P | M32: P | N32: P | Q32: L | R32: A | S32: P | V32: =COUNTIF(E32:U32,"P") -> 8 | W32: =COUNTIF(E32:T32,"A") -> 2
A33: 4 | B33: Anosha | C33: Altaf Hussain | D33: Five | E33: P | F33: P | G33: P | I33: P | K33: P | L33: P | M33: P | N33: P | Q33: P | R33: P | S33: P | V33: =COUNTIF(E33:U33,"P") -> 11 | W33: =COUNTIF(E33:T33,"A") -> 0
A34: 5 | B34: Dua Batool | C34: Faiq Ali | D34: Five | E34: P | F34: P | G34: P | I34: A | K34: P | L34: P | M34: P | N34: P | Q34: A | R34: A | S34: A | V34: =COUNTIF(E34:U34,"P") -> 7 | W34: =COUNTIF(E34:T34,"A") -> 4
A35: 6 | B35: Gul Naz | C35: Zahid Hussain | D35: Five | E35: P | F35: P | G35: P | I35: P | K35: P | L35: P | M35: P | N35: P | Q35: P | R35: A | S35: P | V35: =COUNTIF(E35:U35,"P") -> 10 | W35: =COUNTIF(E35:T35,"A") -> 1
A36: 7 | B36: Hina | D36: Five | E36: P | F36: A | G36: P | I36: P | K36: P | L36: P | M36: P | N36: P | Q36: P | R36: A | S36: P | V36: =COUNTIF(E36:U36,"P") -> 9 | W36: =COUNTIF(E36:T36,"A") -> 2
A37: 8 | B37: Iqra | C37: Munawar Ali | D37: Five | E37: A | F37: A | G37: A | I37: A | K37: P | L37: P | M37: P | N37: P | Q37: A | R37: A | S37: A | V37: =COUNTIF(E37:U37,"P") -> 4 | W37: =COUNTIF(E37:T37,"A") -> 7
A38: 9 | B38: Javeria Batool | C38: Imran Ali | D38: Five | E38: P | F38: A | G38: P | I38: P | K38: P | L38: P | M38: P | N38: P | Q38: P | R38: A | S38: A | V38: =COUNTIF(E38:U38,"P") -> 8 | W38: =COUNTIF(E38:T38,"A") -> 3
A39: 10 | B39: Khadija Bibi | C39: Zulfiqar Quraishi | D39: Five | E39: P | F39: P | G39: P | I39: P | K39: P | L39: P | M39: P | N39: P | Q39: P | R39: P | S39: P | V39: =COUNTIF(E39:U39,"P") -> 11 | W39: =COUNTIF(E39:T39,"A") -> 0
A40: 11 | B40: Kinza Fatima | C40: Altaf Hussain | D40: Five | E40: P | F40: P | G40: P | I40: P | K40: P | L40: P | M40: P | N40: P | Q40: P | R40: P | S40: P | V40: =COUNTIF(E40:U40,"P") -> 11 | W40: =COUNTIF(E40:T40,"A") -> 0
A41: 12 | B41: Laiba | C41: Amjad Hussain | D41: Five | E41: P | F41: P | G41: P | I41: P | K41: P | L41: P | M41: P | N41: P | Q41: P | R41: P | S41: P | V41: =COUNTIF(E41:U41,"P") -> 11 | W41: =COUNTIF(E41:T41,"A") -> 0
A42: 13 | B42: Maheen Nisa | C42: M. Maroof | D42: Five | E42: P | F42: P | G42: P | I42: P | K42: P | L42: P | M42: P | N42: P | Q42: P | R42: P | S42: P | V42: =COUNTIF(E42:U42,"P") -> 11 | W42: =COUNTIF(E42:T42,"A") -> 0
A43: 14 | B43: Murk Fatima | C43: Altaf Hussain | D43: Five | E43: P | F43: P | G43: P | I43: P | K43: P | L43: P | M43: P | N43: P | Q43: P | R43: P | S43: P | V43: =COUNTIF(E43:U43,"P") -> 11 | W43: =COUNTIF(E43:T43,"A") -> 0
A44: 15 | B44: Nayab | C44: Ahsan Ali | D44: Five | E44: A | F44: P | G44: P | I44: P | K44: P | L44: P | M44: P | N44: P | Q44: P | R44: A | S44: P | V44: =COUNTIF(E44:U44,"P") -> 9 | W44: =COUNTIF(E44:T44,"A") -> 2
A45: 16 | B45: Sidra Bibi | C45: Zulfiqar Quraishi | D45: Five | E45: A | F45: A | G45: A | I45: A | K45: P | L45: P | M45: P | N45: P | Q45: A | R45: A | S45: A | V45: =COUNTIF(E45:U45,"P") -> 4 | W45: =COUNTIF(E45:T45,"A") -> 7
A46: 17 | B46: Sidratul Muntaha | C46: Ghulam Murtaza | D46: Five | E46: P | F46: P | G46: P | I46: P | K46: P | L46: P | M46: P | N46: P | Q46: A | R46: A | S46: P | V46: =COUNTIF(E46:U46,"P") -> 9 | W46: =COUNTIF(E46:T46,"A") -> 2
A47: 18 | B47: Sundas Qamar | C47: Imran Qamar | D47: Five | E47: P | F47: P | G47: A | I47: A | K47: P | L47: P | M47: P | N47: P | Q47: P | R47: A | S47: P | V47: =COUNTIF(E47:U47,"P") -> 8 | W47: =COUNTIF(E47:T47,"A") -> 3
A48: 19 | B48: Tayyaba Fatima | C48: Altaf Hussain | D48: Five | E48: P | F48: P | G48: P | I48: A | K48: P | L48: P | M48: P | N48: P | Q48: P | R48: A | S48: P | V48: =COUNTIF(E48:U48,"P") -> 9 | W48: =COUNTIF(E48:T48,"A") -> 2
... A53: 24 | B53: M. Husnain | C53: Ubaidullah | D53: Five | E53: - | F53: - | G53: - | I53: - | K53: - | L53: - | M53: - | N53: - | Q53: - | R53: P | S53: P | V53: =COUNTIF(E53:U53,"P") -> 2 | W53: =COUNTIF(E53:T53,"A") -> 0

Sheet Class-VI
A1: Goverment high school (SJCHS)
A2: Monthly Attendence Month of August-2024
A3: S.No | B3: Student Name | C3: Father Name | D3: Class | E3: =TEXT(E4,"ddd") -> Thu | F3: =TEXT(F4,"ddd") -> Fri | G3: =TEXT(G4,"ddd") -> Sat | H3: =TEXT(H4,"ddd") -> Sun | I3: =TEXT(I4,"ddd") -> Mon | J3: =TEXT(J4,"ddd") -> Tue | K3: =TEXT(K4,"ddd") -> Wed | L3: =TEXT(L4,"ddd") -> Thu | ... U3: =TEXT(U4,"ddd") -> Sat | V3: Present | W3: Absent | X3: Year 2024
E4: 45519 | F4: 45520 | G4: 45521 | H4: 45522 | I4: 45523 | J4: 45524 | K4: 45525 | L4: 45526 | M4: 45527 | N4: 45528 | O4: 45529 | P4: 45530 | Q4: 45531 | R4: 45532 | S4: 45533 | T4: 45534 | U4: 45535 | X4: Total days | Y4: =SUM(Y5:Y11) -> 31
A5: 1 | B5: Abdul Rehman | C5: Ahmed Ali | D5: Six | E5: A | F5: P | G5: P | H5: SUNDAY - SUNDAY - SUNDAY - SUNDAY | I5: A | J5: SHAH ABDUL LATIF BITHAI URS | K5: P | L5: P | M5: P | N5: P | O5: SUNDAY - SUNDAY - SUNDAY - SUNDAY | P5: CHEHLUM - CHEHLUM - CHEHLUM - CHEHLUM | Q5: P | R5: P | S5: A | T5: OFF DUE TO HEAVY RAIN | U5: A | V5: =COUNTIF(E5:U5,"P") -> 8 | W5: =COUNTIF(E5:T5,"A") -> 3 | X5: Working days | Y5: 11
A6: 2 | B6: Abdul Samad | C6: Rehmatullah | D6: Six | E6: A | F6: P | G6: P | I6: P | K6: P | L6: P | M6: P | N6: P | Q6: P | R6: P | S6: P | U6: A | V6: =COUNTIF(E6:U6,"P") -> 10 | W6: =COUNTIF(E6:T6,"A") -> 1 | X6: Sunday | Y6: 4
A7: 3 | B7: Abdul Wassay | C7: Sohail Sarwar | D7: Six | E7: A | F7: A | G7: A | I7: P | K7: A | L7: P | M7: P | N7: A | Q7: A | R7: A | S7: A | U7: A | V7: =COUNTIF(E7:U7,"P") -> 3 | W7: =COUNTIF(E7:T7,"A") -> 8 | X7: Summer Vications | Y7: 12
A8: 4 | B8: Abid Ali | C8: Ahmed Ali | D8: Six | E8: A | F8: P | G8: P | I8: P | K8: P | L8: P | M8: P | N8: P | Q8: P | R8: P | S8: P | U8: A | V8: =COUNTIF(E8:U8,"P") -> 10 | W8: =COUNTIF(E8:T8,"A") -> 1 | X8: URS | Y8: 1
A9: 5 | B9: Danish | C9: Imdad Ali | D9: Six | E9: A | F9: A | G9: P | I9: P | K9: A | L9: A | M9: P | N9: P | Q9: P | R9: P | S9: P | U9: A | V9: =COUNTIF(E9:U9,"P") -> 7 | W9: =COUNTIF(E9:T9,"A") -> 4 | X9: Mango Day | Y9: 1
A10: 6 | B10: Irshaad Ali | C10: Haji Malah | D10: Six | E10: A | F10: P | G10: P | I10: P | K10: A | L10: A | M10: P | N10: P | Q10: P | R10: A | S10: P | U10: A | V10: =COUNTIF(E10:U10,"P") -> 7 | W10: =COUNTIF(E10:T10,"A") -> 4 | X10: Chehlum | Y10: 1
A11: 7 | B11: Joun Ali | C11: Imran Ali | D11: Six | E11: A | F11: P | G11: P | I11: P | K11: A | L11: P | M11: P | N11: P | Q11: P | R11: A | S11: A | U11: A | V11: =COUNTIF(E11:U11,"P") -> 7 | W11: =COUNTIF(E11:T11,"A") -> 4 | X11: OFF Due to Heavy Rain | Y11: 1
A12: 8 | B12: M. Muzzamil | C12: Ahmed Ali | D12: Six | E12: A | F12: P | G12: P | I12: P | K12: P | L12: P | M12: P | N12: P | Q12: P | R12: P | S12: P | U12: A | V12: =COUNTIF(E12:U12,"P") -> 10 | W12: =COUNTIF(E12:T12,"A") -> 1
A13: 9 | B13: M. Sameer | C13: Fazal Muhammad | D13: Six | E13: P | F13: P | G13: P | I13: P | K13: P | L13: P | M13: P | N13: P | Q13: P | R13: P | S13: P | U13: A | V13: =COUNTIF(E13:U13,"P") -> 11 | W13: =COUNTIF(E13:T13,"A") -> 0 | X13: Present Days Detail
A14: 10 | B14: Meer Majid | C14: Haji Iqbal | D14: Six | E14: A | F14: A | G14: A | I14: P | K14: P | L14: P | M14: P | N14: A | Q14: P | R14: A | S14: P | U14: A | V14: =COUNTIF(E14:U14,"P") -> 6 | W14: =COUNTIF(E14:T14,"A") -> 5 | X14: Detail | Y14: Boys | Z14: Girls | AA14: Total
A15: 11 | B15: M. Tayyab | C15: Javaid Ali | D15: Six | E15: A | F15: P | G15: A | I15: P | K15: P | L15: P | M15: P | N15: P | Q15: P | R15: A | S15: P | U15: A | V15: =COUNTIF(E15:U15,"P") -> 8 | W15: =COUNTIF(E15:T15,"A") -> 3 | X15: Due Present days | Y15: =17*11 -> 187 | Z15: =26*11 -> 286 | AA15: =SUM(Y15:Z15) -> 473
A16: 12 | B16: Mudasir Hussain | C16: Mukhtiyar Ali | D16: Six | E16: A | F16: P | G16: A | I16: P | K16: P | L16: P | M16: P | N16: P | Q16: A | R16: A | S16: P | U16: A | V16: =COUNTIF(E16:U16,"P") -> 7 | W16: =COUNTIF(E16:T16,"A") -> 4 | X16: Actual present days | Y16: =SUM(V5:V21) -> 130 | Z16: =SUM(V22:V47) -> 206 | AA16: =Y16+Z16 -> 336
A17: 13 | B17: Uzair Ahmed | C17: Abdul Sattar | D17: Six | E17: P | F17: P | G17: P | I17: P | K17: P | L17: P | M17: P | N17: P | Q17: A | R17: P | S17: A | U17: A | V17: =COUNTIF(E17:U17,"P") -> 9 | W17: =COUNTIF(E17:T17,"A") -> 2 | X17: % | Y17: =Y16/Y15 -> 0.69518717 | Z17: =Z16/Z15 -> 0.72027972 | AA17: =AA16/AA15 -> 0.71035941
A18: 14 | B18: M. Yaseen | C18: Muhammad Younus | D18: Six | E18: P | F18: P | G18: P | I18: P | K18: P | L18: P | M18: P | N18: P | Q18: P | R18: A | S18: P | U18: P | V18: =COUNTIF(E18:U18,"P") -> 11 | W18: =COUNTIF(E18:T18,"A") -> 1
A19: 15 | B19: Faisal Ahmed | C19: Faiz Muhammad | D19: Six | E19: A | F19: P | G19: P | I19: P | K19: P | L19: P | M19: P | N19: P | Q19: P | R19: A | S19: P | U19: A | V19: =COUNTIF(E19:U19,"P") -> 9 | W19: =COUNTIF(E19:T19,"A") -> 2
A20: 16 | B20: Wajid Ali | C20: M. Ali Ahmed | D20: Six | E20: A | F20: P | G20: P | I20: P | K20: A | L20: A | M20: A | N20: A | Q20: A | R20: A | S20: P | U20: A | V20: =COUNTIF(E20:U20,"P") -> 4 | W20: =COUNTIF(E20:T20,"A") -> 7
A21: 17 | B21: Ayan | C21: Rafeeque Ahmed | D21: Six | E21: A | F21: A | G21: A | I21: A | K21: A | L21: A | M21: A | N21: A | Q21: P | R21: P | S21: P | U21: A | V21: =COUNTIF(E21:U21,"P") -> 3 | W21: =COUNTIF(E21:T21,"A") -> 8 | X21: Absent Days Details
A22: 1 | B22: Amna | C22: Asghar Ali | D22: Six | E22: P | F22: P | G22: P | I22: P | K22: P | L22: P | M22: P | N22: P | Q22: P | R22: P | S22: P | U22: A | V22: =COUNTIF(E22:U22,"P") -> 11 | W22: =COUNTIF(E22:T22,"A") -> 0 | X22: Detail | Y22: Boys | Z22: Girls | AA22: Total
A23: 2 | B23: Batool | C23: Sajid Ali | D23: Six | E23: P | F23: P | G23: A | I23: A | K23: P | L23: P | M23: P | N23: P | Q23: P | R23: A | S23: P | U23: A | V23: =COUNTIF(E23:U23,"P") -> 8 | W23: =COUNTIF(E23:T23,"A") -> 3 | X23: Due Present days | Y23: =17*11 -> 187 | Z23: =26*11 -> 286 | AA23: =Y23+Z23 -> 473
A24: 3 | B24: Fahmida | C24: Haji Malah | D24: Six | E24: A | F24: P | G24: P | I24: P | K24: P | L24: P | M24: P | N24: P | Q24: P | R24: P | S24: P | U24: A | V24: =COUNTIF(E24:U24,"P") -> 10 | W24: =COUNTIF(E24:T24,"A") -> 1 | X24: Absent days | Y24: =Y23-Y16 -> 57 | Z24: =Z23-Z16 -> 80 | AA24: =Y24+Z24 -> 137
A25: 4 | B25: Faiza | C25: Tanveer Ahmed | D25: Six | E25: A | F25: A | G25: A | I25: P | K25: P | L25: P | M25: P | N25: P | Q25: P | R25: A | S25: A | U25: A | V25: =COUNTIF(E25:U25,"P") -> 6 | W25: =COUNTIF(E25:T25,"A") -> 5 | X25: % | Y25: =Y24/Y23 -> 0.30481283 | Z25: =Z24/Z23 -> 0.27972028 | AA25: =AA24/AA23 -> 0.28964059
A26: 5 | B26: Fatima | C26: Zahid Hussain | D26: Six | E26: P | F26: P | G26: P | I26: P | K26: P | L26: P | M26: P | N26: P | Q26: P | R26: A | S26: P | U26: A | V26: =COUNTIF(E26:U26,"P") -> 10 | W26: =COUNTIF(E26:T26,"A") -> 1
A27: 6 | B27: Iqra | C27: M. Ghafoor Jukhio | D27: Six | E27: A | F27: A | G27: A | I27: P | K27: P | L27: P | M27: A | N27: P | Q27: P | R27: P | S27: A | U27: A | V27: =COUNTIF(E27:U27,"P") -> 6 | W27: =COUNTIF(E27:T27,"A") -> 5
A28: 7 | B28: Kaneez Fatima | C28: Rizwan Ali | D28: Six | E28: P | F28: P | G28: A | I28: P | K28: P | L28: P | M28: P | N28: P | Q28: A | R28: A | S28: P | U28: A | V28: =COUNTIF(E28:U28,"P") -> 8 | W28: =COUNTIF(E28:T28,"A") -> 3
A29: 8 | B29: Mahnoor Fatima | C29: Ghulam Yaseen | D29: Six | E29: P | F29: P | G29: P | I29: P | K29: P | L29: P | M29: P | N29: P | Q29: P | R29: A | S29: P | U29: A | V29: =COUNTIF(E29:U29,"P") -> 10 | W29: =COUNTIF(E29:T29,"A") -> 1
A30: 9 | B30: Maryam | C30: Rehmatullah | D30: Six | E30: P | F30: P | G30: P | I30: P | K30: P | L30: P | M30: P | N30: P | Q30: P | R30: P | S30: P | U30: A | V30: =COUNTIF(E30:U30,"P") -> 11 | W30: =COUNTIF(E30:T30,"A") -> 0
A31: 10 | B31: Maryam | C31: Zulfiqaar Ali | D31: Six | E31: A | F31: P | G31: P | I31: P | K31: P | L31: P | M31: P | N31: P | Q31: L | R31: A | S31: P | U31: A | V31: =COUNTIF(E31:U31,"P") -> 8 | W31: =COUNTIF(E31:T31,"A") -> 2
A32: 11 | B32: Naina Naz | C32: Khawar Ali | D32: Six | E32: P | F32: P | G32: P | I32: P | K32: P | L32: P | M32: P | N32: A | Q32: P | R32: P | S32: P | U32: A | V32: =COUNTIF(E32:U32,"P") -> 10 | W32: =COUNTIF(E32:T32,"A") -> 1
A33: 12 | B33: Nida | C33: Mehboob Ali | D33: Six | E33: A | F33: A | G33: A | I33: A | K33: P | L33: P | M33: A | N33: P | Q33: A | R33: A | S33: A | U33: A | V33: =COUNTIF(E33:U33,"P") -> 3 | W33: =COUNTIF(E33:T33,"A") -> 8
A34: 13 | B34: Noor Muqadis | C34: Muhammad Idrees | D34: Six | E34: P | F34: P | G34: P | I34: P | K34: P | L34: P | M34: P | N34: P | Q34: P | R34: A | S34: P | U34: A | V34: =COUNTIF(E34:U34,"P") -> 10 | W34: =COUNTIF(E34:T34,"A") -> 1
A35: 14 | B35: Rubina | C35: Zulfiqaar Ali | D35: Six | E35: A | F35: P | G35: P | I35: P | K35: P | L35: P | M35: P | N35: P | Q35: P | R35: A | S35: P | U35: A | V35: =COUNTIF(E35:U35,"P") -> 9 | W35: =COUNTIF(E35:T35,"A") -> 2
A36: 15 | B36: Rukhsana | C36: Suhan | D36: Six | E36: A | F36: A | G36: A | I36: A | K36: A | L36: A | M36: A | N36: A | Q36: A | R36: A | S36: A | U36: A | V36: =COUNTIF(E36:U36,"P") -> 0 | W36: =COUNTIF(E36:T36,"A") -> 11
A37: 16 | B37: Sahar | C37: Sohail Ahmed | D37: Six | E37: A | F37: A | G37: P | I37: P | K37: P | L37: P | M37: P | N37: A | Q37: P | R37: A | S37: A | U37: A | V37: =COUNTIF(E37:U37,"P") -> 6 | W37: =COUNTIF(E37:T37,"A") -> 5
... A47: 26 | B47: Razia | C47: Aman | D47: Six | E47: A | F47: A | G47: A | I47: A | K47: A | L47: A | M47: P | N47: P | Q47: P | R47: P | S47: A | U47: A | V47: =COUNTIF(E47:U47,"P") -> 4 | W47: =COUNTIF(E47:T47,"A") -> 7

Sheet Class-VII
A1: Goverment high school (SJCHS)
A2: Monthly Attendence Month of August-2024
A3: S.No | B3: Student Name | C3: Class | D3: =TEXT(D4,"ddd") -> Thu | E3: =TEXT(E4,"ddd") -> Fri | F3: =TEXT(F4,"ddd") -> Sat | G3: =TEXT(G4,"ddd") -> Sun | H3: =TEXT(H4,"ddd") -> Mon | I3: =TEXT(I4,"ddd") -> Tue | J3: =TEXT(J4,"ddd") -> Wed | K3: =TEXT(K4,"ddd") -> Thu | ... T3: =TEXT(T4,"ddd") -> Sat | U3: Present | V3: Absent | W3: Year 2024
D4: 45519 | E4: 45520 | F4: 45521 | G4: 45522 | H4: 45523 | I4: 45524 | J4: 45525 | K4: 45526 | L4: 45527 | M4: 45528 | N4: 45529 | O4: 45530 | P4: 45531 | Q4: 45532 | R4: 45533 | S4: 45534 | T4: 45535 | W4: Total days | X4: =SUM(X5:X11) -> 31
A5: 1 | B5: Adil Khan | C5: 7th | D5: p | E5: p | F5: P | G5: SUNDAY - SUNDAY - SUNDAY - SUNDAY - SUNDAY | H5: P | I5: SHAH ABDUL LATIF BITHAAI URS | J5: P | K5: A | L5: P | M5: P | N5: SUNDAY - SUNDAY - SUNDAY - SUNDAY - SUNDAY | O5: CHEHLUM - CHEHLUM - CHEHLUM - CHEHLUM | P5: P | Q5: P | R5: P | S5: OFF DUE TO HEAVY RAIN | T5: A | U5: =COUNTIF(D5:T5,"P") -> 10 | V5: =COUNTIF(D5:S5,"A") -> 1 | W5: Working days | X5: 11
A6: 2 | B6: Ali Khan | C6: 7th | D6: p | E6: p | F6: P | H6: P | J6: P | K6: P | L6: P | M6: P | P6: P | Q6: A | R6: P | T6: A | U6: =COUNTIF(D6:T6,"P") -> 10 | V6: =COUNTIF(D6:S6,"A") -> 1 | W6: Sunday | X6: 4
A7: 3 | B7: Ameer Hamza | C7: 7th | D7: p | E7: p | F7: P | H7: P | J7: P | K7: P | L7: P | M7: P | P7: A | Q7: A | R7: A | T7: A | U7: =COUNTIF(D7:T7,"P") -> 8 | V7: =COUNTIF(D7:S7,"A") -> 3 | W7: Summer Vications | X7: 12
A8: 4 | B8: Aqsa | C8: 7th | D8: p | E8: p | F8: A | H8: P | J8: P | K8: P | L8: P | M8: A | P8: A | Q8: A | R8: P | T8: A | U8: =COUNTIF(D8:T8,"P") -> 7 | V8: =COUNTIF(D8:S8,"A") -> 4 | W8: URS | X8: 1
A9: 5 | B9: Asma | C9: 7th | D9: p | E9: p | F9: P | H9: P | J9: P | K9: P | L9: P | M9: P | P9: P | Q9: A | R9: P | T9: P | U9: =COUNTIF(D9:T9,"P") -> 11 | V9: =COUNTIF(D9:S9,"A") -> 1 | W9: Mango Day | X9: 1
A10: 6 | B10: Bismillah Khan | C10: 7th | D10: p | E10: p | F10: P | H10: P | J10: P | K10: A | L10: A | M10: P | P10: P | Q10: A | R10: P | T10: A | U10: =COUNTIF(D10:T10,"P") -> 8 | V10: =COUNTIF(D10:S10,"A") -> 3 | W10: Chehlum | X10: 1
A11: 7 | B11: Danish | C11: 7th | D11: p | E11: p | F11: A | H11: P | J11: P | K11: P | L11: P | M11: P | P11: P | Q11: A | R11: P | T11: A | U11: =COUNTIF(D11:T11,"P") -> 9 | V11: =COUNTIF(D11:S11,"A") -> 2 | W11: OFF Due to Heavy Rain | X11: 1
A12: 8 | B12: Daniyal | C12: 7th | D12: p | E12: A | F12: P | H12: P | J12: P | K12: A | L12: P | M12: A | P12: P | Q12: P | R12: P | T12: A | U12: =COUNTIF(D12:T12,"P") -> 8 | V12: =COUNTIF(D12:S12,"A") -> 3
A13: 9 | B13: Fatima Zahra | C13: 7th | D13: p | E13: p | F13: P | H13: P | J13: P | K13: P | L13: P | M13: P | P13: P | Q13: P | R13: P | T13: A | U13: =COUNTIF(D13:T13,"P") -> 11 | V13: =COUNTIF(D13:S13,"A") -> 0 | W13: Present Days Detail
A14: 10 | B14: Fiza | C14: 7th | D14: p | E14: p | F14: P | H14: P | J14: P | K14: P | L14: P | M14: P | P14: A | Q14: A | R14: A | T14: A | U14: =COUNTIF(D14:T14,"P") -> 8 | V14: =COUNTIF(D14:S14,"A") -> 3 | W14: Detail | X14: Boys | Y14: Girls | Z14: Total
A15: 11 | B15: Hamza Nisar | C15: 7th | D15: p | E15: p | F15: A | H15: A | J15: A | K15: P | L15: A | M15: P | P15: A | Q15: P | R15: A | T15: A | U15: =COUNTIF(D15:T15,"P") -> 5 | V15: =COUNTIF(D15:S15,"A") -> 6 | W15: Due Present days | X15: =29*11 -> 319 | Y15: =17*11 -> 187 | Z15: =SUM(X15:Y15) -> 506
A16: 12 | B16: Haseeb Hyder | C16: 7th | D16: p | E16: p | F16: A | H16: P | J16: P | K16: P | L16: P | M16: P | P16: P | Q16: P | R16: P | T16: A | U16: =COUNTIF(D16:T16,"P") -> 10 | V16: =COUNTIF(D16:S16,"A") -> 1 | W16: Actual present days | X16: =U5+U6+U7+U10+U11+U12+U15+U16+U17+U18+U19+U20+U22+U25+U26+U27+U28+U29+U30+U31+U33+U34+U36+U37+U41+U42+U43+U48+U49 -> 248 | Y16: =U8+U9+U14+U21+U23+U24+U32+U35+U38+U39+U40+U44+U45+U46+U47+U50 -> 134 | Z16: =X16+Y16 -> 382
A17: 13 | B17: Hasnain G. Nabi | C17: 7th | D17: p | E17: p | F17: P | H17: P | J17: P | K17: P | L17: P | M17: P | P17: P | Q17: P | R17: P | T17: A | U17: =COUNTIF(D17:T17,"P") -> 11 | V17: =COUNTIF(D17:S17,"A") -> 0 | W17: % | X17: =X16/X15 -> 0.77742947 | Y17: =Y16/Y15 -> 0.71657754 | Z17: =Z16/Z15 -> 0.75494071
A18: 14 | B18: Hasnain yasir | C18: 7th | D18: p | E18: p | F18: P | H18: P | J18: P | K18: A | L18: A | M18: A | P18: A | Q18: A | R18: P | T18: A | U18: =COUNTIF(D18:T18,"P") -> 6 | V18: =COUNTIF(D18:S18,"A") -> 5
A19: 15 | B19: Hasnain Ali Soomro | C19: 7th | D19: p | E19: p | F19: A | H19: P | J19: P | K19: P | L19: P | M19: P | P19: P | Q19: P | R19: P | T19: A | U19: =COUNTIF(D19:T19,"P") -> 10 | V19: =COUNTIF(D19:S19,"A") -> 1
A20: 16 | B20: Hasnain Raza | C20: 7th | D20: p | E20: p | F20: P | H20: P | J20: P | K20: P | L20: P | M20: P | P20: P | Q20: P | R20: P | T20: A | U20: =COUNTIF(D20:T20,"P") -> 11 | V20: =COUNTIF(D20:S20,"A") -> 0
A21: 17 | B21: Hira Abroo | C21: 7th | D21: p | E21: p | F21: P | H21: P | J21: P | K21: P | L21: P | M21: P | P21: P | Q21: P | R21: A | T21: A | U21: =COUNTIF(D21:T21,"P") -> 10 | V21: =COUNTIF(D21:S21,"A") -> 1 | W21: Absent Days Details
A22: 18 | B22: Irfan Ali | C22: 7th | D22: p | E22: p | F22: A | H22: P | J22: P | K22: P | L22: P | M22: A | P22: P | Q22: A | R22: P | T22: A | U22: =COUNTIF(D22:T22,"P") -> 8 | V22: =COUNTIF(D22:S22,"A") -> 3 | W22: Detail | X22: Boys | Y22: Girls | Z22: Total
A23: 19 | B23: Erum | C23: 7th | D23: p | E23: p | F23: P | H23: P | J23: P | K23: P | L23: P | M23: P | P23: A | Q23: P | R23: P | T23: A | U23: =COUNTIF(D23:T23,"P") -> 10 | V23: =COUNTIF(D23:S23,"A") -> 1 | W23: Due Present days | X23: =29*11 -> 319 | Y23: =17*11 -> 187 | Z23: =X23+Y23 -> 506
A24: 20 | B24: Maheen | C24: 7th | D24: p | E24: p | F24: A | H24: A | J24: P | K24: P | L24: A | M24: P | P24: P | Q24: A | R24: P | T24: A | U24: =COUNTIF(D24:T24,"P") -> 7 | V24: =COUNTIF(D24:S24,"A") -> 4 | W24: Absent days | X24: =X23-X16 -> 71 | Y24: =Y23-Y16 -> 53 | Z24: =X24+Y24 -> 124
A25: 21 | B25: M. Mudasir | C25: 7th | D25: p | E25: p | F25: P | H25: A | J25: P | K25: P | L25: P | M25: P | P25: P | Q25: A | R25: P | T25: A | U25: =COUNTIF(D25:T25,"P") -> 9 | V25: =COUNTIF(D25:S25,"A") -> 2 | W25: % | X25: =X24/X23 -> 0.22257053 | Y25: =Y24/Y23 -> 0.28342246 | Z25: =Z24/Z23 -> 0.24505929
A26: 22 | B26: M. Raza | C26: 7th | D26: p | E26: p | F26: P | H26: P | J26: P | K26: P | L26: P | M26: P | P26: P | Q26: A | R26: P | T26: A | U26: =COUNTIF(D26:T26,"P") -> 10 | V26: =COUNTIF(D26:S26,"A") -> 1
A27: 23 | B27: M. Usman | C27: 7th | D27: p | E27: p | F27: P | H27: P | J27: P | K27: P | L27: P | M27: P | P27: P | Q27: A | R27: P | T27: A | U27: =COUNTIF(D27:T27,"P") -> 10 | V27: =COUNTIF(D27:S27,"A") -> 1
A28: 24 | B28: M. Hassan | C28: 7th | D28: p | E28: p | F28: P | H28: P | J28: P | K28: P | L28: A | M28: P | P28: P | Q28: P | R28: P | T28: A | U28: =COUNTIF(D28:T28,"P") -> 10 | V28: =COUNTIF(D28:S28,"A") -> 1
A29: 25 | B29: M. Mairaj | C29: 7th | D29: p | E29: p | F29: P | H29: P | J29: P | K29: P | L29: P | M29: P | P29: P | Q29: P | R29: P | T29: A | U29: =COUNTIF(D29:T29,"P") -> 11 | V29: =COUNTIF(D29:S29,"A") -> 0
A30: 26 | B30: Mubashir | C30: 7th | D30: p | E30: p | F30: P | H30: P | J30: P | K30: P | L30: P | M30: P | P30: P | Q30: P | R30: P | T30: P | U30: =COUNTIF(D30:T30,"P") -> 12 | V30: =COUNTIF(D30:S30,"A") -> 0
A31: 27 | B31: M. Anwaar | C31: 7th | D31: p | E31: p | F31: P | H31: P | J31: P | K31: P | L31: P | M31: A | P31: P | Q31: A | R31: P | T31: A | U31: =COUNTIF(D31:T31,"P") -> 9 | V31: =COUNTIF(D31:S31,"A") -> 2
A32: 28 | B32: Muskan | C32: 7th | D32: p | E32: p | F32: P | H32: A | J32: A | K32: P | L32: P | M32: P | P32: P | Q32: A | R32: P | T32: A | U32: =COUNTIF(D32:T32,"P") -> 8 | V32: =COUNTIF(D32:S32,"A") -> 3
A33: 29 | B33: Muzammil | C33: 7th | D33: p | E33: p | F33: A | H33: P | J33: A | K33: A | L33: A | M33: A | P33: P | Q33: P | R33: P | T33: A | U33: =COUNTIF(D33:T33,"P") -> 6 | V33: =COUNTIF(D33:S33,"A") -> 5
A34: 30 | B34: Nisar Ali | C34: 7th | D34: p | E34: p | F34: P | H34: A | J34: P | K34: P | L34: P | M34: P | P34: P | Q34: P | R34: P | T34: A | U34: =COUNTIF(D34:T34,"P") -> 10 | V34: =COUNTIF(D34:S34,"A") -> 1
A35: 31 | B35: Rimsha Khatoon | C35: 7th | D35: p | E35: p | F35: A | H35: P | J35: P | K35: P | L35: P | M35: P | P35: P | Q35: A | R35: P | T35: A | U35: =COUNTIF(D35:T35,"P") -> 9 | V35: =COUNTIF(D35:S35,"A") -> 2
A36: 32 | B36: Rizwan Razique | C36: 7th | D36: p | E36: p | F36: P | H36: A | J36: P | K36: P | L36: P | M36: P | P36: P | Q36: P | R36: P | T36: A | U36: =COUNTIF(D36:T36,"P") -> 10 | V36: =COUNTIF(D36:S36,"A") -> 1
A37: 33 | B37: Rizwan Arbab | C37: 7th | D37: p | E37: p | F37: A | H37: A | J37: P | K37: P | L37: P | M37: P | P37: P | Q37: P | R37: P | T37: A | U37: =COUNTIF(D37:T37,"P") -> 9 | V37: =COUNTIF(D37:S37,"A") -> 2
... A50: 46 | B50: Tamara | C50: 7th | D50: p | E50: p | F50: A | H50: A | J50: A | K50: A | L50: A | M50: P | P50: A | Q50: A | R50: A | T50: A | U50: =COUNTIF(D50:T50,"P") -> 3 | V50: =COUNTIF(D50:S50,"A") -> 8

Sheet Class-VIII
A1: Goverment high school (SJCHS)
A2: Monthly Attendence Month of August-2024
A3: S.No | B3: Student Name | C3: Father Name | D3: Class | E3: =TEXT(E4,"ddd") -> Thu | F3: =TEXT(F4,"ddd") -> Fri | G3: =TEXT(G4,"ddd") -> Sat | H3: =TEXT(H4,"ddd") -> Sun | I3: =TEXT(I4,"ddd") -> Mon | J3: =TEXT(J4,"ddd") -> Tue | K3: =TEXT(K4,"ddd") -> Wed | L3: =TEXT(L4,"ddd") -> Thu | ... U3: =TEXT(U4,"ddd") -> Sat | V3: Present | W3: Absent | X3: Year 2024
E4: 45519 | F4: 45520 | G4: 45521 | H4: 45522 | I4: 45523 | J4: 45524 | K4: 45525 | L4: 45526 | M4: 45527 | N4: 45528 | O4: 45529 | P4: 45530 | Q4: 45531 | R4: 45532 | S4: 45533 | T4: 45534 | U4: 45535 | X4: Total days | Y4: =SUM(Y5:Y11) -> 31
A5: 1 | B5: Azra | C5: Muhammad Usman | D5: 8th | E5: P | F5: P | G5: A | H5: SUNDAY - SUNDAY - SUNDAY - SUNDAY | I5: P | J5: SHAH ABDUL LATIF BITHAAI URS | K5: P | L5: P | M5: P | N5: P | O5: SUNDAY - SUNDAY - SUNDAY - SUNDAY | P5: CHEHLUM - CHEHLUM - CHEHLUM | Q5: P | R5: A | S5: P | T5: OFF DUE TO HEAVY RAIN | U5: A | V5: =COUNTIF(E5:U5,"P") -> 9 | W5: =COUNTIF(E5:T5,"A") -> 2 | X5: Working days | Y5: 11
A6: 2 | B6: Bisma | C6: Nisar Ahmed | D6: 8th | E6: P | F6: P | G6: P | I6: P | K6: P | L6: P | M6: P | N6: P | Q6: A | R6: A | S6: P | U6: A | V6: =COUNTIF(E6:U6,"P") -> 9 | W6: =COUNTIF(E6:T6,"A") -> 2 | X6: Sunday | Y6: 4
A7: 3 | B7: Amna | C7: Imran Ali | D7: 8th | E7: P | F7: P | G7: P | I7: P | K7: P | L7: P | M7: P | N7: P | Q7: P | R7: P | S7: P | U7: A | V7: =COUNTIF(E7:U7,"P") -> 11 | W7: =COUNTIF(E7:T7,"A") -> 0 | X7: Summer Vications | Y7: 12
A8: 4 | B8: Hina | C8: Muhammad Ibrahim | D8: 8th | E8: A | F8: P | G8: P | I8: P | K8: P | L8: P | M8: P | N8: P | Q8: P | R8: P | S8: P | U8: A | V8: =COUNTIF(E8:U8,"P") -> 10 | W8: =COUNTIF(E8:T8,"A") -> 1 | X8: URS | Y8: 1
A9: 5 | B9: Iqra | C9: Faiz Muhammad | D9: 8th | E9: A | F9: P | G9: P | I9: P | K9: P | L9: P | M9: P | N9: P | Q9: P | R9: A | S9: P | U9: A | V9: =COUNTIF(E9:U9,"P") -> 9 | W9: =COUNTIF(E9:T9,"A") -> 2 | X9: Mango Day | Y9: 1
A10: 6 | B10: Iqra | C10: Muhammad Usman | D10: 8th | E10: P | F10: P | G10: A | I10: P | K10: P | L10: P | M10: P | N10: P | Q10: P | R10: A | S10: P | U10: A | V10: =COUNTIF(E10:U10,"P") -> 9 | W10: =COUNTIF(E10:T10,"A") -> 2 | X10: Chehlum | Y10: 1
A11: 7 | B11: Kanwal Naz | C11: Zahid Hussain | D11: 8th | E11: P | F11: P | G11: P | I11: P | K11: P | L11: P | M11: P | N11: P | Q11: P | R11: P | S11: P | U11: A | V11: =COUNTIF(E11:U11,"P") -> 11 | W11: =COUNTIF(E11:T11,"A") -> 0 | X11: OFF Due to Heavy Rain | Y11: 1
A12: 8 | B12: Maria | C12: M. Rehman Abbasi | D12: 8th | E12: P | F12: P | G12: P | I12: P | K12: P | L12: P | M12: P | N12: P | Q12: P | R12: A | S12: P | U12: A | V12: =COUNTIF(E12:U12,"P") -> 10 | W12: =COUNTIF(E12:T12,"A") -> 1
A13: 9 | B13: Murk | C13: Rana Bhutto | D13: 8th | E13: P | F13: P | G13: P | I13: P | K13: P | L13: P | M13: P | N13: P | Q13: A | R13: A | S13: P | U13: A | V13: =COUNTIF(E13:U13,"P") -> 9 | W13: =COUNTIF(E13:T13,"A") -> 2 | X13: Present Days Detail
A14: 10 | B14: Noshina | C14: M. Qasim | D14: 8th | E14: A | F14: P | G14: P | I14: A | K14: P | L14: P | M14: P | N14: P | Q14: P | R14: A | S14: P | U14: P | V14: =COUNTIF(E14:U14,"P") -> 9 | W14: =COUNTIF(E14:T14,"A") -> 3 | X14: Detail | Y14: Boys | Z14: Girls | AA14: Total
A15: 11 | B15: Shadab Aziz | C15: Abdul Aziz | D15: 8th | E15: A | F15: P | G15: P | I15: P | K15: P | L15: P | M15: P | N15: P | Q15: P | R15: P | S15: P | U15: A | V15: =COUNTIF(E15:U15,"P") -> 10 | W15: =COUNTIF(E15:T15,"A") -> 1 | X15: Due Present days | Y15: =16*11 -> 176 | Z15: =18*11 -> 198 | AA15: =SUM(Y15:Z15) -> 374
A16: 12 | B16: Shaista | C16: Abdul Wahid | D16: 8th | E16: A | F16: A | G16: A | I16: P | K16: P | L16: P | M16: P | N16: P | Q16: A | R16: A | S16: P | U16: A | V16: =COUNTIF(E16:U16,"P") -> 6 | W16: =COUNTIF(E16:T16,"A") -> 5 | X16: Actual present days | Y16: =SUM(V23:V38) -> 90 | Z16: =SUM(V5:V22) -> 171 | AA16: =Y16+Z16 -> 261
A17: 13 | B17: Shaista Rani | C17: M. Moosa | D17: 8th | E17: A | F17: P | G17: P | I17: P | K17: P | L17: P | M17: P | N17: P | Q17: P | R17: P | S17: P | U17: A | V17: =COUNTIF(E17:U17,"P") -> 10 | W17: =COUNTIF(E17:T17,"A") -> 1 | X17: % | Y17: =Y16/Y15 -> 0.51136364 | Z17: =Z16/Z15 -> 0.86363636 | AA17: =AA16/AA15 -> 0.69786096
A18: 14 | B18: Tasleem Rani | C18: M. Moosa | D18: 8th | E18: A | F18: P | G18: P | I18: P | K18: P | L18: P | M18: P | N18: P | Q18: P | R18: A | S18: P | U18: A | V18: =COUNTIF(E18:U18,"P") -> 9 | W18: =COUNTIF(E18:T18,"A") -> 2
A19: 15 | B19: Zarmina | C19: Gulbahar | D19: 8th | E19: P | F19: P | G19: P | I19: P | K19: P | L19: P | M19: P | N19: P | Q19: A | R19: A | S19: P | U19: A | V19: =COUNTIF(E19:U19,"P") -> 9 | W19: =COUNTIF(E19:T19,"A") -> 2
A20: 16 | B20: Dua | C20: Mukhtiyar | D20: 8th | E20: P | F20: P | G20: P | I20: P | K20: P | L20: P | M20: P | N20: P | Q20: A | R20: P | S20: P | U20: P | V20: =COUNTIF(E20:U20,"P") -> 11 | W20: =COUNTIF(E20:T20,"A") -> 1
A21: 17 | B21: Aliya | C21: Mukhtiyar | D21: 8th | E21: P | F21: P | G21: P | I21: P | K21: P | L21: P | M21: P | N21: P | Q21: A | R21: P | S21: P | U21: P | V21: =COUNTIF(E21:U21,"P") -> 11 | W21: =COUNTIF(E21:T21,"A") -> 1 | X21: Absent Days Details
A22: 18 | B22: Iqra | C22: Awais | D22: 8th | E22: A | F22: P | G22: A | I22: P | K22: P | L22: P | M22: P | N22: P | Q22: P | R22: P | S22: P | U22: A | V22: =COUNTIF(E22:U22,"P") -> 9 | W22: =COUNTIF(E22:T22,"A") -> 2 | X22: Detail | Y22: Boys | Z22: Girls | AA22: Total
A23: 1 | B23: Abdul Salam | C23: Abdul Rehman | D23: 8th | E23: A | F23: P | G23: P | I23: P | K23: P | L23: P | M23: P | N23: P | Q23: A | R23: A | S23: P | U23: A | V23: =COUNTIF(E23:U23,"P") -> 8 | W23: =COUNTIF(E23:T23,"A") -> 3 | X23: Due Present days | Y23: =16*11 -> 176 | Z23: =18*11 -> 198 | AA23: =Y23+Z23 -> 374
A24: 2 | B24: Ameer Ali | C24: Gulbahar Ali | D24: 8th | E24: A | F24: P | G24: P | I24: P | K24: P | L24: P | M24: P | N24: P | Q24: P | R24: A | S24: P | U24: A | V24: =COUNTIF(E24:U24,"P") -> 9 | W24: =COUNTIF(E24:T24,"A") -> 2 | X24: Absent days | Y24: =Y23-Y16 -> 86 | Z24: =Z23-Z16 -> 27 | AA24: =Y24+Z24 -> 113
A25: 3 | B25: Faizan Ali | C25: Sohail Ahmed | D25: 8th | E25: A | F25: P | G25: P | I25: P | K25: P | L25: A | M25: P | N25: P | Q25: P | R25: A | S25: P | U25: A | V25: =COUNTIF(E25:U25,"P") -> 8 | W25: =COUNTIF(E25:T25,"A") -> 3 | X25: % | Y25: =Y24/Y23 -> 0.48863636 | Z25: =Z24/Z23 -> 0.13636364 | AA25: =AA24/AA23 -> 0.30213904
A26: 4 | B26: Ghaibi Khan | C26: Abdul Sattar | D26: 8th | E26: A | F26: P | G26: P | I26: P | K26: P | L26: P | M26: P | N26: P | Q26: A | R26: A | S26: A | U26: A | V26: =COUNTIF(E26:U26,"P") -> 7 | W26: =COUNTIF(E26:T26,"A") -> 4
A27: 5 | B27: Hasnain | C27: Lutufullah | D27: 8th | E27: A | F27: A | G27: A | I27: P | K27: P | L27: A | M27: P | N27: P | Q27: A | R27: A | S27: P | U27: A | V27: =COUNTIF(E27:U27,"P") -> 5 | W27: =COUNTIF(E27:T27,"A") -> 6
A28: 6 | B28: Kabeer Ahmed | C28: Shah M. | D28: 8th | E28: A | F28: A | G28: A | I28: P | K28: P | L28: P | M28: A | N28: P | Q28: A | R28: A | S28: P | U28: A | V28: =COUNTIF(E28:U28,"P") -> 5 | W28: =COUNTIF(E28:T28,"A") -> 6
A29: 7 | B29: M. Ahmed Khalid | C29: Khalid Hussain | D29: 8th | E29: A | F29: A | G29: P | I29: P | K29: P | L29: P | M29: P | N29: P | Q29: A | R29: A | S29: A | U29: A | V29: =COUNTIF(E29:U29,"P") -> 6 | W29: =COUNTIF(E29:T29,"A") -> 5
A30: 8 | B30: Meer Gohnam | C30: Nuzrat Ali | D30: 8th | E30: A | F30: A | G30: A | I30: A | K30: A | L30: A | M30: P | N30: A | Q30: A | R30: A | S30: A | U30: A | V30: =COUNTIF(E30:U30,"P") -> 1 | W30: =COUNTIF(E30:T30,"A") -> 10
A31: 9 | B31: Mohsin Ali | C31: Irshad Ali | D31: 8th | E31: A | F31: P | G31: P | I31: P | K31: P | L31: P | M31: A | N31: P | Q31: A | R31: A | S31: P | U31: A | V31: =COUNTIF(E31:U31,"P") -> 7 | W31: =COUNTIF(E31:T31,"A") -> 4
A32: 10 | B32: Mudasir | C32: Meer Muhammad | D32: 8th | E32: A | F32: A | G32: A | I32: A | K32: A | L32: A | M32: A | N32: A | Q32: A | R32: A | S32: A | U32: A | V32: =COUNTIF(E32:U32,"P") -> 0 | W32: =COUNTIF(E32:T32,"A") -> 11
A33: 11 | B33: Muzakir | C33: Gulzar Ahmed | D33: 8th | E33: P | F33: P | G33: P | I33: P | K33: P | L33: P | M33: P | N33: P | Q33: P | R33: P | S33: P | U33: P | V33: =COUNTIF(E33:U33,"P") -> 12 | W33: =COUNTIF(E33:T33,"A") -> 0
A34: 12 | B34: Shuvan Ali | C34: Gulam Sarwar | D34: 8th | E34: A | F34: A | G34: A | I34: A | K34: A | L34: A | M34: A | N34: A | Q34: A | R34: A | S34: A | U34: A | V34: =COUNTIF(E34:U34,"P") -> 0 | W34: =COUNTIF(E34:T34,"A") -> 11
A35: 13 | B35: Syed Rashid Ali | C35: Mehboob Ali Shah | D35: 8th | E35: A | F35: P | G35: P | I35: P | K35: P | L35: P | M35: A | N35: P | Q35: A | R35: P | S35: P | U35: A | V35: =COUNTIF(E35:U35,"P") -> 8 | W35: =COUNTIF(E35:T35,"A") -> 3
A36: 14 | B36: Shayan Ali | D36: 8th | E36: - | F36: - | G36: - | I36: - | K36: - | L36: P | M36: P | N36: P | Q36: A | R36: A | S36: P | U36: A | V36: =COUNTIF(E36:U36,"P") -> 4 | W36: =COUNTIF(E36:T36,"A") -> 2
A37: 15 | B37: Aliyan | C37: Narejo | D37: 8th | E37: - | F37: - | G37: - | I37: - | K37: - | L37: P | M37: P | N37: P | Q37: P | R37: A | S37: P | U37: A | V37: =COUNTIF(E37:U37,"P") -> 5 | W37: =COUNTIF(E37:T37,"A") -> 1
A38: 16 | B38: Nagma Naz | D38: 8th | E38: - | F38: - | G38: - | I38: - | K38: - | L38: P | M38: P | N38: P | Q38: P | R38: A | S38: P | U38: A | V38: =COUNTIF(E38:U38,"P") -> 5 | W38: =COUNTIF(E38:T38,"A") -> 1

Sheet Class-IX
A1: Goverment high school (SJCHS)
A2: Monthly Attendence Month of August-2024
A3: S.No | B3: Student Name | C3: Father Name | D3: Class | E3: =TEXT(E4,"ddd") -> Thu | F3: =TEXT(F4,"ddd") -> Fri | G3: =TEXT(G4,"ddd") -> Sat | H3: =TEXT(H4,"ddd") -> Sun | I3: =TEXT(I4,"ddd") -> Mon | J3: =TEXT(J4,"ddd") -> Tue | K3: =TEXT(K4,"ddd") -> Wed | L3: =TEXT(L4,"ddd") -> Thu | ... U3: =TEXT(U4,"ddd") -> Sat | V3: Present | W3: Absent | X3: Year 2024
E4: 45519 | F4: 45520 | G4: 45521 | H4: 45522 | I4: 45523 | J4: 45524 | K4: 45525 | L4: 45526 | M4: 45527 | N4: 45528 | O4: 45529 | P4: 45530 | Q4: 45531 | R4: 45532 | S4: 45533 | T4: 45534 | U4: 45535 | X4: Total days | Y4: =SUM(Y5:Y11) -> 31
A5: 1 | B5: Asim | C5: M. Haneef | D5: Nine | E5: P | F5: A | G5: P | H5: SUNDAY - SUNDAY - SUNDAY | I5: P | J5: SHAH ABDUL LATIF BITHAAI URS | K5: P | L5: A | M5: P | N5: P | O5: SUNDAY - SUNDAY - SUNDAY | P5: CHEHLUM - CHEHLUM - CHEHLUM | Q5: P | R5: A | S5: P | T5: OFF DUE TO HEAVY RAIN | V5: =COUNTIF(E5:U5,"P") -> 8 | W5: =COUNTIF(E5:T5,"A") -> 3 | X5: Working days | Y5: 11
A6: 2 | B6: Haseeb ullah | C6: Hafeezullah Abro | D6: Nine | E6: A | F6: A | G6: P | I6: P | K6: P | L6: P | M6: P | N6: P | Q6: A | R6: A | S6: P | V6: =COUNTIF(E6:U6,"P") -> 7 | W6: =COUNTIF(E6:T6,"A") -> 4 | X6: Sunday | Y6: 4
A7: 3 | B7: Moez | C7: Munawar Ali Bhatti | D7: Nine | E7: P | F7: A | G7: A | I7: P | K7: P | L7: P | M7: P | N7: P | Q7: P | R7: A | S7: P | V7: =COUNTIF(E7:U7,"P") -> 8 | W7: =COUNTIF(E7:T7,"A") -> 3 | X7: Summer Vications | Y7: 12
A8: 4 | B8: Mudassir | C8: Gulzar Ahmed | D8: Nine | E8: P | F8: P | G8: P | I8: P | K8: P | L8: P | M8: P | N8: P | Q8: P | R8: P | S8: P | V8: =COUNTIF(E8:U8,"P") -> 11 | W8: =COUNTIF(E8:T8,"A") -> 0 | X8: URS | Y8: 1
A9: 5 | B9: Sarfaraz | C9: Ghulam Sarwar Kaladi | D9: Nine | E9: A | F9: A | G9: A | I9: A | K9: A | L9: A | M9: A | N9: A | Q9: A | R9: A | S9: A | V9: =COUNTIF(E9:U9,"P") -> 0 | W9: =COUNTIF(E9:T9,"A") -> 11 | X9: Mango Day | Y9: 1
A10: 6 | B10: Taha | C10: Nisar Ahmed | D10: Nine | E10: P | F10: P | G10: P | I10: P | K10: P | L10: A | M10: P | N10: P | Q10: A | R10: A | S10: P | V10: =COUNTIF(E10:U10,"P") -> 8 | W10: =COUNTIF(E10:T10,"A") -> 3 | X10: Chehlum | Y10: 1
A11: 7 | B11: Zaheer Ali | C11: Shah Muhammad | D11: Nine | E11: A | F11: A | G11: A | I11: P | K11: P | L11: A | M11: P | N11: P | Q11: P | R11: A | S11: P | V11: =COUNTIF(E11:U11,"P") -> 6 | W11: =COUNTIF(E11:T11,"A") -> 5 | X11: OFF Due to Heavy Rain | Y11: 1
A12: 8 | B12: Nawab Khan | C12: M. Khan | D12: Nine | E12: P | F12: P | G12: P | I12: P | K12: A | L12: A | M12: P | N12: P | Q12: A | R12: A | S12: P | V12: =COUNTIF(E12:U12,"P") -> 7 | W12: =COUNTIF(E12:T12,"A") -> 4
A13: 9 | B13: Meesum Abbas | C13: Waheed ali | D13: Nine | E13: P | F13: P | G13: P | I13: P | K13: A | L13: A | M13: A | N13: P | Q13: P | R13: P | S13: P | V13: =COUNTIF(E13:U13,"P") -> 8 | W13: =COUNTIF(E13:T13,"A") -> 3 | X13: Present Days Detail
A14: 10 | B14: Manzar Hussain | C14: Ghulam Murtaza | D14: Nine | E14: P | F14: P | G14: P | I14: P | K14: A | L14: A | M14: A | N14: P | Q14: P | R14: A | S14: A | V14: =COUNTIF(E14:U14,"P") -> 6 | W14: =COUNTIF(E14:T14,"A") -> 5 | X14: Detail | Y14: Boys | Z14: Girls | AA14: Total
A15: 11 | B15: Haleema | C15: Qalandar Bakhsh | D15: Nine | E15: A | F15: A | G15: A | I15: P | K15: P | L15: P | M15: P | N15: P | Q15: A | R15: A | S15: A | V15: =COUNTIF(E15:U15,"P") -> 5 | W15: =COUNTIF(E15:T15,"A") -> 6 | X15: Due Present days | Y15: =13*11 -> 143 | Z15: =17*11 -> 187 | AA15: =SUM(Y15:Z15) -> 330
A16: 12 | B16: Kinza Tariq | C16: M. Tariq Zafar | D16: Nine | E16: A | F16: A | G16: A | I16: A | K16: A | L16: A | M16: A | N16: A | Q16: A | R16: A | S16: A | V16: =COUNTIF(E16:U16,"P") -> 0 | W16: =COUNTIF(E16:T16,"A") -> 11 | X16: Actual present days | Y16: =SUM(V5:V14)+V32+V33+V34 -> 77 | Z16: =SUM(V15:V31) -> 61 | AA16: =Y16+Z16 -> 138
A17: 13 | B17: Maheen Zulfiqar | C17: Zulfiqar Ali | D17: Nine | E17: A | F17: P | G17: A | I17: P | K17: P | L17: P | M17: P | N17: P | Q17: A | R17: A | S17: P | V17: =COUNTIF(E17:U17,"P") -> 7 | W17: =COUNTIF(E17:T17,"A") -> 4 | X17: % | Y17: =Y16/Y15 -> 0.53846154 | Z17: =Z16/Z15 -> 0.32620321 | AA17: =AA16/AA15 -> 0.41818182
A18: 14 | B18: Maria | C18: Sohail Sarwar Jataoi | D18: Nine | E18: A | F18: A | G18: A | I18: A | K18: A | L18: A | M18: A | N18: A | Q18: A | R18: A | S18: A | V18: =COUNTIF(E18:U18,"P") -> 0 | W18: =COUNTIF(E18:T18,"A") -> 11
A19: 15 | B19: Qandeel Zehra | C19: Waheed Ali | D19: Nine | E19: A | F19: P | G19: P | I19: P | K19: P | L19: P | M19: P | N19: P | Q19: P | R19: P | S19: P | V19: =COUNTIF(E19:U19,"P") -> 10 | W19: =COUNTIF(E19:T19,"A") -> 1
A20: 16 | B20: Sanam | C20: Manzoor Ahmed Memon | D20: Nine | E20: A | F20: A | G20: A | I20: A | K20: A | L20: A | M20: A | N20: A | Q20: A | R20: A | S20: A | V20: =COUNTIF(E20:U20,"P") -> 0 | W20: =COUNTIF(E20:T20,"A") -> 11
A21: 17 | B21: Zainab | C21: Sultan Ahmed | D21: Nine | E21: A | F21: A | G21: P | I21: P | K21: P | L21: P | M21: A | N21: P | Q21: P | R21: P | S21: P | V21: =COUNTIF(E21:U21,"P") -> 8 | W21: =COUNTIF(E21:T21,"A") -> 3 | X21: Absent Days Details
A22: 18 | B22: Asia | C22: M. Khan | D22: Nine | E22: - | F22: - | G22: - | I22: - | K22: - | L22: - | M22: P | N22: P | Q22: A | R22: A | S22: P | V22: =COUNTIF(E22:U22,"P") -> 3 | W22: =COUNTIF(E22:T22,"A") -> 2 | X22: Detail | Y22: Boys | Z22: Girls | AA22: Total
A23: 19 | B23: Tooba | C23: Yasir Ahmed | D23: Nine | E23: - | F23: - | G23: - | I23: - | K23: - | L23: - | M23: P | N23: A | Q23: P | R23: P | S23: P | V23: =COUNTIF(E23:U23,"P") -> 4 | W23: =COUNTIF(E23:T23,"A") -> 1 | X23: Due Present days | Y23: =16*11 -> 176 | Z23: =18*11 -> 198 | AA23: =Y23+Z23 -> 374
A24: 20 | B24: Afsheen | C24: Ubaidullah | D24: Nine | E24: - | F24: - | G24: - | I24: - | K24: - | L24: - | M24: P | N24: P | Q24: P | R24: P | S24: P | V24: =COUNTIF(E24:U24,"P") -> 5 | W24: =COUNTIF(E24:T24,"A") -> 0 | X24: Absent days | Y24: =Y23-Y16 -> 99 | Z24: =Z23-Z16 -> 137 | AA24: =Y24+Z24 -> 236
A25: 21 | B25: Nosheen | C25: Ubaidullah | D25: Nine | E25: - | F25: - | G25: - | I25: - | K25: - | L25: - | M25: P | N25: P | Q25: P | R25: P | S25: A | V25: =COUNTIF(E25:U25,"P") -> 4 | W25: =COUNTIF(E25:T25,"A") -> 1 | X25: % | Y25: =Y24/Y23 -> 0.5625 | Z25: =Z24/Z23 -> 0.69191919 | AA25: =AA24/AA23 -> 0.63101604
A26: 22 | B26: Dua | C26: Ramzan Jamali | D26: Nine | E26: - | F26: - | G26: - | I26: - | K26: - | L26: - | M26: P | N26: P | Q26: A | R26: A | S26: A | V26: =COUNTIF(E26:U26,"P") -> 2 | W26: =COUNTIF(E26:T26,"A") -> 3
A27: 23 | B27: Khair Un Nisa | C27: Syed Qutab Ali Shah | D27: Nine | E27: - | F27: - | G27: - | I27: - | K27: - | L27: - | M27: P | N27: P | Q27: P | R27: P | S27: P | V27: =COUNTIF(E27:U27,"P") -> 5 | W27: =COUNTIF(E27:T27,"A") -> 0
A28: 24 | B28: Maryam | C28: Mukhtiyar | D28: Nine | E28: - | F28: - | G28: - | I28: - | K28: - | L28: - | M28: - | N28: P | Q28: P | R28: A | S28: P | V28: =COUNTIF(E28:U28,"P") -> 3 | W28: =COUNTIF(E28:T28,"A") -> 1
A29: 25 | B29: Salwa | C29: Imran Ahmed | D29: Nine | E29: - | F29: - | G29: - | I29: - | K29: - | L29: - | M29: - | N29: - | Q29: P | R29: A | S29: P | V29: =COUNTIF(E29:U29,"P") -> 2 | W29: =COUNTIF(E29:T29,"A") -> 1
A30: 26 | B30: Madina | C30: Yasir Arfat | D30: Nine | E30: - | F30: - | G30: - | I30: - | K30: - | L30: - | M30: - | N30: - | Q30: P | R30: A | S30: P | V30: =COUNTIF(E30:U30,"P") -> 2 | W30: =COUNTIF(E30:T30,"A") -> 1
A31: 27 | B31: Farasha | C31: Javed Ali | D31: Nine | E31: - | F31: - | G31: - | I31: - | K31: - | L31: - | M31: - | N31: - | Q31: - | R31: - | S31: P | V31: =COUNTIF(E31:U31,"P") -> 1 | W31: =COUNTIF(E31:T31,"A") -> 0
A32: 28 | B32: Noorullah | C32: Abdul Jabbar | D32: Nine | E32: - | F32: - | G32: - | I32: - | K32: - | L32: - | M32: - | N32: - | Q32: P | R32: P | S32: P | V32: =COUNTIF(E32:U32,"P") -> 3 | W32: =COUNTIF(E32:T32,"A") -> 0
A33: 29 | B33: Saif ur Rehman | C33: Imran Ahmed | D33: Nine | E33: - | F33: - | G33: - | I33: - | K33: - | L33: - | M33: - | N33: - | Q33: P | R33: A | S33: P | V33: =COUNTIF(E33:U33,"P") -> 2 | W33: =COUNTIF(E33:T33,"A") -> 1
A34: 30 | B34: Shafique | C34: Rafique Ahmed | D34: Nine | E34: - | F34: - | G34: - | I34: - | K34: - | L34: - | M34: - | N34: - | Q34: P | R34: P | S34: P | V34: =COUNTIF(E34:U34,"P") -> 3 | W34: =COUNTIF(E34:T34,"A") -> 0
