Workbook

Sheet Compile Sheet-November-2024
A4: Class | B4: Total Enrolment & Attendance November-24
B5: Boys | C5: Girls | D5: Total | E5: total working Days | F5: Total working days-Boys | G5: Total working days-Girls | H5: Total working days-All | I5: P-Days Boys | J5: P-Days Girls | K5: P-Days All | L5: Percentage-Girls | M5: Percentage-Boys | N5: Total Percentage | O5: Total average
A6: ECE (ROSE) | B6: 30 | C6: 23 | D6: =SUM(B6:C6) -> 53 | E6: 12 | F6: =B6*E6 -> 360 | G6: =C6*E6 -> 276 | H6: =SUM(F6:G6) -> 636 | I6: ='ECE (ROSE)'!$AN$14 -> 355 | J6: ='ECE (ROSE)'!AO14 -> 268 | K6: =SUM(I6:J6) -> 623 | L6: =J6/G6 -> 0.97101449 | M6: =I6/F6 -> 0.98611111 | N6: =K6/H6 -> 0.97955975 | O6: =AVERAGE(L6:M6) -> 0.9785628
A7: ECE (Daffodils) | B7: 32 | C7: 24 | D7: =SUM(B7:C7) -> 56 | E7: 12 | F7: =B7*E7 -> 384 | G7: =C7*E7 -> 288 | H7: =SUM(F7:G7) -> 672 | I7: ='ECE (Daffodills)'!$AN$14 -> 378 | J7: ='ECE (Daffodills)'!$AO$14 -> 286 | K7: =SUM(I7:J7) -> 664 | L7: =J7/G7 -> 0.99305556 | M7: =I7/F7 -> 0.984375 | N7: =K7/H7 -> 0.98809524 | O7: =AVERAGE(L7:M7) -> 0.98871528
A8: One | B8: 32 | C8: 23 | D8: =SUM(B8:C8) -> 55 | E8: 11 | F8: =B8*E8 -> 352 | G8: =C8*E8 -> 253 | H8: =SUM(F8:G8) -> 605 | I8: ='Class-I'!$AN$14 -> 334 | J8: ='Class-I'!$AO$14 -> 235 | K8: =SUM(I8:J8) -> 569 | L8: =J8/G8 -> 0.92885375 | M8: =I8/F8 -> 0.94886364 | N8: =K8/H8 -> 0.94049587 | O8: =AVERAGE(L8:M8) -> 0.9388587
A9: Two | B9: 24 | C9: 23 | D9: =SUM(B9:C9) -> 47 | E9: 11 | F9: =B9*E9 -> 264 | G9: =C9*E9 -> 253 | H9: =SUM(F9:G9) -> 517 | I9: ='Class-II'!$AN$14 -> 263 | J9: ='Class-II'!$AO$14 -> 252 | K9: =SUM(I9:J9) -> 515 | L9: =J9/G9 -> 0.99604743 | M9: =I9/F9 -> 0.99621212 | N9: =K9/H9 -> 0.99613153 | O9: =AVERAGE(L9:M9) -> 0.99612978
A10: Three | B10: 26 | C10: 23 | D10: =SUM(B10:C10) -> 49 | E10: 11 | F10: =B10*E10 -> 286 | G10: =C10*E10 -> 253 | H10: =SUM(F10:G10) -> 539 | I10: ='Class-III'!$AN$14 -> 275 | J10: ='Class-III'!AO14 -> 247 | K10: =SUM(I10:J10) -> 522 | L10: =J10/G10 -> 0.97628458 | M10: =I10/F10 -> 0.96153846 | N10: =K10/H10 -> 0.96846011 | O10: =AVERAGE(L10:M10) -> 0.96891152
A11: Four | B11: 20 | C11: 32 | D11: =SUM(B11:C11) -> 52 | E11: 10 | F11: =B11*E11 -> 200 | G11: =C11*E11 -> 320 | H11: =SUM(F11:G11) -> 520 | I11: ='Class-IV'!AN14 -> 178 | J11: ='Class-IV'!AO14 -> 305 | K11: =SUM(I11:J11) -> 483 | L11: =J11/G11 -> 0.953125 | M11: =I11/F11 -> 0.89 | N11: =K11/H11 -> 0.92884615 | O11: =AVERAGE(L11:M11) -> 0.9215625
A12: Five | B12: 23 | C12: 23 | D12: =SUM(B12:C12) -> 46 | E12: 10 | F12: =B12*E12 -> 230 | G12: =C12*E12 -> 230 | H12: =SUM(F12:G12) -> 460 | I12: ='Class-V'!AN14 -> 229 | J12: ='Class-V'!AO14 -> 225 | K12: =SUM(I12:J12) -> 454 | L12: =J12/G12 -> 0.97826087 | M12: =I12/F12 -> 0.99565217 | N12: =K12/H12 -> 0.98695652 | O12: =AVERAGE(L12:M12) -> 0.98695652
A13: Six | B13: 16 | C13: 25 | D13: =SUM(B13:C13) -> 41 | E13: 11 | F13: =B13*E13 -> 176 | G13: =C13*E13 -> 275 | H13: =SUM(F13:G13) -> 451 | I13: ='Class-VI'!AN13 -> 175 | J13: ='Class-VI'!AO13 -> 272 | K13: =SUM(I13:J13) -> 447 | L13: =J13/G13 -> 0.98909091 | M13: =I13/F13 -> 0.99431818 | N13: =K13/H13 -> 0.99113082 | O13: =AVERAGE(L13:M13) -> 0.99170455
A14: Seven | B14: 27 | C14: 18 | D14: =SUM(B14:C14) -> 45 | E14: 12 | F14: =B14*E14 -> 324 | G14: =C14*E14 -> 216 | H14: =SUM(F14:G14) -> 540 | I14: ='Class-VII'!AM14 -> 306 | J14: ='Class-VII'!AN14 -> 212 | K14: =SUM(I14:J14) -> 518 | L14: =J14/G14 -> 0.98148148 | M14: =I14/F14 -> 0.94444444 | N14: =K14/H14 -> 0.95925926 | O14: =AVERAGE(L14:M14) -> 0.96296296
A15: Eight | B15: 19 | C15: 22 | D15: =SUM(B15:C15) -> 41 | E15: 10 | F15: =B15*E15 -> 190 | G15: =C15*E15 -> 220 | H15: =SUM(F15:G15) -> 410 | I15: ='Class-VIII'!AN14 -> 176 | J15: ='Class-VIII'!AO14 -> 214 | K15: =SUM(I15:J15) -> 390 | L15: =J15/G15 -> 0.97272727 | M15: =I15/F15 -> 0.92631579 | N15: =K15/H15 -> 0.95121951 | O15: =AVERAGE(L15:M15) -> 0.94952153
A16: Ninth | B16: 16 | C16: 19 | D16: =SUM(B16:C16) -> 35 | E16: 10 | F16: =B16*E16 -> 160 | G16: =C16*E16 -> 190 | H16: =SUM(F16:G16) -> 350 | I16: ='Class-IX'!AN14 -> 140 | J16: ='Class-IX'!AO14 -> 175 | K16: =SUM(I16:J16) -> 315 | L16: =J16/G16 -> 0.92105263 | M16: =I16/F16 -> 0.875 | N16: =K16/H16 -> 0.9 | O16: =AVERAGE(L16:M16) -> 0.89802632
A17: Total | B17: =SUM(B6:B16) -> 265 | C17: =SUM(C6:C16) -> 255 | D17: =SUM(D6:D16) -> 520 | E17: =SUM(E6:E16) -> 120 | F17: =SUM(F6:F16) -> 2926 | G17: =SUM(G6:G16) -> 2774 | H17: =SUM(H6:H16) -> 5700 | I17: =SUM(I6:I16) -> 2809 | ... K17: =SUM(K6:K16) -> 5500 | L17: =J17/G17 -> 0.97007931 | M17: =I17/F17 -> 0.96001367 | N17: =AVERAGE(N6:N16) -> 0.96274134 | O17: =AVERAGE(O6:O16) -> 0.96199204
A18: % | B18: 1 | C18: 1 | D18: 1 | E18: 1 | F18: 1 | G18: 1 | H18: 1 | I18: =I17/F17 -> 0.96001367 | J18: =J17/G17 -> 0.97007931 | K18: =K17/H17 -> 0.96491228 | L18: 0.54 | M18: 0.56 | N18: 0.55 | O18: =AVERAGE(L17:M17) -> 0.96504649

Sheet ECE (ROSE)
A1: Goverment high school (SJCHS)
A2: Monthly Attendence Month of March-2025
A3: S.No | B3: GR | C3: Student Name | D3: Father Name | E3: Class | F3: =TEXT(F4,"ddd") -> Sat | G3: =TEXT(G4,"ddd") -> Sun | H3: =TEXT(H4,"ddd") -> Mon | I3: =TEXT(I4,"ddd") -> Tue | J3: =TEXT(J4,"ddd") -> Wed | K3: =TEXT(K4,"ddd") -> Thu | L3: =TEXT(L4,"ddd") -> Fri | M3: =TEXT(M4,"ddd") -> Sat | ... AJ3: =TEXT(AJ4,"ddd") -> Mon | AK3: Present | AL3: Absent | AM3: Year 2024
F4: 45717 | G4: 45718 | H4: 45719 | I4: 45720 | J4: 45721 | K4: 45722 | L4: 45723 | M4: 45724 | N4: 45725 | O4: 45726 | P4: 45727 | Q4: 45728 | R4: 45729 | S4: 45730 | T4: 45731 | U4: 45732 | V4: 45733 | W4: 45734 | X4: 45735 | Y4: 45736 | Z4: 45737 | AA4: 45738 | AB4: 45739 | AC4: 45740 | AD4: 45741 | AE4: 45742 | AF4: 45743 | AG4: 45744 | AH4: 45745 | AI4: 45746 | AJ4: 45747 | AM4: Total days | AN4: =SUM(AN5:AN8) -> 31
A5: 1 | B5: 112 | C5: Eman | D5: Shahnawaz Khan | E5: ECE | F5: P | G5: SUNDAY - SUNDAY - SUNDAY - SUNDAY - SUNDAY - SUNDAY | H5: P | I5: p | J5: P | K5: P | L5: P | M5: P | N5: SUNDAY - SUNDAY - SUNDAY - SUNDAY - SUNDAY - SUNDAY | O5: P | P5: P | Q5: A | R5: P | S5: p | T5: Examination | AK5: =COUNTIF(F5:AJ5,"P") -> 11 | AL5: =COUNTIF(F5:AJ5,"A") -> 1 | AM5: Working days | AN5: 12
A6: 2 | B6: 135 | C6: Masooma | D6: Faiq Ali | E6: ECE | F6: P | H6: P | I6: p | J6: P | K6: P | L6: P | M6: P | O6: P | P6: P | Q6: P | R6: P | S6: p | AK6: =COUNTIF(F6:AJ6,"P") -> 12 | AL6: =COUNTIF(F6:AJ6,"A") -> 0 | AM6: Sunday | AN6: 2
A7: 3 | B7: 137 | C7: Hafsa Batool | D7: Gul Mohammad Chandio | E7: ECE | F7: P | H7: P | I7: p | J7: P | K7: P | L7: P | M7: P | O7: P | P7: P | Q7: P | R7: P | S7: p | AK7: =COUNTIF(F7:AJ7,"P") -> 12 | AL7: =COUNTIF(F7:AJ7,"A") -> 0 | AM7: Examination | AN7: 17
A8: 4 | B8: 173 | C8: Hoor Fatima | D8: Shahid Ali | E8: ECE | F8: P | H8: P | I8: p | J8: P | K8: P | L8: P | M8: P | O8: P | P8: P | Q8: P | R8: P | S8: p | AK8: =COUNTIF(F8:AJ8,"P") -> 12 | AL8: =COUNTIF(F8:AJ8,"A") -> 0
A9: 5 | B9: 143 | C9: Kinza | D9: Aijaz Ali | E9: ECE | F9: P | H9: P | I9: p | J9: P | K9: P | L9: P | M9: P | O9: P | P9: P | Q9: P | R9: P | S9: p | AK9: =COUNTIF(F9:AJ9,"P") -> 12 | AL9: =COUNTIF(F9:AJ9,"A") -> 0
A10: 6 | B10: 146 | C10: Fatima Ansari | D10: Ayaz Ali Ansari | E10: ECE | F10: P | H10: P | I10: p | J10: P | K10: P | L10: P | M10: P | O10: P | P10: P | Q10: P | R10: P | S10: p | AK10: =COUNTIF(F10:AJ10,"P") -> 12 | AL10: =COUNTIF(F10:AJ10,"A") -> 0
A11: 7 | B11: 148 | C11: Zil-e-Huma | D11: Abdul Qayoom | E11: ECE | F11: P | H11: P | I11: p | J11: P | K11: P | L11: P | M11: P | O11: P | P11: P | Q11: P | R11: P | S11: p | AK11: =COUNTIF(F11:AJ11,"P") -> 12 | AL11: =COUNTIF(F11:AJ11,"A") -> 0 | AM11: Present Days Detail
A12: 8 | B12: 150 | C12: Ayat Fatima | D12: Imran Hussain | E12: ECE | F12: P | H12: P | I12: p | J12: P | K12: P | L12: P | M12: P | O12: P | P12: P | Q12: P | R12: P | S12: p | AK12: =COUNTIF(F12:AJ12,"P") -> 12 | AL12: =COUNTIF(F12:AJ12,"A") -> 0 | AM12: Detail | AN12: Boys | AO12: Girls | AP12: Total
A13: 9 | B13: 151 | C13: Aqsa | D13: Ahsan Ali | E13: ECE | F13: P | H13: P | I13: p | J13: P | K13: P | L13: P | M13: P | O13: P | P13: P | Q13: P | R13: P | S13: p | AK13: =COUNTIF(F13:AJ13,"P") -> 12 | AL13: =COUNTIF(F13:AJ13,"A") -> 0 | AM13: Due Present days | AN13: =30*$AN$5 -> 360 | AO13: =23*$AN$5 -> 276 | AP13: =SUM(AN13:AO13) -> 636
A14: 10 | B14: 160 | C14: Safa | D14: Dil Murad | E14: ECE | F14: P | H14: P | I14: p | J14: P | K14: P | L14: P | M14: P | O14: P | P14: P | Q14: P | R14: P | S14: p | AK14: =COUNTIF(F14:AJ14,"P") -> 12 | AL14: =COUNTIF(F14:AJ14,"A") -> 0 | AM14: Actual present days | AN14: =SUM(AK28:AK57) -> 355 | AO14: =SUM(AK5:AK27) -> 268 | AP14: =AN14+AO14 -> 623
A15: 11 | B15: 161 | C15: Hifza | D15: Zakir Ali | E15: ECE | F15: A | H15: P | I15: p | J15: P | K15: P | L15: P | M15: P | O15: P | P15: P | Q15: P | R15: P | S15: A | AK15: =COUNTIF(F15:AJ15,"P") -> 10 | AL15: =COUNTIF(F15:AJ15,"A") -> 2 | AM15: % | AN15: =AN14/AN13 -> 0.98611111 | AO15: =AO14/AO13 -> 0.97101449 | AP15: =AP14/AP13 -> 0.97955975
A16: 12 | B16: 162 | C16: Zameeran | D16: Babar Ali | E16: ECE | F16: P | H16: P | I16: p | J16: P | K16: P | L16: P | M16: P | O16: P | P16: P | Q16: P | R16: P | S16: P | AK16: =COUNTIF(F16:AJ16,"P") -> 12 | AL16: =COUNTIF(F16:AJ16,"A") -> 0
A17: 13 | B17: 163 | C17: Parwisha | D17: Sarfaraz Ahmed | E17: ECE | F17: P | H17: P | I17: p | J17: P | K17: P | L17: P | M17: P | O17: P | P17: P | Q17: P | R17: P | S17: P | AK17: =COUNTIF(F17:AJ17,"P") -> 12 | AL17: =COUNTIF(F17:AJ17,"A") -> 0
A18: 14 | B18: 166 | C18: Aiza | D18: Irshad-Ul-Haq | E18: ECE | F18: P | H18: P | I18: p | J18: P | K18: P | L18: P | M18: P | O18: P | P18: P | Q18: P | R18: P | S18: P | AK18: =COUNTIF(F18:AJ18,"P") -> 12 | AL18: =COUNTIF(F18:AJ18,"A") -> 0
A19: 15 | B19: 168 | C19: Shazia | D19: Rashid Ali | E19: ECE | F19: P | H19: P | I19: p | J19: P | K19: P | L19: P | M19: P | O19: P | P19: P | Q19: P | R19: P | S19: P | AK19: =COUNTIF(F19:AJ19,"P") -> 12 | AL19: =COUNTIF(F19:AJ19,"A") -> 0 | AM19: Absent Days Details
A20: 16 | B20: 170 | C20: Ume Farwa | D20: Meer Ameer-u-Din | E20: ECE | F20: P | H20: P | I20: p | J20: P | K20: P | L20: P | M20: P | O20: P | P20: P | Q20: P | R20: P | S20: P | AK20: =COUNTIF(F20:AJ20,"P") -> 12 | AL20: =COUNTIF(F20:AJ20,"A") -> 0 | AM20: Detail | AN20: Boys | AO20: Girls | AP20: Total
A21: 17 | B21: 171 | C21: Ume Rubab | D21: Mohsin Ali | E21: ECE | F21: P | H21: P | I21: p | J21: P | K21: P | L21: P | M21: P | O21: L | P21: L | Q21: L | R21: L | S21: P | AK21: =COUNTIF(F21:AJ21,"P") -> 8 | AL21: =COUNTIF(F21:AJ21,"A") -> 0 | AM21: Due Present days | AN21: =30*$AN$5 -> 360 | AO21: =23*$AN$5 -> 276 | AP21: =AN21+AO21 -> 636
A22: 18 | B22: 172 | C22: Khatija | D22: M. Afzal | E22: ECE | F22: P | H22: P | I22: p | J22: P | K22: P | L22: P | M22: P | O22: P | P22: P | Q22: P | R22: P | S22: P | AK22: =COUNTIF(F22:AJ22,"P") -> 12 | AL22: =COUNTIF(F22:AJ22,"A") -> 0 | AM22: Absent days | AN22: =AN21-AN14 -> 5 | AO22: =AO21-AO14 -> 8 | AP22: =AN22+AO22 -> 13
A23: 19 | B23: 180 | C23: Fiza | D23: Ahmed | E23: ECE | F23: P | H23: P | I23: p | J23: P | K23: P | L23: P | M23: P | O23: P | P23: P | Q23: P | R23: P | S23: P | AK23: =COUNTIF(F23:AJ23,"P") -> 12 | AL23: =COUNTIF(F23:AJ23,"A") -> 0 | AM23: % | AN23: =AN22/AN21 -> 0.013888889 | AO23: =AO22/AO21 -> 0.028985507 | AP23: =AP22/AP21 -> 0.020440252
A24: 20 | B24: 181 | C24: Eshaal | D24: M. Fahad | E24: ECE | F24: P | H24: P | I24: p | J24: P | K24: P | L24: P | M24: P | O24: P | P24: P | Q24: P | R24: P | S24: P | AK24: =COUNTIF(F24:AJ24,"P") -> 12 | AL24: =COUNTIF(F24:AJ24,"A") -> 0
A25: 21 | B25: 195 | C25: Rija Batool | D25: Ghulam Mehdi | E25: ECE | F25: P | H25: P | I25: p | J25: P | K25: P | L25: P | M25: P | O25: P | P25: P | Q25: P | R25: P | S25: A | AK25: =COUNTIF(F25:AJ25,"P") -> 11 | AL25: =COUNTIF(F25:AJ25,"A") -> 1
A26: 22 | B26: 183 | C26: Mustirah | D26: Faisal | E26: ECE | F26: P | H26: P | I26: p | J26: P | K26: P | L26: P | M26: P | O26: P | P26: P | Q26: P | R26: P | S26: P | AK26: =COUNTIF(F26:AJ26,"P") -> 12 | AL26: =COUNTIF(F26:AJ26,"A") -> 0
A27: 23 | B27: 170 | C27: Hoorain Noor | D27: Muhammad Akram | E27: ECE | F27: P | H27: P | I27: p | J27: P | K27: P | L27: P | M27: P | O27: P | P27: P | Q27: P | R27: P | S27: P | AK27: =COUNTIF(F27:AJ27,"P") -> 12 | AL27: =COUNTIF(F27:AJ27,"A") -> 0
A28: 1 | B28: 189 | C28: Zakria | D28: Iqramudin | E28: ECE | F28: P | H28: P | I28: p | J28: P | K28: P | L28: P | M28: P | O28: P | P28: P | Q28: P | R28: P | S28: P | AK28: =COUNTIF(F28:AJ28,"P") -> 12 | AL28: =COUNTIF(F28:AJ28,"A") -> 0
A29: 2 | B29: 99 | C29: Rehan Ali | D29: Abdul Rehman | E29: ECE | F29: P | H29: P | I29: p | J29: P | K29: P | L29: P | M29: P | O29: P | P29: P | Q29: P | R29: P | S29: P | AK29: =COUNTIF(F29:AJ29,"P") -> 12 | AL29: =COUNTIF(F29:AJ29,"A") -> 0
A30: 3 | B30: 98 | C30: Dilkash | D30: Faraz Hussain | E30: ECE | F30: P | H30: P | I30: p | J30: P | K30: P | L30: P | M30: P | O30: P | P30: P | Q30: P | R30: P | S30: P | AK30: =COUNTIF(F30:AJ30,"P") -> 12 | AL30: =COUNTIF(F30:AJ30,"A") -> 0 | AN30: 1+AN30
A31: 4 | B31: 136 | C31: Ali | D31: Saddam Hussain | E31: ECE | F31: P | H31: P | I31: p | J31: P | K31: P | L31: A | M31: P | O31: P | P31: P | Q31: P | R31: P | S31: P | AK31: =COUNTIF(F31:AJ31,"P") -> 11 | AL31: =COUNTIF(F31:AJ31,"A") -> 1
A32: 5 | B32: 139 | C32: Mohammad Aliyan | D32: Shabir Ahmed Bhutto | E32: ECE | F32: P | H32: P | I32: p | J32: P | K32: P | L32: P | M32: P | O32: P | P32: P | Q32: P | R32: P | S32: P | AK32: =COUNTIF(F32:AJ32,"P") -> 12 | AL32: =COUNTIF(F32:AJ32,"A") -> 0
A33: 6 | B33: 142 | C33: Muhammad Sahil | D33: Irshad Ali | E33: ECE | F33: P | H33: P | I33: p | J33: P | K33: P | L33: P | M33: P | O33: P | P33: P | Q33: P | R33: P | S33: P | AK33: =COUNTIF(F33:AJ33,"P") -> 12 | AL33: =COUNTIF(F33:AJ33,"A") -> 0
A34: 7 | B34: 144 | C34: Zaryab Sultan | D34: Muhammad Zaman | E34: ECE | F34: P | H34: P | I34: p | J34: P | K34: P | L34: P | M34: P | O34: P | P34: P | Q34: P | R34: P | S34: P | AK34: =COUNTIF(F34:AJ34,"P") -> 12 | AL34: =COUNTIF(F34:AJ34,"A") -> 0
A35: 8 | B35: 145 | C35: M. Ibrahim | D35: Fayaz Ali Ansari | E35: ECE | F35: P | H35: P | I35: p | J35: P | K35: P | L35: P | M35: P | O35: P | P35: P | Q35: P | R35: P | S35: P | AK35: =COUNTIF(F35:AJ35,"P") -> 12 | AL35: =COUNTIF(F35:AJ35,"A") -> 0
A36: 9 | B36: 152 | C36: Muhammad Fawad | D36: Waseem Ahmed Channa | E36: ECE | F36: P | H36: P | I36: p | J36: P | K36: P | L36: P | M36: P | O36: P | P36: P | Q36: P | R36: P | S36: P | AK36: =COUNTIF(F36:AJ36,"P") -> 12 | AL36: =COUNTIF(F36:AJ36,"A") -> 0
A37: 10 | B37: 153 | C37: Muhammad Haris | D37: M. Shareef Niyazi | E37: ECE | F37: P | H37: P | I37: p | J37: P | K37: P | L37: P | M37: P | O37: P | P37: P | Q37: P | R37: P | S37: P | AK37: =COUNTIF(F37:AJ37,"P") -> 12 | AL37: =COUNTIF(F37:AJ37,"A") -> 0
A38: 11 | B38: 154 | C38: Muhammad Ayan | D38: Abdul Ghaffar | E38: ECE | F38: P | H38: P | I38: p | J38: P | K38: P | L38: P | M38: P | O38: P | P38: P | Q38: P | R38: P | S38: P | AK38: =COUNTIF(F38:AJ38,"P") -> 12 | AL38: =COUNTIF(F38:AJ38,"A") -> 0
A39: 12 | B39: 155 | C39: Danish | D39: Ayaz Ali | E39: ECE | F39: P | H39: P | I39: p | J39: P | K39: P | L39: P | M39: P | O39: P | P39: P | Q39: P | R39: P | S39: P | AK39: =COUNTIF(F39:AJ39,"P") -> 12 | AL39: =COUNTIF(F39:AJ39,"A") -> 0
A40: 13 | B40: 156 | C40: Mujahid Ali | D40: Sajjad Ali | E40: ECE | F40: P | H40: A | I40: A | J40: P | K40: P | L40: P | M40: P | O40: P | P40: P | Q40: P | R40: P | S40: P | AK40: =COUNTIF(F40:AJ40,"P") -> 10 | AL40: =COUNTIF(F40:AJ40,"A") -> 2
A41: 14 | B41: 158 | C41: Zawar Ali | D41: Kamran Ali | E41: ECE | F41: P | H41: P | I41: P | J41: P | K41: P | L41: P | M41: P | O41: P | P41: P | Q41: P | R41: P | S41: P | AK41: =COUNTIF(F41:AJ41,"P") -> 12 | AL41: =COUNTIF(F41:AJ41,"A") -> 0
A42: 15 | B42: 159 | C42: Muhammad Rayyan | D42: Ghulam Murtaza | E42: ECE | F42: P | H42: P | I42: P | J42: P | K42: P | L42: P | M42: P | O42: P | P42: P | Q42: P | R42: P | S42: P | AK42: =COUNTIF(F42:AJ42,"P") -> 12 | AL42: =COUNTIF(F42:AJ42,"A") -> 0
... A57: 30 | B57: 191 | C57: Shahbaz Ali | D57: Muhammad Ibrahim | E57: ECE | F57: P | H57: P | I57: P | J57: P | K57: P | L57: P | M57: P | O57: P | P57: P | Q57: P | R57: P | S57: P | AK57: =COUNTIF(F57:AJ57,"P") -> 12 | AL57: =COUNTIF(F57:AJ57,"A") -> 0

Sheet ECE (Daffodills)
A1: Goverment high school (SJCHS)
A2: Monthly Attendence Month of March-2025
A3: S.No | B3: GR | C3: Student Name | D3: Father Name | E3: Class | F3: =TEXT(F4,"ddd") -> Sat | G3: =TEXT(G4,"ddd") -> Sun | H3: =TEXT(H4,"ddd") -> Mon | I3: =TEXT(I4,"ddd") -> Tue | J3: =TEXT(J4,"ddd") -> Wed | K3: =TEXT(K4,"ddd") -> Thu | L3: =TEXT(L4,"ddd") -> Fri | M3: =TEXT(M4,"ddd") -> Sat | ... AJ3: =TEXT(AJ4,"ddd") -> Mon | AK3: Present | AL3: Absent | AM3: Year 2024
F4: 45717 | G4: 45718 | H4: 45719 | I4: 45720 | J4: 45721 | K4: 45722 | L4: 45723 | M4: 45724 | N4: 45725 | O4: 45726 | P4: 45727 | Q4: 45728 | R4: 45729 | S4: 45730 | T4: 45731 | U4: 45732 | V4: 45733 | W4: 45734 | X4: 45735 | Y4: 45736 | Z4: 45737 | AA4: 45738 | AB4: 45739 | AC4: 45740 | AD4: 45741 | AE4: 45742 | AF4: 45743 | AG4: 45744 | AH4: 45745 | AI4: 45746 | AJ4: 45747 | AM4: Total days | AN4: =SUM(AN5:AN8) -> 31
A5: 1 | B5: 106 | C5: Alishba Batool | D5: Irfan Ali | E5: ECE | F5: P | G5: SUNDAY - SUNDAY - SUNDAY - SUNDAY - SUNDAY - SUNDAY | H5: P | I5: P | J5: P | K5: P | L5: P | M5: P | N5: SUNDAY - SUNDAY - SUNDAY - SUNDAY - SUNDAY - SUNDAY | O5: P | P5: P | Q5: P | R5: P | S5: P | T5: Examination | AK5: =COUNTIF(F5:AJ5,"P") -> 12 | AL5: =COUNTIF(F5:AJ5,"A") -> 0 | AM5: Working days | AN5: 12
A6: 2 | B6: 75 | C6: Amna | D6: Imtiaz Hussain | E6: ECE | F6: P | H6: P | I6: P | J6: P | K6: P | L6: P | M6: P | O6: P | P6: P | Q6: P | R6: P | S6: P | AK6: =COUNTIF(F6:AJ6,"P") -> 12 | AL6: =COUNTIF(F6:AJ6,"A") -> 0 | AM6: Sunday | AN6: 2
A7: 3 | B7: 109 | C7: Aniza Memon | D7: M. Qasim | E7: ECE | F7: P | H7: P | I7: P | J7: P | K7: P | L7: P | M7: P | O7: P | P7: P | Q7: P | R7: P | S7: P | AK7: =COUNTIF(F7:AJ7,"P") -> 12 | AL7: =COUNTIF(F7:AJ7,"A") -> 0 | AM7: Examination | AN7: 17
A8: 4 | B8: 49 | C8: Areeba | D8: Altaf Hussain | E8: ECE | F8: P | H8: P | I8: P | J8: P | K8: P | L8: P | M8: P | O8: P | P8: P | Q8: P | R8: P | S8: P | AK8: =COUNTIF(F8:AJ8,"P") -> 12 | AL8: =COUNTIF(F8:AJ8,"A") -> 0
A9: 5 | B9: 104 | C9: Batool | D9: Amjad Ali | E9: ECE | F9: P | H9: P | I9: P | J9: P | K9: P | L9: P | M9: P | O9: P | P9: P | Q9: P | R9: P | S9: P | AK9: =COUNTIF(F9:AJ9,"P") -> 12 | AL9: =COUNTIF(F9:AJ9,"A") -> 0
A10: 6 | B10: 88 | C10: Dua | D10: Khalid Hussain | E10: ECE | F10: P | H10: P | I10: P | J10: P | K10: P | L10: P | M10: P | O10: P | P10: P | Q10: P | R10: P | S10: P | AK10: =COUNTIF(F10:AJ10,"P") -> 12 | AL10: =COUNTIF(F10:AJ10,"A") -> 0
A11: 7 | B11: 59 | C11: Faiza | D11: Liaqat Ali | E11: ECE | F11: P | H11: P | I11: P | J11: P | K11: P | L11: P | M11: P | O11: P | P11: P | Q11: P | R11: P | S11: P | AK11: =COUNTIF(F11:AJ11,"P") -> 12 | AL11: =COUNTIF(F11:AJ11,"A") -> 0 | AM11: Present Days Detail
A12: 8 | B12: 83 | C12: Fatima | D12: Aziz-ur-Rehman | E12: ECE | F12: P | H12: P | I12: P | J12: P | K12: P | L12: P | M12: P | O12: P | P12: P | Q12: P | R12: P | S12: P | AK12: =COUNTIF(F12:AJ12,"P") -> 12 | AL12: =COUNTIF(F12:AJ12,"A") -> 0 | AM12: Detail | AN12: Boys | AO12: Girls | AP12: Total
A13: 9 | B13: 89 | C13: Hafsa | D13: Hafeezullah | E13: ECE | F13: P | H13: P | I13: P | J13: P | K13: P | L13: P | M13: P | O13: P | P13: P | Q13: P | R13: P | S13: P | AK13: =COUNTIF(F13:AJ13,"P") -> 12 | AL13: =COUNTIF(F13:AJ13,"A") -> 0 | AM13: Due Present days | AN13: =32*$AN$5 -> 384 | AO13: =24*$AN$5 -> 288 | AP13: =SUM(AN13:AO13) -> 672
A14: 10 | B14: 86 | C14: Insha Arzoo | D14: Meeral | E14: ECE | F14: P | H14: P | I14: P | J14: P | K14: P | L14: P | M14: P | O14: P | P14: P | Q14: P | R14: P | S14: P | AK14: =COUNTIF(F14:AJ14,"P") -> 12 | AL14: =COUNTIF(F14:AJ14,"A") -> 0 | AM14: Actual present days | AN14: =SUM(AK29:AK60) -> 378 | AO14: =SUM(AK5:AK28) -> 286 | AP14: =AN14+AO14 -> 664
A15: 11 | B15: 105 | C15: Kauser Fatima | D15: Amir Jamil | E15: ECE | F15: P | H15: P | I15: P | J15: P | K15: P | L15: P | M15: P | O15: P | P15: P | Q15: P | R15: P | S15: P | AK15: =COUNTIF(F15:AJ15,"P") -> 12 | AL15: =COUNTIF(F15:AJ15,"A") -> 0 | AM15: % | AN15: =AN14/AN13 -> 0.984375 | AO15: =AO14/AO13 -> 0.99305556 | AP15: =AP14/AP13 -> 0.98809524
A16: 12 | B16: 84 | C16: Mirha | D16: M. Luqman | E16: ECE | F16: P | H16: P | I16: P | J16: P | K16: P | L16: P | M16: P | O16: P | P16: P | Q16: P | R16: P | S16: P | AK16: =COUNTIF(F16:AJ16,"P") -> 12 | AL16: =COUNTIF(F16:AJ16,"A") -> 0
A17: 13 | B17: 85 | C17: Misbah Bhutto | D17: M. Azeem | E17: ECE | F17: P | H17: P | I17: P | J17: P | K17: P | L17: P | M17: P | O17: P | P17: P | Q17: P | R17: P | S17: P | AK17: =COUNTIF(F17:AJ17,"P") -> 12 | AL17: =COUNTIF(F17:AJ17,"A") -> 0
A18: 14 | B18: 102 | C18: Rimsha | D18: Meer Ameer-ud-Din | E18: ECE | F18: P | H18: P | I18: P | J18: P | K18: P | L18: P | M18: P | O18: P | P18: P | Q18: P | R18: P | S18: P | AK18: =COUNTIF(F18:AJ18,"P") -> 12 | AL18: =COUNTIF(F18:AJ18,"A") -> 0
A19: 15 | B19: 87 | C19: Sidra Batool | D19: Muhammad Khan | E19: ECE | F19: P | H19: P | I19: P | J19: P | K19: P | L19: P | M19: P | O19: P | P19: P | Q19: A | R19: A | S19: A | AK19: =COUNTIF(F19:AJ19,"P") -> 9 | AL19: =COUNTIF(F19:AJ19,"A") -> 3 | AM19: Absent Days Details
A20: 16 | B20: 71 | C20: Sidra | D20: Khalid Hussain | E20: ECE | F20: P | H20: P | I20: P | J20: P | K20: P | L20: P | M20: P | O20: P | P20: P | Q20: P | R20: P | S20: P | AK20: =COUNTIF(F20:AJ20,"P") -> 12 | AL20: =COUNTIF(F20:AJ20,"A") -> 0 | AM20: Detail | AN20: Boys | AO20: Girls | AP20: Total
A21: 17 | B21: 81 | C21: Taniya Bibi | D21: Wazir Ali | E21: ECE | F21: A | H21: P | I21: P | J21: P | K21: P | L21: P | M21: P | O21: P | P21: P | Q21: P | R21: P | S21: P | AK21: =COUNTIF(F21:AJ21,"P") -> 11 | AL21: =COUNTIF(F21:AJ21,"A") -> 1 | AM21: Due Present days | AN21: =32*$AN$5 -> 384 | AO21: =24*$AN$5 -> 288 | AP21: =AN21+AO21 -> 672
A22: 18 | B22: 82 | C22: Tanzeela | D22: Hizbullah | E22: ECE | F22: P | H22: P | I22: P | J22: P | K22: P | L22: P | M22: P | O22: P | P22: P | Q22: P | R22: P | S22: P | AK22: =COUNTIF(F22:AJ22,"P") -> 12 | AL22: =COUNTIF(F22:AJ22,"A") -> 0 | AM22: Absent days | AN22: =AN21-AN14 -> 6 | AO22: =AO21-AO14 -> 2 | AP22: =AN22+AO22 -> 8
A23: 19 | B23: 68 | C23: Tayaba Fatima | D23: Waseem Ahmed | E23: ECE | F23: P | H23: P | I23: P | J23: P | K23: P | L23: P | M23: P | O23: P | P23: P | Q23: P | R23: P | S23: P | AK23: =COUNTIF(F23:AJ23,"P") -> 12 | AL23: =COUNTIF(F23:AJ23,"A") -> 0 | AM23: % | AN23: =AN22/AN21 -> 0.015625 | AO23: =AO22/AO21 -> 0.0069444444 | AP23: =AP22/AP21 -> 0.011904762
A24: 20 | B24: 69 | C24: Tooba Noor | D24: M. Shareef | E24: ECE | F24: P | H24: P | I24: P | J24: P | K24: P | L24: P | M24: P | O24: P | P24: P | Q24: P | R24: P | S24: P | AK24: =COUNTIF(F24:AJ24,"P") -> 12 | AL24: =COUNTIF(F24:AJ24,"A") -> 0
A25: 21 | B25: 70 | C25: Umm-e-Kulsoom | D25: Shah Ali | E25: ECE | F25: P | H25: P | I25: P | J25: P | K25: P | L25: P | M25: P | O25: P | P25: P | Q25: P | R25: P | S25: P | AK25: 14 | AL25: =COUNTIF(F25:AJ25,"A") -> 0
A26: 22 | B26: 103 | C26: Zunaira | D26: Amjad Ali | E26: ECE | F26: P | H26: P | I26: P | J26: P | K26: P | L26: P | M26: P | O26: P | P26: P | Q26: P | R26: P | S26: P | AK26: =COUNTIF(F26:AJ26,"P") -> 12 | AL26: =COUNTIF(F26:AJ26,"A") -> 0
A27: 23 | B27: 149 | C27: Sahib Khatoon | D27: A. Qayoom | E27: ECE | F27: P | H27: P | I27: P | J27: P | K27: P | L27: P | M27: P | O27: P | P27: P | Q27: P | R27: P | S27: P | AK27: =COUNTIF(F27:AJ27,"P") -> 12 | AL27: =COUNTIF(F27:AJ27,"A") -> 0
A28: 24 | B28: 169 | C28: Parsa Batool | D28: Imran Ali | E28: ECE | F28: P | H28: P | I28: P | J28: P | K28: P | L28: P | M28: P | O28: P | P28: P | Q28: P | R28: P | S28: P | AK28: =COUNTIF(F28:AJ28,"P") -> 12 | AL28: =COUNTIF(F28:AJ28,"A") -> 0
A29: 1 | B29: 61 | C29: Abrar | D29: Jan Muhammad | E29: ECE | F29: P | H29: P | I29: P | J29: P | K29: P | L29: P | M29: P | O29: P | P29: P | Q29: P | R29: P | S29: P | AK29: =COUNTIF(F29:AJ29,"P") -> 12 | AL29: =COUNTIF(F29:AJ29,"A") -> 0
A30: 2 | B30: 79 | C30: Azan Shafeeque | D30: M. Shafeeque | E30: ECE | F30: P | H30: P | I30: P | J30: P | K30: P | L30: P | M30: P | O30: P | P30: P | Q30: P | R30: P | S30: P | AK30: =COUNTIF(F30:AJ30,"P") -> 12 | AL30: =COUNTIF(F30:AJ30,"A") -> 0
A31: 3 | B31: 16 | C31: Azan Fayaz | D31: Fayaz Hussain | E31: ECE | F31: P | H31: P | I31: P | J31: P | K31: P | L31: P | M31: P | O31: P | P31: P | Q31: P | R31: P | S31: P | AK31: =COUNTIF(F31:AJ31,"P") -> 12 | AL31: =COUNTIF(F31:AJ31,"A") -> 0
A32: 4 | B32: 78 | C32: Adil Ahmed | D32: Faiz Muhammad | E32: ECE | F32: P | H32: A | I32: P | J32: P | K32: P | L32: P | M32: P | O32: P | P32: P | Q32: P | R32: P | S32: P | AK32: =COUNTIF(F32:AJ32,"P") -> 11 | AL32: =COUNTIF(F32:AJ32,"A") -> 1
A33: 5 | B33: 76 | C33: Ab. Qudoos | D33: Sikandar | E33: ECE | F33: P | H33: P | I33: P | J33: P | K33: P | L33: P | M33: P | O33: P | P33: P | Q33: P | R33: P | S33: P | AK33: =COUNTIF(F33:AJ33,"P") -> 12 | AL33: =COUNTIF(F33:AJ33,"A") -> 0
A34: 6 | B34: 95 | C34: Ab. Rehman | D34: M. Aslam | E34: ECE | F34: P | H34: P | I34: P | J34: P | K34: P | L34: P | M34: P | O34: P | P34: P | Q34: P | R34: P | S34: P | AK34: =COUNTIF(F34:AJ34,"P") -> 12 | AL34: =COUNTIF(F34:AJ34,"A") -> 0
A35: 7 | B35: 108 | C35: Arham | D35: Qasim Memon | E35: ECE | F35: P | H35: P | I35: P | J35: P | K35: P | L35: P | M35: P | O35: P | P35: P | Q35: P | R35: P | S35: P | AK35: =COUNTIF(F35:AJ35,"P") -> 12 | AL35: =COUNTIF(F35:AJ35,"A") -> 0
A36: 8 | B36: 131 | C36: Amar Farooque | D36: M. Farooque | E36: ECE | F36: P | H36: P | I36: P | J36: P | K36: P | L36: P | M36: P | O36: P | P36: P | Q36: P | R36: P | S36: P | AK36: =COUNTIF(F36:AJ36,"P") -> 12 | AL36: =COUNTIF(F36:AJ36,"A") -> 0
A37: 9 | B37: 101 | C37: Ashfaque | D37: M. Zubair | E37: ECE | F37: P | H37: P | I37: P | J37: P | K37: P | L37: P | M37: P | O37: P | P37: P | Q37: P | R37: P | S37: P | AK37: =COUNTIF(F37:AJ37,"P") -> 12 | AL37: =COUNTIF(F37:AJ37,"A") -> 0
... A60: 32 | B60: 97 | C60: Faheem | D60: M.Ibrahim | E60: ECE | F60: P | H60: A | I60: P | J60: P | K60: P | L60: P | M60: P | O60: P | P60: P | Q60: P | R60: P | S60: P | AK60: =COUNTIF(F60:AJ60,"P") -> 11 | AL60: =COUNTIF(F60:AJ60,"A") -> 1

Sheet Class-I
A1: Goverment high school (SJCHS)
A2: Monthly Attendence Month of March-2025
A3: S.No | B3: GR | C3: Student Name | D3: Father Name | E3: Class | F3: =TEXT(F4,"ddd") -> Sat | G3: =TEXT(G4,"ddd") -> Sun | H3: =TEXT(H4,"ddd") -> Mon | I3: =TEXT(I4,"ddd") -> Tue | J3: =TEXT(J4,"ddd") -> Wed | K3: =TEXT(K4,"ddd") -> Thu | L3: =TEXT(L4,"ddd") -> Fri | M3: =TEXT(M4,"ddd") -> Sat | ... AJ3: =TEXT(AJ4,"ddd") -> Mon | AK3: Present | AL3: Absent | AM3: Year 2024
F4: 45717 | G4: 45718 | H4: 45719 | I4: 45720 | J4: 45721 | K4: 45722 | L4: 45723 | M4: 45724 | N4: 45725 | O4: 45726 | P4: 45727 | Q4: 45728 | R4: 45729 | S4: 45730 | T4: 45731 | U4: 45732 | V4: 45733 | W4: 45734 | X4: 45735 | Y4: 45736 | Z4: 45737 | AA4: 45738 | AB4: 45739 | AC4: 45740 | AD4: 45741 | AE4: 45742 | AF4: 45743 | AG4: 45744 | AH4: 45745 | AI4: 45746 | AJ4: 45747 | AM4: Total days | AN4: =SUM(AN5:AN8) -> 31
A5: 1 | B5: 815 | C5: Anum | D5: M. Arif | E5: One | F5: P | G5: SUNDAY - SUNDAY - SUNDAY - SUNDAY - SUNDAY - SUNDAY - SUNDAY - SUNDAY - SUNDAY | H5: P | I5: P | J5: p | K5: P | L5: P | M5: P | N5: SUNDAY - SUNDAY - SUNDAY - SUNDAY - SUNDAY - SUNDAY - SUNDAY - SUNDAY - SUNDAY | O5: p | P5: P | Q5: P | R5: P | S5: Examination | AK5: =COUNTIF(F5:AJ5,"P") -> 11 | AL5: =COUNTIF(F5:AJ5,"A") -> 0 | AM5: Working days | AN5: 11
A6: 2 | B6: 819 | C6: Amna | D6: Saeed Ahmed | E6: One | F6: P | H6: P | I6: P | J6: P | K6: P | L6: P | M6: P | O6: p | P6: P | Q6: P | R6: P | AK6: =COUNTIF(F6:AJ6,"P") -> 11 | AL6: =COUNTIF(F6:AJ6,"A") -> 0 | AM6: Sunday | AN6: 2
A7: 3 | B7: 812 | C7: Adeeba | D7: Qurban Ali | E7: One | F7: P | H7: P | I7: P | J7: P | K7: P | L7: P | M7: P | O7: p | P7: P | Q7: P | R7: P | AK7: =COUNTIF(F7:AJ7,"P") -> 11 | AL7: =COUNTIF(F7:AJ7,"A") -> 0 | AM7: Examination | AN7: 18
A8: 4 | B8: 801 | C8: Emaan Noor | D8: Noor Mohammad | E8: One | F8: P | H8: P | I8: P | J8: P | K8: P | L8: P | M8: P | O8: p | P8: P | Q8: P | R8: P | AK8: =COUNTIF(F8:AJ8,"P") -> 11 | AL8: =COUNTIF(F8:AJ8,"A") -> 0
A9: 5 | B9: 828 | C9: Horain | D9: Saeed Ahmed | E9: One | F9: P | H9: P | I9: P | J9: P | K9: P | L9: P | M9: P | O9: p | P9: P | Q9: P | R9: P | AK9: =COUNTIF(F9:AJ9,"P") -> 11 | AL9: =COUNTIF(F9:AJ9,"A") -> 0
A10: 6 | B10: 829 | C10: Hannah | D10: Luqman Ali | E10: One | F10: P | H10: P | I10: P | J10: P | K10: P | L10: P | M10: P | O10: p | P10: P | Q10: P | R10: P | AK10: =COUNTIF(F10:AJ10,"P") -> 11 | AL10: =COUNTIF(F10:AJ10,"A") -> 0
A11: 7 | B11: 814 | C11: Horiya | D11: Siddique | E11: One | F11: P | H11: P | I11: P | J11: P | K11: P | L11: P | M11: P | O11: p | P11: P | Q11: P | R11: P | AK11: =COUNTIF(F11:AJ11,"P") -> 11 | AL11: =COUNTIF(F11:AJ11,"A") -> 0 | AM11: Present Days Detail
A12: 8 | B12: 817 | C12: Hareem Fatima | D12: Deedar Ali | E12: One | F12: P | H12: P | I12: P | J12: P | K12: P | L12: P | M12: P | O12: p | P12: P | Q12: P | R12: P | AK12: =COUNTIF(F12:AJ12,"P") -> 11 | AL12: =COUNTIF(F12:AJ12,"A") -> 0 | AM12: Detail | AN12: Boys | AO12: Girls | AP12: Total
A13: 9 | B13: 807 | C13: Maham Noor | D13: Zaheer Abbas | E13: One | F13: P | H13: P | I13: P | J13: P | K13: P | L13: P | M13: P | O13: p | P13: P | Q13: P | R13: P | AK13: =COUNTIF(F13:AJ13,"P") -> 11 | AL13: =COUNTIF(F13:AJ13,"A") -> 0 | AM13: Due Present days | AN13: =32*$AN$5 -> 352 | AO13: =23*$AN$5 -> 253 | AP13: =SUM(AN13:AO13) -> 605
A14: 10 | B14: 827 | C14: Maria | D14: Mehboob Ali | E14: One | F14: P | H14: P | I14: P | J14: P | K14: P | L14: P | M14: P | O14: p | P14: P | Q14: P | R14: A | AK14: =COUNTIF(F14:AJ14,"P") -> 10 | AL14: =COUNTIF(F14:AJ14,"A") -> 1 | AM14: Actual present days | AN14: =SUM(AK28:AK59) -> 334 | AO14: =SUM(AK5:AK27) -> 235 | AP14: =AN14+AO14 -> 569
A15: 11 | B15: 802 | C15: Mehreen | D15: M. Maroof | E15: One | F15: P | H15: P | I15: P | J15: P | K15: P | L15: P | M15: P | O15: p | P15: P | Q15: P | R15: P | AK15: =COUNTIF(F15:AJ15,"P") -> 11 | AL15: =COUNTIF(F15:AJ15,"A") -> 0 | AM15: % | AN15: =AN14/AN13 -> 0.94886364 | AO15: =AO14/AO13 -> 0.92885375 | AP15: =AP14/AP13 -> 0.94049587
A16: 12 | C16: Mahira | D16: Arbab Ali | E16: One | F16: A | H16: A | I16: A | J16: A | K16: A | L16: P | M16: P | O16: p | P16: P | Q16: P | R16: P | AK16: =COUNTIF(F16:AJ16,"P") -> 6 | AL16: =COUNTIF(F16:AJ16,"A") -> 5
A17: 13 | B17: 836 | C17: Meerab | D17: Yasir Ahmed | E17: One | F17: P | H17: P | I17: P | J17: P | K17: P | L17: P | M17: P | O17: p | P17: P | Q17: P | R17: P | AK17: =COUNTIF(F17:AJ17,"P") -> 11 | AL17: =COUNTIF(F17:AJ17,"A") -> 0
A18: 14 | B18: 835 | C18: Qudsia Zehra | D18: Awaheed Ali | E18: One | F18: P | H18: P | I18: P | J18: P | K18: P | L18: P | M18: P | O18: p | P18: P | Q18: P | R18: P | AK18: =COUNTIF(F18:AJ18,"P") -> 11 | AL18: =COUNTIF(F18:AJ18,"A") -> 0
A19: 15 | C19: Paras | D19: Sadam | E19: One | F19: P | H19: P | I19: P | J19: P | K19: P | L19: P | M19: P | O19: p | P19: P | Q19: P | R19: A | AK19: =COUNTIF(F19:AJ19,"P") -> 10 | AL19: =COUNTIF(F19:AJ19,"A") -> 1 | AM19: Absent Days Details
A20: 16 | B20: 892 | C20: Thamna Batool | D20: Shehzad | E20: One | F20: P | H20: P | I20: P | J20: P | K20: P | L20: P | M20: P | O20: p | P20: P | Q20: P | R20: P | AK20: =COUNTIF(F20:AJ20,"P") -> 11 | AL20: =COUNTIF(F20:AJ20,"A") -> 0 | AM20: Detail | AN20: Boys | AO20: Girls | AP20: Total
A21: 17 | B21: 838 | C21: Tamana Fatima | D21: Shehzad | E21: One | F21: P | H21: P | I21: P | J21: P | K21: P | L21: P | M21: P | O21: p | P21: P | Q21: P | R21: P | AK21: =COUNTIF(F21:AJ21,"P") -> 11 | AL21: =COUNTIF(F21:AJ21,"A") -> 0 | AM21: Due Present days | AN21: =32*$AN$5 -> 352 | AO21: =24*$AN$5 -> 264 | AP21: =AN21+AO21 -> 616
A22: 18 | B22: 808 | C22: Haram | D22: Moien Khan | E22: One | F22: P | H22: P | I22: P | J22: P | K22: P | L22: P | M22: P | O22: p | P22: P | Q22: P | R22: A | AK22: =COUNTIF(F22:AJ22,"P") -> 10 | AL22: =COUNTIF(F22:AJ22,"A") -> 1 | AM22: Absent days | AN22: =AN21-AN14 -> 18 | AO22: =AO21-AO14 -> 29 | AP22: =AN22+AO22 -> 47
A23: 19 | B23: 800 | C23: Ayesha | D23: A. Latif | E23: One | F23: P | H23: P | I23: P | J23: P | K23: P | L23: P | M23: P | O23: p | P23: P | Q23: P | R23: P | AK23: =COUNTIF(F23:AJ23,"P") -> 11 | AL23: =COUNTIF(F23:AJ23,"A") -> 0 | AM23: % | AN23: =AN22/AN21 -> 0.051136364 | AO23: =AO22/AO21 -> 0.10984848 | AP23: =AP22/AP21 -> 0.076298701
A24: 20 | B24: 823 | C24: Zaiba Bakhtawar | D24: Hameed | E24: One | F24: P | H24: P | I24: P | J24: P | K24: P | L24: P | M24: P | O24: p | P24: P | Q24: P | R24: P | AK24: =COUNTIF(F24:AJ24,"P") -> 11 | AL24: =COUNTIF(F24:AJ24,"A") -> 0
A25: 21 | B25: 793 | C25: Zainab | D25: A. Aziz | E25: One | F25: P | H25: P | I25: P | J25: P | K25: P | L25: P | M25: P | O25: p | P25: P | Q25: P | R25: P | AK25: =COUNTIF(F25:AJ25,"P") -> 11 | AL25: =COUNTIF(F25:AJ25,"A") -> 0
A26: 22 | B26: 811 | C26: Zainab | D26: Zulfiqar | E26: One | F26: P | H26: P | I26: P | J26: P | K26: P | L26: P | M26: P | O26: p | P26: P | Q26: P | R26: P | AK26: =COUNTIF(F26:AJ26,"P") -> 11 | AL26: =COUNTIF(F26:AJ26,"A") -> 0
A27: 23 | B27: 822 | C27: Ayat | D27: Mir Muhammad | E27: One | F27: P | H27: A | I27: A | J27: A | K27: A | L27: A | M27: A | O27: A | P27: A | Q27: A | R27: A | AK27: =COUNTIF(F27:AJ27,"P") -> 1 | AL27: =COUNTIF(F27:AJ27,"A") -> 10
A28: 1 | B28: 824 | C28: Arsalan | D28: Zulfiqar | E28: One | F28: P | H28: P | I28: P | J28: P | K28: P | L28: P | M28: P | O28: P | P28: P | Q28: P | R28: P | AK28: =COUNTIF(F28:AJ28,"P") -> 11 | AL28: =COUNTIF(F28:AJ28,"A") -> 0
A29: 2 | B29: 791 | C29: Arsalan | D29: Faheem | E29: One | F29: P | H29: P | I29: P | J29: P | K29: P | L29: P | M29: P | O29: P | P29: P | Q29: P | R29: P | AK29: =COUNTIF(F29:AJ29,"P") -> 11 | AL29: =COUNTIF(F29:AJ29,"A") -> 0
A30: 3 | B30: 809 | C30: Ahmed Nawaz | D30: Ali Nawaz | E30: One | F30: P | H30: P | I30: P | J30: P | K30: P | L30: P | M30: P | O30: P | P30: P | Q30: P | R30: P | AK30: =COUNTIF(F30:AJ30,"P") -> 11 | AL30: =COUNTIF(F30:AJ30,"A") -> 0
A31: 4 | B31: 837 | C31: A. Malik | D31: Sohail | E31: One | F31: P | H31: P | I31: P | J31: P | K31: P | L31: P | M31: P | O31: P | P31: P | Q31: P | R31: P | AK31: =COUNTIF(F31:AJ31,"P") -> 11 | AL31: =COUNTIF(F31:AJ31,"A") -> 0
A32: 5 | B32: 798 | C32: Abdullah | D32: Imtiaz | E32: One | F32: P | H32: P | I32: P | J32: P | K32: P | L32: P | M32: P | O32: P | P32: P | Q32: P | R32: P | AK32: =COUNTIF(F32:AJ32,"P") -> 11 | AL32: =COUNTIF(F32:AJ32,"A") -> 0
A33: 6 | B33: 816 | C33: Aqeel | D33: A. Ghaffar | E33: One | F33: P | H33: P | I33: P | J33: P | K33: P | L33: P | M33: P | O33: P | P33: P | Q33: P | R33: P | AK33: =COUNTIF(F33:AJ33,"P") -> 11 | AL33: =COUNTIF(F33:AJ33,"A") -> 0
A34: 7 | B34: 797 | C34: A. Wasay | D34: Aslam | E34: One | F34: P | H34: P | I34: P | J34: P | K34: P | L34: P | M34: A | O34: A | P34: A | Q34: A | R34: A | AK34: =COUNTIF(F34:AJ34,"P") -> 6 | AL34: =COUNTIF(F34:AJ34,"A") -> 5
A35: 8 | C35: A. Qadir | D35: A. Hammad | E35: One | F35: P | H35: P | I35: P | J35: P | K35: P | L35: P | M35: P | O35: P | P35: A | Q35: A | R35: P | AK35: =COUNTIF(F35:AJ35,"P") -> 9 | AL35: =COUNTIF(F35:AJ35,"A") -> 2
A36: 9 | B36: 795 | C36: Asghar Ali | D36: Akbar Ali | E36: One | F36: P | H36: P | I36: P | J36: P | K36: P | L36: P | M36: P | O36: P | P36: P | Q36: P | R36: P | AK36: =COUNTIF(F36:AJ36,"P") -> 11 | AL36: =COUNTIF(F36:AJ36,"A") -> 0
A37: 10 | B37: 796 | C37: A. Nafay | D37: Irshad ul Haq | E37: One | F37: P | H37: P | I37: P | J37: P | K37: P | L37: P | M37: P | O37: P | P37: P | Q37: P | R37: P | AK37: =COUNTIF(F37:AJ37,"P") -> 11 | AL37: =COUNTIF(F37:AJ37,"A") -> 0
A38: 11 | B38: 821 | C38: Hasaan | D38: Manzoor | E38: One | F38: P | H38: P | I38: P | J38: P | K38: P | L38: P | M38: P | O38: P | P38: P | Q38: P | R38: P | AK38: =COUNTIF(F38:AJ38,"P") -> 11 | AL38: =COUNTIF(F38:AJ38,"A") -> 0
A39: 12 | B39: 776 | C39: Hammad | D39: Rehmatullah | E39: One | F39: P | H39: P | I39: P | J39: P | K39: P | L39: P | M39: P | O39: P | P39: P | Q39: P | R39: P | AK39: =COUNTIF(F39:AJ39,"P") -> 11 | AL39: =COUNTIF(F39:AJ39,"A") -> 0
A40: 13 | B40: 820 | C40: Hammad | D40: Shahid | E40: One | F40: P | H40: P | I40: P | J40: P | K40: P | L40: P | M40: P | O40: P | P40: P | Q40: P | R40: P | AK40: =COUNTIF(F40:AJ40,"P") -> 11 | AL40: =COUNTIF(F40:AJ40,"A") -> 0
A41: 14 | B41: 832 | C41: Hussain | D41: A. Bakar | E41: One | F41: P | H41: P | I41: P | J41: P | K41: P | L41: P | M41: P | O41: P | P41: P | Q41: P | R41: P | AK41: =COUNTIF(F41:AJ41,"P") -> 11 | AL41: =COUNTIF(F41:AJ41,"A") -> 0
A42: 15 | B42: 818 | C42: Haseeb | D42: Saeed | E42: One | F42: P | H42: P | I42: P | J42: P | K42: P | L42: P | M42: P | O42: P | P42: P | Q42: P | R42: P | AK42: =COUNTIF(F42:AJ42,"P") -> 11 | AL42: =COUNTIF(F42:AJ42,"A") -> 0
A43: 16 | C43: Ismail | D43: M. Raheem | E43: One | F43: P | H43: P | I43: P | J43: P | K43: P | L43: P | M43: P | O43: P | P43: P | Q43: P | R43: P | AK43: =COUNTIF(F43:AJ43,"P") -> 11 | AL43: =COUNTIF(F43:AJ43,"A") -> 0
A44: 17 | B44: 825 | C44: M. Salar | D44: Saeed Ahmed | E44: One | F44: P | H44: P | I44: P | J44: P | K44: P | L44: P | M44: P | O44: P | P44: P | Q44: P | R44: P | AK44: =COUNTIF(F44:AJ44,"P") -> 11 | AL44: =COUNTIF(F44:AJ44,"A") -> 0
A45: 18 | B45: 831 | C45: M. Umer | D45: A. Bakar | E45: One | F45: P | H45: P | I45: P | J45: P | K45: P | L45: P | M45: P | O45: P | P45: P | Q45: P | R45: P | AK45: =COUNTIF(F45:AJ45,"P") -> 11 | AL45: =COUNTIF(F45:AJ45,"A") -> 0
A46: 19 | B46: 833 | C46: M. Mashab | D46: Hafizullah | E46: One | F46: P | H46: P | I46: P | J46: P | K46: P | L46: P | M46: P | O46: P | P46: P | Q46: P | R46: P | AK46: =COUNTIF(F46:AJ46,"P") -> 11 | AL46: =COUNTIF(F46:AJ46,"A") -> 0
A47: 20 | B47: 830 | C47: M. Salman | D47: Waheed | E47: One | F47: P | H47: P | I47: P | J47: P | K47: P | L47: P | M47: P | O47: P | P47: P | Q47: P | R47: P | AK47: =COUNTIF(F47:AJ47,"P") -> 11 | AL47: =COUNTIF(F47:AJ47,"A") -> 0
A48: 21 | B48: 813 | C48: M. Mairaj | D48: Sajad | E48: One | F48: P | H48: P | I48: P | J48: P | K48: P | L48: P | M48: P | O48: P | P48: P | Q48: P | R48: P | AK48: =COUNTIF(F48:AJ48,"P") -> 11 | AL48: =COUNTIF(F48:AJ48,"A") -> 0
A49: 22 | C49: M. Talha | D49: Umair | E49: One | F49: P | H49: P | I49: P | J49: P | K49: P | L49: P | M49: P | O49: P | P49: P | Q49: P | R49: P | AK49: =COUNTIF(F49:AJ49,"P") -> 11 | AL49: =COUNTIF(F49:AJ49,"A") -> 0
A50: 23 | B50: 804 | C50: M. Mudasir | D50: Hisbullah | E50: One | F50: P | H50: P | I50: P | J50: P | K50: P | L50: P | M50: P | O50: P | P50: P | Q50: P | R50: P | AK50: =COUNTIF(F50:AJ50,"P") -> 11 | AL50: =COUNTIF(F50:AJ50,"A") -> 0
A51: 24 | B51: 794 | C51: M. Mubashir | D51: Meer Ameer | E51: One | F51: P | H51: P | I51: P | J51: P | K51: P | L51: P | M51: P | O51: P | P51: P | Q51: P | R51: P | AK51: =COUNTIF(F51:AJ51,"P") -> 11 | AL51: =COUNTIF(F51:AJ51,"A") -> 0
A52: 25 | B52: 826 | C52: Muzzamil | D52: Mehboob | E52: One | F52: P | H52: P | I52: P | J52: P | K52: P | L52: P | M52: P | O52: P | P52: P | Q52: P | R52: P | AK52: =COUNTIF(F52:AJ52,"P") -> 11 | AL52: =COUNTIF(F52:AJ52,"A") -> 0
A53: 26 | B53: 803 | C53: Muzammil | D53: Rana Bhutto | E53: One | F53: A | H53: A | I53: A | J53: A | K53: A | L53: A | M53: A | O53: A | P53: A | Q53: A | R53: A | AK53: =COUNTIF(F53:AJ53,"P") -> 0 | AL53: =COUNTIF(F53:AJ53,"A") -> 11
A54: 27 | B54: 810 | C54: M. Taha | D54: Maqsood Ahmed | E54: One | F54: P | H54: P | I54: P | J54: P | K54: P | L54: P | M54: P | O54: P | P54: P | Q54: P | R54: P | AK54: =COUNTIF(F54:AJ54,"P") -> 11 | AL54: =COUNTIF(F54:AJ54,"A") -> 0
A55: 28 | B55: 834 | C55: M. Azaan | D55: Akhtiar | E55: One | F55: P | H55: P | I55: P | J55: P | K55: P | L55: P | M55: P | O55: P | P55: P | Q55: P | R55: P | AK55: =COUNTIF(F55:AJ55,"P") -> 11 | AL55: =COUNTIF(F55:AJ55,"A") -> 0
A56: 29 | B56: 806 | C56: Tanzaib Ali | D56: Shahid Ali | E56: One | F56: P | H56: P | I56: P | J56: P | K56: P | L56: P | M56: P | O56: P | P56: P | Q56: P | R56: P | AK56: =COUNTIF(F56:AJ56,"P") -> 11 | AL56: =COUNTIF(F56:AJ56,"A") -> 0
A57: 30 | B57: 799 | C57: Umer | D57: Amaan | E57: One | F57: P | H57: P | I57: P | J57: P | K57: P | L57: P | M57: P | O57: P | P57: P | Q57: P | R57: P | AK57: =COUNTIF(F57:AJ57,"P") -> 11 | AL57: =COUNTIF(F57:AJ57,"A") -> 0
A58: 31 | B58: 805 | C58: Umer | D58: Imran | E58: One | F58: P | H58: P | I58: P | J58: P | K58: P | L58: P | M58: P | O58: P | P58: P | Q58: P | R58: P | AK58: =COUNTIF(F58:AJ58,"P") -> 11 | AL58: =COUNTIF(F58:AJ58,"A") -> 0
A59: 32 | C59: Zain Ali | D59: Altaf | E59: One | F59: P | H59: P | I59: P | J59: P | K59: P | L59: P | M59: P | O59: P | P59: P | Q59: P | R59: P | AK59: =COUNTIF(F59:AJ59,"P") -> 11 | AL59: =COUNTIF(F59:AJ59,"A") -> 0

Sheet Class-II
A1: Goverment High School (SJCHS)
A2: Monthly Attendence Month of March-2025
A3: S.No | B3: GR | C3: Student Name | D3: Father Name | E3: Class | F3: =TEXT(F4,"ddd") -> Sat | G3: =TEXT(G4,"ddd") -> Sun | H3: =TEXT(H4,"ddd") -> Mon | I3: =TEXT(I4,"ddd") -> Tue | J3: =TEXT(J4,"ddd") -> Wed | K3: =TEXT(K4,"ddd") -> Thu | L3: =TEXT(L4,"ddd") -> Fri | M3: =TEXT(M4,"ddd") -> Sat | ... AJ3: =TEXT(AJ4,"ddd") -> Mon | AK3: Present | AL3: Absent | AM3: Year 2024
F4: 45717 | G4: 45718 | H4: 45719 | I4: 45720 | J4: 45721 | K4: 45722 | L4: 45723 | M4: 45724 | N4: 45725 | O4: 45726 | P4: 45727 | Q4: 45728 | R4: 45729 | S4: 45730 | T4: 45731 | U4: 45732 | V4: 45733 | W4: 45734 | X4: 45735 | Y4: 45736 | Z4: 45737 | AA4: 45738 | AB4: 45739 | AC4: 45740 | AD4: 45741 | AE4: 45742 | AF4: 45743 | AG4: 45744 | AH4: 45745 | AI4: 45746 | AJ4: 45747 | AM4: Total days | AN4: =SUM(AN5:AN8) -> 31
A5: 1 | B5: 772 | C5: Abiha Zehra | D5: Ab. Mateen | E5: Two | F5: P | G5: SUNDAY - SUNDAY - SUNDAY - SUNDAY - SUNDAY - SUNDAY | H5: P | I5: P | J5: P | K5: P | L5: P | M5: P | N5: SUNDAY - SUNDAY - SUNDAY - SUNDAY - SUNDAY - SUNDAY | O5: p | P5: P | Q5: P | R5: P | S5: Examination | AK5: =COUNTIF(F5:AJ5,"P") -> 11 | AL5: =COUNTIF(F5:AJ5,"A") -> 0 | AM5: Working days | AN5: 11
A6: 2 | B6: 673 | C6: Aleena Zia | D6: Khuda Baksh | E6: Two | F6: P | H6: P | I6: P | J6: P | K6: P | L6: P | M6: P | O6: p | P6: P | Q6: P | R6: P | AK6: =COUNTIF(F6:AJ6,"P") -> 11 | AL6: =COUNTIF(F6:AJ6,"A") -> 0 | AM6: Sunday | AN6: 2
A7: 3 | B7: 6523 | C7: Anumta Jamali | D7: Zaheer Abbas | E7: Two | F7: P | H7: P | I7: P | J7: P | K7: P | L7: P | M7: P | O7: p | P7: P | Q7: A | R7: P | AK7: =COUNTIF(F7:AJ7,"P") -> 10 | AL7: =COUNTIF(F7:AJ7,"A") -> 1 | AM7: Examination | AN7: 18
A8: 4 | B8: 665 | C8: Ayat | D8: Faiq Ali | E8: Two | F8: P | H8: P | I8: P | J8: P | K8: P | L8: P | M8: P | O8: p | P8: P | Q8: P | R8: P | AK8: =COUNTIF(F8:AJ8,"P") -> 11 | AL8: =COUNTIF(F8:AJ8,"A") -> 0
A9: 5 | B9: 656 | C9: Ayesha | D9: Ali Muhammad | E9: Two | F9: P | H9: P | I9: P | J9: P | K9: P | L9: P | M9: P | O9: p | P9: P | Q9: P | R9: P | AK9: =COUNTIF(F9:AJ9,"P") -> 11 | AL9: =COUNTIF(F9:AJ9,"A") -> 0
A10: 6 | B10: 910 | C10: Ayesha | D10: Zulfiqar | E10: Two | F10: P | H10: P | I10: P | J10: P | K10: P | L10: P | M10: P | O10: p | P10: P | Q10: P | R10: P | AK10: =COUNTIF(F10:AJ10,"P") -> 11 | AL10: =COUNTIF(F10:AJ10,"A") -> 0
A11: 7 | B11: 679 | C11: Dua | D11: Akbar Ali | E11: Two | F11: P | H11: P | I11: P | J11: P | K11: P | L11: P | M11: P | O11: p | P11: P | Q11: P | R11: P | AK11: =COUNTIF(F11:AJ11,"P") -> 11 | AL11: =COUNTIF(F11:AJ11,"A") -> 0 | AM11: Present Days Detail
A12: 8 | B12: 675 | C12: Fiza | D12: Akbar Ali | E12: Two | F12: P | H12: P | I12: P | J12: P | K12: P | L12: P | M12: P | O12: p | P12: P | Q12: P | R12: P | AK12: =COUNTIF(F12:AJ12,"P") -> 11 | AL12: =COUNTIF(F12:AJ12,"A") -> 0 | AM12: Detail | AN12: Boys | AO12: Girls | AP12: Total
A13: 9 | B13: 774 | C13: Jannat Fatima | D13: Zulfiqar | E13: Two | F13: P | H13: P | I13: P | J13: P | K13: P | L13: P | M13: P | O13: p | P13: P | Q13: P | R13: P | AK13: =COUNTIF(F13:AJ13,"P") -> 11 | AL13: =COUNTIF(F13:AJ13,"A") -> 0 | AM13: Due Present days | AN13: =24*$AN$5 -> 264 | AO13: =23*$AN$5 -> 253 | AP13: =SUM(AN13:AO13) -> 517
A14: 10 | B14: 655 | C14: Kashaf | D14: Abdul Rehman | E14: Two | F14: P | H14: P | I14: P | J14: P | K14: P | L14: P | M14: P | O14: p | P14: P | Q14: P | R14: P | AK14: =COUNTIF(F14:AJ14,"P") -> 11 | AL14: =COUNTIF(F14:AJ14,"A") -> 0 | AM14: Actual present days | AN14: =SUM(AK28:AK51) -> 263 | AO14: =SUM(AK5:AK27) -> 252 | AP14: =AN14+AO14 -> 515
A15: 11 | B15: 653 | C15: Kashish | D15: M. Noman | E15: Two | F15: P | H15: P | I15: P | J15: P | K15: P | L15: P | M15: P | O15: p | P15: P | Q15: P | R15: P | AK15: =COUNTIF(F15:AJ15,"P") -> 11 | AL15: =COUNTIF(F15:AJ15,"A") -> 0 | AM15: % | AN15: =AN14/AN13 -> 0.99621212 | AO15: =AO14/AO13 -> 0.99604743 | AP15: =AP14/AP13 -> 0.99613153
A16: 12 | B16: 657 | C16: Masooma | D16: M. Raheem | E16: Two | F16: P | H16: P | I16: P | J16: P | K16: P | L16: P | M16: P | O16: p | P16: P | Q16: P | R16: P | AK16: =COUNTIF(F16:AJ16,"P") -> 11 | AL16: =COUNTIF(F16:AJ16,"A") -> 0
A17: 13 | B17: 672 | C17: Muneeza | D17: Mir Amirudin | E17: Two | F17: P | H17: P | I17: P | J17: P | K17: P | L17: P | M17: P | O17: p | P17: P | Q17: P | R17: P | AK17: =COUNTIF(F17:AJ17,"P") -> 11 | AL17: =COUNTIF(F17:AJ17,"A") -> 0
A18: 14 | B18: 702 | C18: Nayyara | D18: Khalid Hussain | E18: Two | F18: P | H18: P | I18: P | J18: P | K18: P | L18: P | M18: P | O18: p | P18: P | Q18: P | R18: P | AK18: =COUNTIF(F18:AJ18,"P") -> 11 | AL18: =COUNTIF(F18:AJ18,"A") -> 0
A19: 15 | B19: 659 | C19: Rashida | D19: Sajjad Ahmed | E19: Two | F19: P | H19: P | I19: P | J19: P | K19: P | L19: P | M19: P | O19: p | P19: P | Q19: P | R19: P | AK19: =COUNTIF(F19:AJ19,"P") -> 11 | AL19: =COUNTIF(F19:AJ19,"A") -> 0 | AM19: Absent Days Details
A20: 16 | B20: 661 | C20: Rubab Zahra | D20: Abdul Aziz | E20: Two | F20: P | H20: P | I20: P | J20: P | K20: P | L20: P | M20: P | O20: p | P20: P | Q20: P | R20: P | AK20: =COUNTIF(F20:AJ20,"P") -> 11 | AL20: =COUNTIF(F20:AJ20,"A") -> 0 | AM20: Detail | AN20: Boys | AO20: Girls | AP20: Total
A21: 17 | B21: 522 | C21: Soha Jamali | D21: Sajid Ali | E21: Two | F21: P | H21: P | I21: P | J21: P | K21: P | L21: P | M21: P | O21: p | P21: P | Q21: P | R21: P | AK21: =COUNTIF(F21:AJ21,"P") -> 11 | AL21: =COUNTIF(F21:AJ21,"A") -> 0 | AM21: Due Present days | AN21: =26*$AN$5 -> 286 | AO21: =26*$AN$5 -> 286 | AP21: =AN21+AO21 -> 572
A22: 18 | B22: 654 | C22: Sehar Fatima | D22: Altaf Hussain | E22: Two | F22: P | H22: P | I22: P | J22: P | K22: P | L22: P | M22: P | O22: p | P22: P | Q22: P | R22: P | AK22: =COUNTIF(F22:AJ22,"P") -> 11 | AL22: =COUNTIF(F22:AJ22,"A") -> 0 | AM22: Absent days | AN22: =AN21-AN14 -> 23 | AO22: =AO21-AO14 -> 34 | AP22: =AN22+AO22 -> 57
A23: 19 | B23: 660 | C23: Saba | D23: Asif | E23: Two | F23: P | H23: P | I23: P | J23: P | K23: P | L23: P | M23: P | O23: p | P23: P | Q23: P | R23: P | AK23: =COUNTIF(F23:AJ23,"P") -> 11 | AL23: =COUNTIF(F23:AJ23,"A") -> 0 | AM23: % | AN23: =AN22/AN21 -> 0.08041958 | AO23: =AO22/AO21 -> 0.11888112 | AP23: =AP22/AP21 -> 0.09965035
A24: 20 | B24: 841 | C24: Sehrish | D24: Fida Hussain | E24: Two | F24: P | H24: P | I24: P | J24: P | K24: P | L24: P | M24: P | O24: p | P24: P | Q24: P | R24: P | AK24: =COUNTIF(F24:AJ24,"P") -> 11 | AL24: =COUNTIF(F24:AJ24,"A") -> 0
A25: 21 | B25: 676 | C25: Tahreem Fatima | D25: Khalid Hussain | E25: Two | F25: P | H25: P | I25: P | J25: P | K25: P | L25: P | M25: P | O25: p | P25: P | Q25: P | R25: P | AK25: =COUNTIF(F25:AJ25,"P") -> 11 | AL25: =COUNTIF(F25:AJ25,"A") -> 0
A26: 22 | B26: 658 | C26: Taskeen | D26: Amjad Ali | E26: Two | F26: P | H26: P | I26: P | J26: P | K26: P | L26: P | M26: P | O26: p | P26: P | Q26: P | R26: P | AK26: =COUNTIF(F26:AJ26,"P") -> 11 | AL26: =COUNTIF(F26:AJ26,"A") -> 0
A27: 23 | B27: 785 | C27: Zainab | D27: Sikandar | E27: Two | F27: P | H27: P | I27: P | J27: P | K27: P | L27: P | M27: P | O27: p | P27: P | Q27: P | R27: P | AK27: =COUNTIF(F27:AJ27,"P") -> 11 | AL27: =COUNTIF(F27:AJ27,"A") -> 0
A28: 1 | B28: 784 | C28: Abdul Musawir | D28: M. Ismail | E28: Two | F28: P | H28: P | I28: P | J28: P | K28: P | L28: P | M28: P | O28: p | P28: P | Q28: P | R28: P | AK28: =COUNTIF(F28:AJ28,"P") -> 11 | AL28: =COUNTIF(F28:AJ28,"A") -> 0
A29: 2 | B29: 700 | C29: Abdul Rehman | D29: Sajid Ali | E29: Two | F29: P | H29: P | I29: P | J29: P | K29: P | L29: P | M29: P | O29: p | P29: P | Q29: P | R29: P | AK29: =COUNTIF(F29:AJ29,"P") -> 11 | AL29: =COUNTIF(F29:AJ29,"A") -> 0
A30: 3 | B30: 680 | C30: Abdul Wahab | D30: Abdul Hafeez | E30: Two | F30: P | H30: P | I30: P | J30: P | K30: P | L30: P | M30: P | O30: p | P30: P | Q30: P | R30: P | AK30: =COUNTIF(F30:AJ30,"P") -> 11 | AL30: =COUNTIF(F30:AJ30,"A") -> 0
A31: 4 | B31: 650 | C31: Abdullah | D31: Riazuddin | E31: Two | F31: P | H31: P | I31: P | J31: P | K31: P | L31: P | M31: P | O31: p | P31: P | Q31: P | R31: P | AK31: =COUNTIF(F31:AJ31,"P") -> 11 | AL31: =COUNTIF(F31:AJ31,"A") -> 0
A32: 5 | B32: 911 | C32: Burair Abbas | D32: Azhar Abbas | E32: Two | F32: P | H32: P | I32: P | J32: P | K32: P | L32: P | M32: P | O32: p | P32: P | Q32: P | R32: P | AK32: =COUNTIF(F32:AJ32,"P") -> 11 | AL32: =COUNTIF(F32:AJ32,"A") -> 0
A33: 6 | B33: 683 | C33: Faizan | D33: Lutfullah | E33: Two | F33: P | H33: P | I33: P | J33: P | K33: P | L33: P | M33: P | O33: p | P33: P | Q33: P | R33: P | AK33: =COUNTIF(F33:AJ33,"P") -> 11 | AL33: =COUNTIF(F33:AJ33,"A") -> 0
A34: 7 | B34: 662 | C34: Fayaz | D34: Samano Khan | E34: Two | F34: P | H34: P | I34: P | J34: P | K34: P | L34: P | M34: P | O34: p | P34: P | Q34: P | R34: P | AK34: =COUNTIF(F34:AJ34,"P") -> 11 | AL34: =COUNTIF(F34:AJ34,"A") -> 0
A35: 8 | B35: 681 | C35: Ghulam Abbas | D35: Kamran Ali | E35: Two | F35: P | H35: P | I35: P | J35: P | K35: P | L35: P | M35: P | O35: p | P35: P | Q35: P | R35: P | AK35: =COUNTIF(F35:AJ35,"P") -> 11 | AL35: =COUNTIF(F35:AJ35,"A") -> 0
... A51: 24 | B51: 783 | C51: Zain | D51: Zahid Ali | E51: Two | F51: P | H51: P | I51: P | J51: P | K51: P | L51: P | M51: P | O51: p | P51: P | Q51: P | R51: P | AK51: =COUNTIF(F51:AJ51,"P") -> 11 | AL51: =COUNTIF(F51:AJ51,"A") -> 0

Sheet Class-III
A1: Goverment high school (SJCHS)
A2: Monthly Attendence Month of March-2025
A3: S.No | B3: GR | C3: Student Name | D3: Father Name | E3: Class | F3: =TEXT(F4,"ddd") -> Sat | G3: =TEXT(G4,"ddd") -> Sun | H3: =TEXT(H4,"ddd") -> Mon | I3: =TEXT(I4,"ddd") -> Tue | J3: =TEXT(J4,"ddd") -> Wed | K3: =TEXT(K4,"ddd") -> Thu | L3: =TEXT(L4,"ddd") -> Fri | M3: =TEXT(M4,"ddd") -> Sat | ... AJ3: =TEXT(AJ4,"ddd") -> Mon | AK3: Present | AL3: Absent | AM3: Year 2024
F4: 45717 | G4: 45718 | H4: 45719 | I4: 45720 | J4: 45721 | K4: 45722 | L4: 45723 | M4: 45724 | N4: 45725 | O4: 45726 | P4: 45727 | Q4: 45728 | R4: 45729 | S4: 45730 | T4: 45731 | U4: 45732 | V4: 45733 | W4: 45734 | X4: 45735 | Y4: 45736 | Z4: 45737 | AA4: 45738 | AB4: 45739 | AC4: 45740 | AD4: 45741 | AE4: 45742 | AF4: 45743 | AG4: 45744 | AH4: 45745 | AI4: 45746 | AJ4: 45747 | AM4: Total days | AN4: =SUM(AN5:AN8) -> 31
A5: 1 | B5: 646 | C5: Abbas Ali | D5: Deedar Ali | E5: Three | F5: P | G5: SUNDAY - SUNDAY - SUNDAY - SUNDAY - SUNDAY - SUNDAY | H5: P | I5: P | J5: P | K5: P | L5: p | M5: P | N5: SUNDAY - SUNDAY - SUNDAY - SUNDAY - SUNDAY - SUNDAY | O5: P | P5: P | Q5: P | R5: P | S5: Examination | AK5: =COUNTIF(F5:AJ5,"P") -> 11 | AL5: =COUNTIF(F5:AJ5,"A") -> 0 | AM5: Working days | AN5: 11
A6: 2 | B6: 690 | C6: Abdul Rafay | D6: Noor Ul Haq | E6: Three | F6: P | H6: P | I6: P | J6: P | K6: P | L6: p | M6: P | O6: P | P6: P | Q6: P | R6: P | AK6: =COUNTIF(F6:AJ6,"P") -> 11 | AL6: =COUNTIF(F6:AJ6,"A") -> 0 | AM6: Sunday | AN6: 2
A7: 3 | B7: 684 | C7: Abdul Rahim | D7: Abdul Hafeez | E7: Three | F7: P | H7: P | I7: P | J7: P | K7: P | L7: p | M7: P | O7: P | P7: P | Q7: P | R7: P | AK7: =COUNTIF(F7:AJ7,"P") -> 11 | AL7: =COUNTIF(F7:AJ7,"A") -> 0 | AM7: Examination | AN7: 18
A8: 4 | B8: 551 | C8: Abdullah | D8: Munawar Ali | E8: Three | F8: P | H8: P | I8: P | J8: P | K8: P | L8: p | M8: P | O8: P | P8: P | Q8: P | R8: P | AK8: =COUNTIF(F8:AJ8,"P") -> 11 | AL8: =COUNTIF(F8:AJ8,"A") -> 0
A9: 5 | B9: 490 | C9: Abdul Qudoos | D9: Waheed Ahmed | E9: Three | F9: P | H9: P | I9: P | J9: P | K9: P | L9: P | M9: P | O9: P | P9: P | Q9: P | R9: P | AK9: =COUNTIF(F9:AJ9,"P") -> 11 | AL9: =COUNTIF(F9:AJ9,"A") -> 0
A10: 6 | B10: 647 | C10: Ali Haider | D10: Akber Ali | E10: Three | F10: P | H10: P | I10: P | J10: P | K10: P | L10: P | M10: P | O10: P | P10: P | Q10: P | R10: P | AK10: =COUNTIF(F10:AJ10,"P") -> 11 | AL10: =COUNTIF(F10:AJ10,"A") -> 0
A11: 7 | B11: 908 | C11: Atteeque ur Rehman | D11: Raffique Ahmed | E11: Three | F11: P | H11: P | I11: P | J11: P | K11: P | L11: P | M11: P | O11: P | P11: P | Q11: P | R11: P | AK11: =COUNTIF(F11:AJ11,"P") -> 11 | AL11: =COUNTIF(F11:AJ11,"A") -> 0 | AM11: Present Days Detail
A12: 8 | B12: 585 | C12: Aqib Ali | D12: Abdul Ghaffar | E12: Three | F12: P | H12: P | I12: P | J12: P | K12: P | L12: P | M12: P | O12: P | P12: P | Q12: P | R12: P | AK12: =COUNTIF(F12:AJ12,"P") -> 11 | AL12: =COUNTIF(F12:AJ12,"A") -> 0 | AM12: Detail | AN12: Boys | AO12: Girls | AP12: Total
A13: 9 | B13: 555 | C13: Ayaz Ali | D13: Arbab Ali | E13: Three | F13: P | H13: P | I13: P | J13: P | K13: P | L13: P | M13: P | O13: P | P13: P | Q13: P | R13: P | AK13: =COUNTIF(F13:AJ13,"P") -> 11 | AL13: =COUNTIF(F13:AJ13,"A") -> 0 | AM13: Due Present days | AN13: =26*$AN$5 -> 286 | AO13: =23*$AN$5 -> 253 | AP13: =SUM(AN13:AO13) -> 539
A14: 10 | B14: 691 | C14: Azan | D14: Nisar Ahmed | E14: Three | F14: P | H14: P | I14: P | J14: P | K14: P | L14: P | M14: P | O14: P | P14: P | Q14: P | R14: P | AK14: =COUNTIF(F14:AJ14,"P") -> 11 | AL14: =COUNTIF(F14:AJ14,"A") -> 0 | AM14: Actual present days | AN14: =SUM(AK5:AK30) -> 275 | AO14: =SUM(AK31:AK53) -> 247 | AP14: =AN14+AO14 -> 522
A15: 11 | B15: 13 | C15: Muhammad Essa | D15: Sajid Ali | E15: Three | F15: P | H15: P | I15: P | J15: P | K15: P | L15: P | M15: P | O15: P | P15: P | Q15: P | R15: P | AK15: =COUNTIF(F15:AJ15,"P") -> 11 | AL15: =COUNTIF(F15:AJ15,"A") -> 0 | AM15: % | AN15: =AN14/AN13 -> 0.96153846 | AO15: =AO14/AO13 -> 0.97628458 | AP15: =AP14/AP13 -> 0.96846011
A16: 12 | B16: 528 | C16: Faizan Ahmed | D16: Riaz Ahmed | E16: Three | F16: P | H16: P | I16: P | J16: P | K16: P | L16: P | M16: P | O16: P | P16: A | Q16: P | R16: A | AK16: =COUNTIF(F16:AJ16,"P") -> 9 | AL16: =COUNTIF(F16:AJ16,"A") -> 2
A17: 13 | B17: 689 | C17: Haider Ali | D17: Imran Ali | E17: Three | F17: P | H17: P | I17: P | J17: P | K17: P | L17: P | M17: P | O17: P | P17: P | Q17: P | R17: P | AK17: =COUNTIF(F17:AJ17,"P") -> 11 | AL17: =COUNTIF(F17:AJ17,"A") -> 0
A18: 14 | B18: 648 | C18: Meer Alam | D18: Dil Murad | E18: Three | F18: P | H18: P | I18: P | J18: P | K18: P | L18: P | M18: P | O18: P | P18: P | Q18: P | R18: P | AK18: =COUNTIF(F18:AJ18,"P") -> 11 | AL18: =COUNTIF(F18:AJ18,"A") -> 0
A19: 15 | B19: 578 | C19: M. Ahsan | D19: M. Arif | E19: Three | F19: P | H19: P | I19: P | J19: P | K19: P | L19: P | M19: P | O19: P | P19: P | Q19: P | R19: P | AK19: =COUNTIF(F19:AJ19,"P") -> 11 | AL19: =COUNTIF(F19:AJ19,"A") -> 0 | AM19: Absent Days Details
A20: 16 | B20: 573 | C20: M. Qasim | D20: Mohsin Ali | E20: Three | F20: P | H20: P | I20: P | J20: P | K20: A | L20: L | M20: L | O20: L | P20: L | Q20: L | R20: L | AK20: =COUNTIF(F20:AJ20,"P") -> 4 | AL20: =COUNTIF(F20:AJ20,"A") -> 1 | AM20: Detail | AN20: Boys | AO20: Girls | AP20: Total
A21: 17 | B21: 479 | C21: M. Shayan | D21: Zulfiqar Ali | E21: Three | F21: P | H21: P | I21: P | J21: P | K21: P | L21: P | M21: P | O21: P | P21: P | Q21: P | R21: A | AK21: =COUNTIF(F21:AJ21,"P") -> 10 | AL21: =COUNTIF(F21:AJ21,"A") -> 1 | AM21: Due Present days | AN21: =28*$AN$5 -> 308 | AO21: =24*$AN$5 -> 264 | AP21: =AN21+AO21 -> 572
A22: 18 | B22: 575 | C22: M. Zawiyar | D22: Zulfiqar Ali Mangi | E22: Three | F22: P | H22: P | I22: P | J22: P | K22: P | L22: P | M22: P | O22: P | P22: P | Q22: P | R22: P | AK22: =COUNTIF(F22:AJ22,"P") -> 11 | AL22: =COUNTIF(F22:AJ22,"A") -> 0 | AM22: Absent days | AN22: =AN21-AN14 -> 33 | AO22: =AO21-AO14 -> 17 | AP22: =AN22+AO22 -> 50
A23: 19 | B23: 586 | C23: Muneer Ahmed | D23: Ghous Bux | E23: Three | F23: P | H23: P | I23: P | J23: P | K23: P | L23: P | M23: P | O23: P | P23: P | Q23: P | R23: P | AK23: =COUNTIF(F23:AJ23,"P") -> 11 | AL23: =COUNTIF(F23:AJ23,"A") -> 0 | AM23: % | AN23: =AN22/AN21 -> 0.10714286 | AO23: =AO22/AO21 -> 0.064393939 | AP23: =AP22/AP21 -> 0.087412587
A24: 20 | B24: 580 | C24: Saif Ali | D24: Riaz uddin Qureshi | E24: Three | F24: P | H24: P | I24: P | J24: P | K24: P | L24: P | M24: P | O24: P | P24: P | Q24: P | R24: P | AK24: =COUNTIF(F24:AJ24,"P") -> 11 | AL24: =COUNTIF(F24:AJ24,"A") -> 0
A25: 21 | B25: 583 | C25: Shah Fahad | D25: M. Ibrahim | E25: Three | F25: P | H25: P | I25: P | J25: P | K25: P | L25: P | M25: P | O25: P | P25: P | Q25: P | R25: P | AK25: =COUNTIF(F25:AJ25,"P") -> 11 | AL25: =COUNTIF(F25:AJ25,"A") -> 0
A26: 22 | B26: 480 | C26: Shehbaz Ali | D26: Zaheer Abbas | E26: Three | F26: P | H26: P | I26: P | J26: P | K26: P | L26: P | M26: P | O26: P | P26: P | Q26: P | R26: P | AK26: =COUNTIF(F26:AJ26,"P") -> 11 | AL26: =COUNTIF(F26:AJ26,"A") -> 0
A27: 23 | B27: 576 | C27: Zain Ali | D27: Zaheer Abbas | E27: Three | F27: P | H27: P | I27: P | J27: P | K27: P | L27: P | M27: P | O27: P | P27: P | Q27: P | R27: P | AK27: =COUNTIF(F27:AJ27,"P") -> 11 | AL27: =COUNTIF(F27:AJ27,"A") -> 0
A28: 24 | B28: 685 | C28: Zain Zulfiqar | D28: Zulfiqar Qureshi | E28: Three | F28: P | H28: P | I28: P | J28: P | K28: P | L28: P | M28: P | O28: P | P28: P | Q28: P | R28: P | AK28: =COUNTIF(F28:AJ28,"P") -> 11 | AL28: =COUNTIF(F28:AJ28,"A") -> 0
A29: 25 | B29: 688 | C29: Zeeshan | D29: Muneer Ahmed | E29: Three | F29: P | H29: P | I29: A | J29: P | K29: P | L29: P | M29: P | O29: P | P29: P | Q29: P | R29: P | AK29: =COUNTIF(F29:AJ29,"P") -> 10 | AL29: =COUNTIF(F29:AJ29,"A") -> 1
A30: 26 | B30: 546 | C30: Zeeshan | D30: M. Hussain | E30: Three | F30: P | H30: P | I30: P | J30: P | K30: P | L30: P | M30: P | O30: P | P30: P | Q30: P | R30: P | AK30: =COUNTIF(F30:AJ30,"P") -> 11 | AL30: =COUNTIF(F30:AJ30,"A") -> 0
A31: 1 | B31: 544 | C31: Anjuman | D31: Ab. Ghaffar | E31: Three | F31: P | H31: P | I31: P | J31: P | K31: P | L31: P | M31: P | O31: P | P31: P | Q31: P | R31: P | AK31: =COUNTIF(F31:AJ31,"P") -> 11 | AL31: =COUNTIF(F31:AJ31,"A") -> 0
A32: 2 | B32: 780 | C32: Ayeza | D32: M. Ameen Solangi | E32: Three | F32: P | H32: P | I32: P | J32: P | K32: P | L32: P | M32: P | O32: P | P32: P | Q32: P | R32: P | AK32: =COUNTIF(F32:AJ32,"P") -> 11 | AL32: =COUNTIF(F32:AJ32,"A") -> 0
A33: 3 | B33: 844 | C33: Bushra | D33: Farhan | E33: Three | F33: P | H33: P | I33: P | J33: P | K33: P | L33: P | M33: P | O33: P | P33: P | Q33: P | R33: P | AK33: =COUNTIF(F33:AJ33,"P") -> 11 | AL33: =COUNTIF(F33:AJ33,"A") -> 0
A34: 4 | B34: 569 | C34: Dua Batool | D34: Muneer Ahmed Tahiri | E34: Three | F34: P | H34: P | I34: P | J34: P | K34: P | L34: P | M34: P | O34: P | P34: P | Q34: P | R34: P | AK34: =COUNTIF(F34:AJ34,"P") -> 11 | AL34: =COUNTIF(F34:AJ34,"A") -> 0
A35: 5 | B35: 582 | C35: Fiza | D35: Hamid Ali Siyal | E35: Three | F35: P | H35: P | I35: P | J35: P | K35: P | L35: P | M35: P | O35: P | P35: P | Q35: P | R35: P | AK35: =COUNTIF(F35:AJ35,"P") -> 11 | AL35: =COUNTIF(F35:AJ35,"A") -> 0
... A53: 23 | B53: 572 | C53: Zainab Batool | D53: Mohsin Ali | E53: Three | F53: P | H53: P | I53: P | J53: P | K53: P | L53: L | M53: L | O53: L | P53: L | Q53: L | R53: L | AK53: =COUNTIF(F53:AJ53,"P") -> 5 | AL53: =COUNTIF(F53:AJ53,"A") -> 0

Sheet Class-IV
A1: Goverment high school (SJCHS)
A2: Monthly Attendence Month of March-2025
A3: S.No | C3: Student Name | D3: Father Name | E3: Class | F3: =TEXT(F4,"ddd") -> Sat | G3: =TEXT(G4,"ddd") -> Sun | H3: =TEXT(H4,"ddd") -> Mon | I3: =TEXT(I4,"ddd") -> Tue | J3: =TEXT(J4,"ddd") -> Wed | K3: =TEXT(K4,"ddd") -> Thu | L3: =TEXT(L4,"ddd") -> Fri | M3: =TEXT(M4,"ddd") -> Sat | ... AF3: =TEXT(AF4,"ddd") -> Thu | AG3: Tue | AH3: =TEXT(AH4,"ddd") -> Sat | AI3: =TEXT(AI4,"ddd") -> Sun | AJ3: =TEXT(AJ4,"ddd") -> Mon | AK3: Present | AL3: Absent | AM3: Year 2024
B4: GR | F4: 45717 | G4: 45718 | H4: 45719 | I4: 45720 | J4: 45721 | K4: 45722 | L4: 45723 | M4: 45724 | N4: 45725 | O4: 45726 | P4: 45727 | Q4: 45728 | R4: 45729 | S4: 45730 | T4: 45731 | U4: 45732 | V4: 45733 | W4: 45734 | X4: 45735 | Y4: 45736 | Z4: 45737 | AA4: 45738 | AB4: 45739 | AC4: 45740 | AD4: 45741 | AE4: 45742 | AF4: 45743 | AG4: 45744 | AH4: 45745 | AI4: 45746 | AJ4: 45747 | AM4: Total days | AN4: =SUM(AN5:AN8) -> 31
A5: 1 | B5: 527 | C5: Aqeel Ahmed | D5: Najeebullah | E5: Four | F5: P | G5: SUNDAY - SUNDAY - SUNDAY - SUNDAY - SUNDAY - SUNDAY | H5: P | I5: P | J5: P | K5: P | L5: P | M5: p | N5: SUNDAY - SUNDAY - SUNDAY - SUNDAY - SUNDAY - SUNDAY | O5: P | P5: P | Q5: P | R5: Examination | AK5: =COUNTIF(F5:AJ5,"P") -> 10 | AL5: =COUNTIF(F5:AJ5,"A") -> 0 | AM5: Working days | AN5: 10
A6: 2 | B6: 472 | C6: Alijan | D6: M. Shafique | E6: Four | F6: P | H6: P | I6: P | J6: P | K6: P | L6: P | M6: p | O6: P | P6: P | Q6: P | AK6: =COUNTIF(F6:AJ6,"P") -> 10 | AL6: =COUNTIF(F6:AJ6,"A") -> 0 | AM6: Sunday | AN6: 2
A7: 3 | B7: 549 | C7: Dost M. | D7: M. Usman | E7: Four | F7: P | H7: P | I7: P | J7: P | K7: P | L7: P | M7: p | O7: P | P7: P | Q7: P | AK7: =COUNTIF(F7:AJ7,"P") -> 10 | AL7: =COUNTIF(F7:AJ7,"A") -> 0 | AM7: Examination | AN7: 19
A8: 4 | B8: 405 | C8: Fahad | D8: Riaz | E8: Four | F8: A | H8: A | I8: A | J8: A | K8: A | L8: A | M8: A | O8: A | P8: A | Q8: A | AK8: =COUNTIF(F8:AJ8,"P") -> 0 | AL8: =COUNTIF(F8:AJ8,"A") -> 10
A9: 5 | B9: 593 | C9: Imdad Ali | D9: Hamid Ali | E9: Four | F9: P | H9: P | I9: P | J9: P | K9: P | L9: P | M9: p | O9: P | P9: P | Q9: A | AK9: =COUNTIF(F9:AJ9,"P") -> 9 | AL9: =COUNTIF(F9:AJ9,"A") -> 1
A10: 6 | B10: 548 | C10: M. Suleman | D10: Usman | E10: Four | F10: P | H10: P | I10: P | J10: P | K10: P | L10: P | M10: p | O10: P | P10: P | Q10: P | AK10: =COUNTIF(F10:AJ10,"P") -> 10 | AL10: =COUNTIF(F10:AJ10,"A") -> 0
A11: 7 | B11: 447 | C11: M. Faisal | D11: Abdull Sattar | E11: Four | F11: P | H11: P | I11: P | J11: P | K11: P | L11: P | M11: p | O11: P | P11: P | Q11: P | AK11: =COUNTIF(F11:AJ11,"P") -> 10 | AL11: =COUNTIF(F11:AJ11,"A") -> 0 | AM11: Present Days Detail
A12: 8 | B12: 501 | C12: Muzammil | D12: Deedar Ali | E12: Four | F12: P | H12: P | I12: P | J12: P | K12: P | L12: P | M12: p | O12: P | P12: P | Q12: P | AK12: =COUNTIF(F12:AJ12,"P") -> 10 | AL12: =COUNTIF(F12:AJ12,"A") -> 0 | AM12: Detail | AN12: Boys | AO12: Girls | AP12: Total
A13: 9 | B13: 497 | C13: Tanveer Ahmed | D13: Wazeer Ahmed | E13: Four | F13: P | H13: A | I13: P | J13: P | K13: P | L13: P | M13: p | O13: P | P13: P | Q13: P | AK13: =COUNTIF(F13:AJ13,"P") -> 9 | AL13: =COUNTIF(F13:AJ13,"A") -> 1 | AM13: Due Present days | AN13: =20*$AN$5 -> 200 | AO13: =32*$AN$5 -> 320 | AP13: =SUM(AN13:AO13) -> 520
A14: 10 | B14: 550 | C14: Zain | D14: Zaheer Ahmed | E14: Four | F14: P | H14: P | I14: P | J14: P | K14: P | L14: P | M14: p | O14: P | P14: P | Q14: P | AK14: =COUNTIF(F14:AJ14,"P") -> 10 | AL14: =COUNTIF(F14:AJ14,"A") -> 0 | AM14: Actual present days | AN14: =SUM(AK5:AK24) -> 178 | AO14: =SUM(AK25:AK56) -> 305 | AP14: =AN14+AO14 -> 483
A15: 11 | B15: 433 | C15: Zulfiqar | D15: Nazeer Ali | E15: Four | F15: P | H15: P | I15: P | J15: P | K15: P | L15: P | M15: p | O15: P | P15: P | Q15: P | AK15: =COUNTIF(F15:AJ15,"P") -> 10 | AL15: =COUNTIF(F15:AJ15,"A") -> 0 | AM15: % | AN15: =AN14/AN13 -> 0.89 | AO15: =AO14/AO13 -> 0.953125 | AP15: =AP14/AP13 -> 0.92884615
A16: 12 | B16: 495 | C16: Tasawur Ali | D16: Ahsan Ali | E16: Four | F16: P | H16: P | I16: P | J16: P | K16: P | L16: P | M16: p | O16: P | P16: P | Q16: P | AK16: =COUNTIF(F16:AJ16,"P") -> 10 | AL16: =COUNTIF(F16:AJ16,"A") -> 0
A17: 13 | B17: 595 | C17: Zain-ul-Abdin | D17: Dill Murad | E17: Four | F17: P | H17: P | I17: P | J17: P | K17: P | L17: P | M17: p | O17: P | P17: P | Q17: P | AK17: =COUNTIF(F17:AJ17,"P") -> 10 | AL17: =COUNTIF(F17:AJ17,"A") -> 0
A18: 14 | B18: 497 | C18: Sameer Ali | D18: Gulbahar Ali | E18: Four | F18: P | H18: P | I18: P | J18: P | K18: P | L18: P | M18: p | O18: P | P18: P | Q18: P | AK18: =COUNTIF(F18:AJ18,"P") -> 10 | AL18: =COUNTIF(F18:AJ18,"A") -> 0
A19: 15 | B19: 883 | C19: M. Anees | D19: M. Ramzan | E19: Four | F19: P | H19: P | I19: P | J19: P | K19: P | L19: P | M19: p | O19: P | P19: P | Q19: P | AK19: =COUNTIF(F19:AJ19,"P") -> 10 | AL19: =COUNTIF(F19:AJ19,"A") -> 0 | AM19: Absent Days Details
A20: 16 | B20: 865 | C20: Hamadullah | D20: Abrar Hussain | E20: Four | F20: P | H20: P | I20: P | J20: P | K20: P | L20: P | M20: p | O20: P | P20: P | Q20: P | AK20: =COUNTIF(F20:AJ20,"P") -> 10 | AL20: =COUNTIF(F20:AJ20,"A") -> 0 | AM20: Detail | AN20: Boys | AO20: Girls | AP20: Total
A21: 17 | B21: 779 | C21: M. Hussain | D21: Khawar | E21: Four | F21: P | H21: P | I21: P | J21: P | K21: P | L21: P | M21: p | O21: P | P21: P | Q21: P | AK21: =COUNTIF(F21:AJ21,"P") -> 10 | AL21: =COUNTIF(F21:AJ21,"A") -> 0 | AM21: Due Present days | AN21: =21*$AN$5 -> 210 | AO21: =32*$AN$5 -> 320 | AP21: =AN21+AO21 -> 530
A22: 18 | B22: 848 | C22: Saadullah | D22: Hafeezullah | E22: Four | F22: P | H22: P | I22: P | J22: P | K22: P | L22: P | M22: p | O22: P | P22: P | Q22: P | AK22: =COUNTIF(F22:AJ22,"P") -> 10 | AL22: =COUNTIF(F22:AJ22,"A") -> 0 | AM22: Absent days | AN22: =AN21-AN14 -> 32 | AO22: =AO21-AO14 -> 15 | AP22: =AN22+AO22 -> 47
A23: 19 | B23: 916 | C23: M. Qassam | D23: Imran H. | E23: Four | F23: P | H23: P | I23: P | J23: P | K23: P | L23: P | M23: p | O23: P | P23: P | Q23: P | AK23: =COUNTIF(F23:AJ23,"P") -> 10 | AL23: =COUNTIF(F23:AJ23,"A") -> 0
A24: 20 | B24: 527 | C24: Aliyan | D24: Gulraiz | E24: Four | F24: P | H24: P | I24: P | J24: P | K24: P | L24: P | M24: p | O24: P | P24: P | Q24: P | AK24: . | AL24: =COUNTIF(F24:AJ24,"A") -> 0
A25: 1 | B25: 596 | C25: Areeba | D25: M. Arif | E25: Four | F25: P | H25: A | I25: A | J25: A | K25: A | L25: A | M25: A | O25: A | P25: A | Q25: A | AK25: =COUNTIF(F25:AJ25,"P") -> 1 | AL25: =COUNTIF(F25:AJ25,"A") -> 9
A26: 2 | B26: 544 | C26: Ambreen | D26: Abdul Ghafoor | E26: Four | F26: P | H26: P | I26: P | J26: P | K26: P | L26: P | M26: P | O26: P | P26: P | Q26: P | AK26: =COUNTIF(F26:AJ26,"P") -> 10 | AL26: =COUNTIF(F26:AJ26,"A") -> 0
A27: 3 | B27: 590 | C27: Bakhtawar | D27: Taj Muhammad | E27: Four | F27: P | H27: P | I27: P | J27: P | K27: P | L27: A | M27: P | O27: P | P27: P | Q27: P | AK27: =COUNTIF(F27:AJ27,"P") -> 9 | AL27: =COUNTIF(F27:AJ27,"A") -> 1
A28: 4 | B28: 594 | C28: Bibi Zehra | D28: Liaquat | E28: Four | F28: P | H28: P | I28: P | J28: P | K28: P | L28: P | M28: P | O28: P | P28: P | Q28: P | AK28: =COUNTIF(F28:AJ28,"P") -> 10 | AL28: =COUNTIF(F28:AJ28,"A") -> 0
A29: 5 | B29: 554 | C29: Bushra | D29: Rana | E29: Four | F29: P | H29: P | I29: P | J29: P | K29: P | L29: P | M29: P | O29: P | P29: P | Q29: P | AK29: =COUNTIF(F29:AJ29,"P") -> 10 | AL29: =COUNTIF(F29:AJ29,"A") -> 0
A30: 6 | B30: 494 | C30: Dua | D30: M. Shafique | E30: Four | F30: A | H30: P | I30: P | J30: P | K30: P | L30: P | M30: P | O30: P | P30: P | Q30: P | AK30: =COUNTIF(F30:AJ30,"P") -> 9 | AL30: =COUNTIF(F30:AJ30,"A") -> 1
A31: 7 | B31: 599 | C31: Fatima Gul | D31: Shah Nazwaz | E31: Four | F31: P | H31: P | I31: A | J31: P | K31: P | L31: P | M31: P | O31: P | P31: P | Q31: P | AK31: =COUNTIF(F31:AJ31,"P") -> 9 | AL31: =COUNTIF(F31:AJ31,"A") -> 1
A32: 8 | B32: 694 | C32: Sakina | D32: Rafique | E32: Four | F32: P | H32: P | I32: P | J32: P | K32: P | L32: P | M32: P | O32: P | P32: P | Q32: P | AK32: =COUNTIF(F32:AJ32,"P") -> 10 | AL32: =COUNTIF(F32:AJ32,"A") -> 0
A33: 9 | B33: 506 | C33: Sanober | D33: Sabir Hussain | E33: Four | F33: P | H33: P | I33: P | J33: P | K33: P | L33: P | M33: P | O33: P | P33: P | Q33: P | AK33: =COUNTIF(F33:AJ33,"P") -> 10 | AL33: =COUNTIF(F33:AJ33,"A") -> 0
A34: 10 | B34: 471 | C34: Hiba | D34: Mazeem | E34: Four | F34: P | H34: P | I34: P | J34: P | K34: P | L34: P | M34: P | O34: P | P34: P | Q34: P | AK34: =COUNTIF(F34:AJ34,"P") -> 10 | AL34: =COUNTIF(F34:AJ34,"A") -> 0
A35: 11 | B35: 537 | C35: Isha | D35: Fazal Muhammad | E35: Four | F35: P | H35: P | I35: P | J35: P | K35: P | L35: P | M35: P | O35: P | P35: P | Q35: P | AK35: =COUNTIF(F35:AJ35,"P") -> 10 | AL35: =COUNTIF(F35:AJ35,"A") -> 0
A36: 12 | B36: 698 | C36: Khadija -tul- Kubra | D36: Adnan | E36: Four | F36: P | H36: P | I36: P | J36: P | K36: P | L36: P | M36: P | O36: P | P36: P | Q36: P | AK36: =COUNTIF(F36:AJ36,"P") -> 10 | AL36: =COUNTIF(F36:AJ36,"A") -> 0
... A47: 23 | B47: 699 | C47: Nuzhat | D47: Khalid Hussain | E47: Four | F47: P | H47: P | I47: P | J47: P | K47: P | L47: P | M47: P | O47: P | P47: P | Q47: P | AK47: =COUNTIF(F47:AJ47,"P") -> 10 | AL47: =COUNTIF(F47:AJ47,"A") -> 0
A48: 24 | B48: 638 | C48: Rooba | E48: Four | F48: P | H48: P | I48: P | J48: P | K48: P | L48: P | M48: P | O48: P | P48: P | Q48: P | AK48: =COUNTIF(F48:AJ48,"P") -> 10 | AL48: =COUNTIF(F48:AJ48,"A") -> 0
A49: 25 | B49: 696 | C49: Tahmeena | D49: Gulbahar Ali | E49: Four | F49: P | H49: P | I49: P | J49: P | K49: P | L49: P | M49: P | O49: P | P49: P | Q49: P | AK49: =COUNTIF(F49:AJ49,"P") -> 10 | AL49: =COUNTIF(F49:AJ49,"A") -> 0
A50: 26 | B50: 697 | C50: Zara | D50: Zahid Ali | E50: Four | F50: P | H50: P | I50: P | J50: P | K50: P | L50: P | M50: P | O50: P | P50: P | Q50: P | AK50: =COUNTIF(F50:AJ50,"P") -> 10 | AL50: =COUNTIF(F50:AJ50,"A") -> 0
A51: 27 | B51: 558 | C51: Zoya | D51: Nisar Ahmed | E51: Four | F51: P | H51: P | I51: P | J51: P | K51: P | L51: P | M51: P | O51: P | P51: P | Q51: P | AK51: =COUNTIF(F51:AJ51,"P") -> 10 | AL51: =COUNTIF(F51:AJ51,"A") -> 0
A52: 28 | B52: 612 | C52: Zoya | D52: Ahsan Ali | E52: Four | F52: P | H52: P | I52: P | J52: P | K52: P | L52: P | M52: P | O52: P | P52: P | Q52: P | AK52: =COUNTIF(F52:AJ52,"P") -> 10 | AL52: =COUNTIF(F52:AJ52,"A") -> 0
A53: 29 | B53: 432 | C53: Bisma | D53: Basheer Ahmed | E53: Four | F53: A | H53: P | I53: P | J53: P | K53: P | L53: P | M53: P | O53: P | P53: P | Q53: A | AK53: =COUNTIF(F53:AJ53,"P") -> 8 | AL53: =COUNTIF(F53:AJ53,"A") -> 2
A54: 30 | B54: 592 | C54: Sabeen | D54: Shahid | E54: Four | F54: P | H54: P | I54: P | J54: P | K54: P | L54: P | M54: P | O54: P | P54: P | Q54: P | AK54: =COUNTIF(F54:AJ54,"P") -> 10 | AL54: =COUNTIF(F54:AJ54,"A") -> 0
A55: 31 | C55: Javeria | D55: Jameel Hussain | E55: Four | F55: P | H55: P | I55: P | J55: P | K55: P | L55: P | M55: P | O55: P | P55: P | Q55: P | AK55: =COUNTIF(F55:AJ55,"P") -> 10 | AL55: =COUNTIF(F55:AJ55,"A") -> 0
A56: 32 | C56: Nisa Fatima | D56: Liaquat Ali | E56: Four | F56: P | H56: P | I56: P | J56: P | K56: P | L56: P | M56: P | O56: P | P56: P | Q56: P | AK56: =COUNTIF(F56:AJ56,"P") -> 10 | AL56: =COUNTIF(F56:AJ56,"A") -> 0

Sheet Class-V
A1: Goverment high school (SJCHS)
A2: Monthly Attendence Month of March-2025
A3: S.No | B3: GR | C3: Student Name | D3: Father Name | E3: Class | F3: =TEXT(F4,"ddd") -> Sat | G3: =TEXT(G4,"ddd") -> Sun | H3: =TEXT(H4,"ddd") -> Mon | I3: =TEXT(I4,"ddd") -> Tue | J3: =TEXT(J4,"ddd") -> Wed | K3: =TEXT(K4,"ddd") -> Thu | L3: =TEXT(L4,"ddd") -> Fri | M3: =TEXT(M4,"ddd") -> Sat | ... AJ3: =TEXT(AJ4,"ddd") -> Mon | AK3: Present | AL3: Absent | AM3: Year 2024
F4: 45717 | G4: 45718 | H4: 45719 | I4: 45720 | J4: 45721 | K4: 45722 | L4: 45723 | M4: 45724 | N4: 45725 | O4: 45726 | P4: 45727 | Q4: 45728 | R4: 45729 | S4: 45730 | T4: 45731 | U4: 45732 | V4: 45733 | W4: 45734 | X4: 45735 | Y4: 45736 | Z4: 45737 | AA4: 45738 | AB4: 45739 | AC4: 45740 | AD4: 45741 | AE4: 45742 | AF4: 45743 | AG4: 45744 | AH4: 45745 | AI4: 45746 | AJ4: 45747 | AM4: Total days | AN4: =SUM(AN5:AN8) -> 31
A5: 1 | B5: 605 | C5: Abdul Fatah | D5: Manzoor Ahmed | E5: Five | F5: P | G5: SUNDAY - SUNDAY - SUNDAY - SUNDAY - SUNDAY | H5: P | I5: P | J5: P | K5: P | L5: P | M5: P | N5: SUNDAY - SUNDAY - SUNDAY - SUNDAY - SUNDAY | O5: P | P5: P | Q5: P | R5: Examination | AK5: =COUNTIF(F5:AJ5,"P") -> 10 | AL5: =COUNTIF(F5:AJ5,"A") -> 0 | AM5: Working days | AN5: 10
A6: 2 | B6: 609 | C6: Abdul Qayoom | D6: Waheed Ahmed | E6: Five | F6: P | H6: P | I6: P | J6: P | K6: P | L6: P | M6: P | O6: P | P6: P | Q6: P | AK6: =COUNTIF(F6:AJ6,"P") -> 10 | AL6: =COUNTIF(F6:AJ6,"A") -> 0 | AM6: Sunday | AN6: 2
A7: 3 | B7: 757 | C7: Ahmed Ali | D7: Nasrullah | E7: Five | F7: P | H7: P | I7: P | J7: P | K7: P | L7: P | M7: P | O7: P | P7: P | Q7: P | AK7: =COUNTIF(F7:AJ7,"P") -> 10 | AL7: =COUNTIF(F7:AJ7,"A") -> 0 | AM7: Examination | AN7: 19
A8: 4 | B8: 604 | C8: Ahsan Raza | D8: Meeral | E8: Five | F8: P | H8: P | I8: P | J8: P | K8: P | L8: P | M8: P | O8: P | P8: P | Q8: P | AK8: =COUNTIF(F8:AJ8,"P") -> 10 | AL8: =COUNTIF(F8:AJ8,"A") -> 0
A9: 5 | B9: 464 | C9: Ayan Ali | D9: Mehboob Ali | E9: Five | F9: P | H9: P | I9: P | J9: P | K9: P | L9: P | M9: P | O9: P | P9: P | Q9: P | AK9: =COUNTIF(F9:AJ9,"P") -> 10 | AL9: =COUNTIF(F9:AJ9,"A") -> 0
A10: 6 | B10: 601 | C10: Ghulam Muhammad | D10: Parvaiz Ahmed | E10: Five | F10: P | H10: P | I10: P | J10: P | K10: P | L10: P | M10: P | O10: P | P10: P | Q10: P | AK10: =COUNTIF(F10:AJ10,"P") -> 10 | AL10: =COUNTIF(F10:AJ10,"A") -> 0
A11: 7 | B11: 494 | C11: Masab Ali | D11: Ahsan Ali | E11: Five | F11: P | H11: P | I11: P | J11: P | K11: P | L11: P | M11: P | O11: P | P11: P | Q11: P | AK11: =COUNTIF(F11:AJ11,"P") -> 10 | AL11: =COUNTIF(F11:AJ11,"A") -> 0 | AM11: Present Days Detail
A12: 8 | B12: 508 | C12: Meesam Abbas | D12: Sabir Hussain | E12: Five | F12: P | H12: P | I12: P | J12: P | K12: P | L12: P | M12: P | O12: P | P12: P | Q12: P | AK12: =COUNTIF(F12:AJ12,"P") -> 10 | AL12: =COUNTIF(F12:AJ12,"A") -> 0 | AM12: Detail | AN12: Boys | AO12: Girls | AP12: Total
A13: 9 | B13: 710 | C13: Muhammad Hassan | D13: Javaid Ali | E13: Five | F13: P | H13: P | I13: P | J13: P | K13: P | L13: P | M13: P | O13: P | P13: P | Q13: P | AK13: =COUNTIF(F13:AJ13,"P") -> 10 | AL13: =COUNTIF(F13:AJ13,"A") -> 0 | AM13: Due Present days | AN13: =23*$AN$5 -> 230 | AO13: =23*$AN$5 -> 230 | AP13: =SUM(AN13:AO13) -> 460
A14: 10 | B14: 711 | C14: Muhammad Zaid | D14: Khalid Abbasi | E14: Five | F14: P | H14: P | I14: P | J14: P | K14: P | L14: P | M14: P | O14: P | P14: P | Q14: P | AK14: =COUNTIF(F14:AJ14,"P") -> 10 | AL14: =COUNTIF(F14:AJ14,"A") -> 0 | AM14: Actual present days | AN14: =SUM(AK5:AK27) -> 229 | AO14: =SUM(AK28:AK50) -> 225 | AP14: =AN14+AO14 -> 454
A15: 11 | B15: 600 | C15: Usman Jamali | D15: Liaqat Ali | E15: Five | F15: P | H15: P | I15: P | J15: P | K15: P | L15: P | M15: P | O15: P | P15: P | Q15: P | AK15: =COUNTIF(F15:AJ15,"P") -> 10 | AL15: =COUNTIF(F15:AJ15,"A") -> 0 | AM15: % | AN15: =AN14/AN13 -> 0.99565217 | AO15: =AO14/AO13 -> 0.97826087 | AP15: =AP14/AP13 -> 0.98695652
A16: 12 | B16: 640 | C16: Muhammad Ali | D16: Maula Abdullah Bux | E16: Five | F16: P | H16: P | I16: P | J16: P | K16: P | L16: P | M16: P | O16: P | P16: P | Q16: P | AK16: =COUNTIF(F16:AJ16,"P") -> 10 | AL16: =COUNTIF(F16:AJ16,"A") -> 0
A17: 13 | B17: 761 | C17: Muhammad Israr | D17: Abdullah Bhand | E17: Five | F17: P | H17: P | I17: P | J17: P | K17: P | L17: P | M17: P | O17: P | P17: P | Q17: P | AK17: =COUNTIF(F17:AJ17,"P") -> 10 | AL17: =COUNTIF(F17:AJ17,"A") -> 0
A18: 14 | B18: 470 | C18: Muhammad Rahim | D18: Muhammad Azeem | E18: Five | F18: P | H18: P | I18: P | J18: P | K18: P | L18: P | M18: P | O18: P | P18: P | Q18: P | AK18: =COUNTIF(F18:AJ18,"P") -> 10 | AL18: =COUNTIF(F18:AJ18,"A") -> 0
A19: 15 | B19: 642 | C19: Mohsin Ali | D19: Sajid Ali Junejo | E19: Five | F19: P | H19: P | I19: P | J19: P | K19: P | L19: P | M19: P | O19: P | P19: P | Q19: P | AK19: =COUNTIF(F19:AJ19,"P") -> 10 | AL19: =COUNTIF(F19:AJ19,"A") -> 0 | AM19: Absent Days Details
A20: 16 | B20: 706 | C20: M. Ammad-ud-din | D20: Riyaz-ud-din | E20: Five | F20: P | H20: P | I20: P | J20: P | K20: P | L20: P | M20: P | O20: P | P20: P | Q20: P | AK20: =COUNTIF(F20:AJ20,"P") -> 10 | AL20: =COUNTIF(F20:AJ20,"A") -> 0 | AM20: Detail | AN20: Boys | AO20: Girls | AP20: Total
A21: 17 | B21: 437 | C21: Noman | D21: Abdul Rehman | E21: Five | F21: A | H21: P | I21: P | J21: P | K21: P | L21: P | M21: P | O21: P | P21: P | Q21: P | AK21: =COUNTIF(F21:AJ21,"P") -> 9 | AL21: =COUNTIF(F21:AJ21,"A") -> 1 | AM21: Due Present days | AN21: =23*$AN$5 -> 230 | AO21: =23*$AN$5 -> 230 | AP21: =AN21+AO21 -> 460
A22: 18 | B22: 502 | C22: Rahib Hussain | D22: Zahid Hussain | E22: Five | F22: P | H22: P | I22: P | J22: P | K22: P | L22: P | M22: P | O22: P | P22: P | Q22: P | AK22: =COUNTIF(F22:AJ22,"P") -> 10 | AL22: =COUNTIF(F22:AJ22,"A") -> 0 | AM22: Absent days | AN22: =AN21-AN14 -> 1 | AO22: =AO21-AO14 -> 5 | AP22: =AN22+AO22 -> 6
A23: 19 | B23: 705 | C23: Shamsuddin | D23: Asghar Ali | E23: Five | F23: P | H23: P | I23: P | J23: P | K23: P | L23: P | M23: P | O23: P | P23: P | Q23: P | AK23: =COUNTIF(F23:AJ23,"P") -> 10 | AL23: =COUNTIF(F23:AJ23,"A") -> 0 | AM23: % | AN23: =AN22/AN21 -> 0.0043478261 | AO23: =AO22/AO21 -> 0.02173913 | AP23: =AP22/AP21 -> 0.013043478
A24: 20 | B24: 868 | C24: Massab Ali | D24: Safdar Ali | E24: Five | F24: P | H24: P | I24: P | J24: P | K24: P | L24: P | M24: P | O24: P | P24: P | Q24: P | AK24: =COUNTIF(F24:AJ24,"P") -> 10 | AL24: =COUNTIF(F24:AJ24,"A") -> 0
A25: 21 | B25: 845 | C25: Zohaib Ali | D25: Zulfiqar Ali | E25: Five | F25: P | H25: P | I25: P | J25: P | K25: P | L25: P | M25: P | O25: P | P25: P | Q25: P | AK25: =COUNTIF(F25:AJ25,"P") -> 10 | AL25: =COUNTIF(F25:AJ25,"A") -> 0
A26: 22 | B26: 860 | C26: M. Husnain | D26: Ubaidullah | E26: Five | F26: P | H26: P | I26: P | J26: P | K26: P | L26: P | M26: P | O26: P | P26: P | Q26: P | AK26: =COUNTIF(F26:AJ26,"P") -> 10 | AL26: =COUNTIF(F26:AJ26,"A") -> 0
A27: 23 | B27: 888 | C27: Nazakat | D27: Syed Qutab Ali | E27: Five | F27: P | H27: P | I27: P | J27: P | K27: P | L27: P | M27: P | O27: P | P27: P | Q27: P | AK27: =COUNTIF(F27:AJ27,"P") -> 10 | AL27: =COUNTIF(F27:AJ27,"A") -> 0
A28: 1 | B28: 634 | C28: Aitina Sohail | D28: Sohail Sarwar Jatoi | E28: Five | F28: P | H28: P | I28: P | J28: P | K28: P | L28: P | M28: P | O28: P | P28: P | Q28: P | AK28: =COUNTIF(F28:AJ28,"P") -> 10 | AL28: =COUNTIF(F28:AJ28,"A") -> 0
A29: 2 | B29: 509 | C29: Ajwa Gul | D29: Sabir Hussain | E29: Five | F29: A | H29: P | I29: P | J29: P | K29: P | L29: P | M29: P | O29: P | P29: P | Q29: P | AK29: =COUNTIF(F29:AJ29,"P") -> 9 | AL29: =COUNTIF(F29:AJ29,"A") -> 1
A30: 3 | B30: 706 | C30: Alishba | D30: Maqsood Ahmed | E30: Five | F30: A | H30: P | I30: P | J30: P | K30: P | L30: P | M30: P | O30: P | P30: P | Q30: P | AK30: =COUNTIF(F30:AJ30,"P") -> 9 | AL30: =COUNTIF(F30:AJ30,"A") -> 1
A31: 4 | B31: 608 | C31: Anosha | D31: Altaf Hussain | E31: Five | F31: A | H31: P | I31: P | J31: P | K31: P | L31: P | M31: P | O31: P | P31: P | Q31: P | AK31: =COUNTIF(F31:AJ31,"P") -> 9 | AL31: =COUNTIF(F31:AJ31,"A") -> 1
A32: 5 | B32: 603 | C32: Dua Batool | D32: Faiq Ali | E32: Five | F32: P | H32: P | I32: P | J32: P | K32: P | L32: P | M32: P | O32: P | P32: P | Q32: P | AK32: =COUNTIF(F32:AJ32,"P") -> 10 | AL32: =COUNTIF(F32:AJ32,"A") -> 0
A33: 6 | B33: 503 | C33: Gul Naz | D33: Zahid Hussain | E33: Five | F33: P | H33: P | I33: P | J33: P | K33: P | L33: P | M33: P | O33: P | P33: P | Q33: P | AK33: =COUNTIF(F33:AJ33,"P") -> 10 | AL33: =COUNTIF(F33:AJ33,"A") -> 0
A34: 7 | B34: 606 | C34: Hina | D34: Lutufullah | E34: Five | F34: P | H34: P | I34: P | J34: P | K34: P | L34: P | M34: P | O34: P | P34: P | Q34: P | AK34: =COUNTIF(F34:AJ34,"P") -> 10 | AL34: =COUNTIF(F34:AJ34,"A") -> 0
A35: 8 | B35: 358 | C35: Iqra | D35: Munawar Ali | E35: Five | F35: P | H35: P | I35: P | J35: P | K35: P | L35: P | M35: P | O35: P | P35: P | Q35: P | AK35: =COUNTIF(F35:AJ35,"P") -> 10 | AL35: =COUNTIF(F35:AJ35,"A") -> 0
... A50: 23 | B50: 712 | C50: Rukhsana | D50: M. Sultan | E50: Five | F50: P | H50: P | I50: P | J50: P | K50: P | L50: P | M50: P | O50: P | P50: P | Q50: P | AK50: =COUNTIF(F50:AJ50,"P") -> 10 | AL50: =COUNTIF(F50:AJ50,"A") -> 0

Sheet Class-VI
A1: Goverment high school (SJCHS)
A2: Monthly Attendence Month of March-2025
A3: S.No | B3: GR | C3: Student Name | D3: Father Name | E3: Class | F3: =TEXT(F4,"ddd") -> Sat | G3: =TEXT(G4,"ddd") -> Sun | H3: =TEXT(H4,"ddd") -> Mon | I3: =TEXT(I4,"ddd") -> Tue | J3: =TEXT(J4,"ddd") -> Wed | K3: =TEXT(K4,"ddd") -> Thu | L3: =TEXT(L4,"ddd") -> Fri | M3: =TEXT(M4,"ddd") -> Sat | ... AJ3: =TEXT(AJ4,"ddd") -> Mon | AK3: Present | AL3: Absent | AM3: Year 2024
F4: 45717 | G4: 45718 | H4: 45719 | I4: 45720 | J4: 45721 | K4: 45722 | L4: 45723 | M4: 45724 | N4: 45725 | O4: 45726 | P4: 45727 | Q4: 45728 | R4: 45729 | S4: 45730 | T4: 45731 | U4: 45732 | V4: 45733 | W4: 45734 | X4: 45735 | Y4: 45736 | Z4: 45737 | AA4: 45738 | AB4: 45739 | AC4: 45740 | AD4: 45741 | AE4: 45742 | AF4: 45743 | AG4: 45744 | AH4: 45745 | AI4: 45746 | AJ4: 45747 | AM4: Total days | AN4: =SUM(AN5:AN8) -> 31
A5: 1 | B5: 474 | C5: Abdul Rehman | D5: Ahmed Ali | E5: Six | F5: P | G5: SUNDAY - SUNDAY - SUNDAY - SUNDAY | H5: P | I5: P | J5: P | K5: P | L5: P | M5: P | N5: SUNDAY - SUNDAY - SUNDAY - SUNDAY | O5: P | P5: P | Q5: P | R5: P | S5: Examination | AK5: =COUNTIF(F5:AJ5,"P") -> 11 | AL5: =COUNTIF(F5:AJ5,"A") -> 0 | AM5: Working days | AN5: 11
A6: 2 | B6: 615 | C6: Abdul Samad | D6: Rehmatullah | E6: Six | F6: P | H6: P | I6: P | J6: P | K6: P | L6: P | M6: P | O6: P | P6: P | Q6: P | R6: P | AK6: =COUNTIF(F6:AJ6,"P") -> 11 | AL6: =COUNTIF(F6:AJ6,"A") -> 0 | AM6: Sunday | AN6: 2
A7: 3 | B7: 635 | C7: Abdul Wassay | D7: Sohail Sarwar | E7: Six | F7: P | H7: P | I7: P | J7: P | K7: P | L7: P | M7: P | O7: P | P7: P | Q7: P | R7: P | AK7: =COUNTIF(F7:AJ7,"P") -> 11 | AL7: =COUNTIF(F7:AJ7,"A") -> 0 | AM7: Examination | AN7: 18
A8: 4 | B8: 475 | C8: Abid Ali | D8: Ahmed Ali | E8: Six | F8: P | H8: P | I8: P | J8: P | K8: P | L8: P | M8: P | O8: P | P8: P | Q8: P | R8: P | AK8: =COUNTIF(F8:AJ8,"P") -> 11 | AL8: =COUNTIF(F8:AJ8,"A") -> 0
A9: 5 | B9: 343 | C9: Danish | D9: Imdad Ali | E9: Six | F9: P | H9: P | I9: P | J9: P | K9: P | L9: P | M9: P | O9: P | P9: P | Q9: P | R9: P | AK9: =COUNTIF(F9:AJ9,"P") -> 11 | AL9: =COUNTIF(F9:AJ9,"A") -> 0
A10: 6 | B10: 620 | C10: Joun Ali | D10: Imran Ali | E10: Six | F10: P | H10: P | I10: P | J10: P | K10: P | L10: P | M10: P | O10: P | P10: P | Q10: P | R10: P | AK10: =COUNTIF(F10:AJ10,"P") -> 11 | AL10: =COUNTIF(F10:AJ10,"A") -> 0 | AM10: Present Days Detail
A11: 7 | B11: 616 | C11: M. Muzzamil | D11: Ahmed Ali | E11: Six | F11: P | H11: A | I11: P | J11: P | K11: P | L11: P | M11: P | O11: P | P11: P | Q11: P | R11: P | AK11: =COUNTIF(F11:AJ11,"P") -> 10 | AL11: =COUNTIF(F11:AJ11,"A") -> 1 | AM11: Detail | AN11: Boys | AO11: Girls | AP11: Total
A12: 8 | B12: 565 | C12: M. Sameer | D12: Fazal Muhammad | E12: Six | F12: P | H12: P | I12: P | J12: P | K12: P | L12: P | M12: P | O12: P | P12: P | Q12: P | R12: P | AK12: =COUNTIF(F12:AJ12,"P") -> 11 | AL12: =COUNTIF(F12:AJ12,"A") -> 0 | AM12: Due Present days | AN12: =16*$AN$5 -> 176 | AO12: =25*$AN$5 -> 275 | AP12: =SUM(AN12:AO12) -> 451
A13: 9 | B13: 617 | C13: Meer Majid | D13: Haji Iqbal | E13: Six | F13: P | H13: P | I13: P | J13: P | K13: P | L13: P | M13: P | O13: P | P13: P | Q13: P | R13: P | AK13: =COUNTIF(F13:AJ13,"P") -> 11 | AL13: =COUNTIF(F13:AJ13,"A") -> 0 | AM13: Actual present days | AN13: =SUM(AK5:AK20) -> 175 | AO13: =SUM(AK21:AK45) -> 272 | AP13: =AN13+AO13 -> 447
A14: 10 | B14: 715 | C14: M. Tayyab | D14: Javaid Ali | E14: Six | F14: P | H14: P | I14: P | J14: P | K14: P | L14: P | M14: P | O14: P | P14: P | Q14: P | R14: P | AK14: =COUNTIF(F14:AJ14,"P") -> 11 | AL14: =COUNTIF(F14:AJ14,"A") -> 0 | AM14: % | AN14: =AN13/AN12 -> 0.99431818 | AO14: =AO13/AO12 -> 0.98909091 | AP14: =AP13/AP12 -> 0.99113082
A15: 11 | B15: 426 | C15: Mudasir Hussain | D15: Mukhtiyar Ali | E15: Six | F15: P | H15: P | I15: P | J15: P | K15: P | L15: P | M15: P | O15: P | P15: P | Q15: P | R15: P | AK15: =COUNTIF(F15:AJ15,"P") -> 11 | AL15: =COUNTIF(F15:AJ15,"A") -> 0
A16: 12 | B16: 560 | C16: Uzair Ahmed | D16: Abdul Sattar | E16: Six | F16: P | H16: P | I16: P | J16: P | K16: P | L16: P | M16: P | O16: P | P16: P | Q16: P | R16: P | AK16: =COUNTIF(F16:AJ16,"P") -> 11 | AL16: =COUNTIF(F16:AJ16,"A") -> 0
A17: 13 | B17: 347 | C17: M. Yaseen | D17: Muhammad Younus | E17: Six | F17: P | H17: P | I17: P | J17: P | K17: P | L17: P | M17: P | O17: P | P17: P | Q17: P | R17: P | AK17: =COUNTIF(F17:AJ17,"P") -> 11 | AL17: =COUNTIF(F17:AJ17,"A") -> 0
A18: 14 | B18: 250 | C18: Faisal Ahmed | D18: Faiz Muhammad | E18: Six | F18: P | H18: P | I18: P | J18: P | K18: P | L18: P | M18: P | O18: P | P18: P | Q18: P | R18: P | AK18: =COUNTIF(F18:AJ18,"P") -> 11 | AL18: =COUNTIF(F18:AJ18,"A") -> 0 | AM18: Absent Days Details
A19: 15 | B19: 790 | C19: Wajid Ali | D19: M. Ali Ahmed | E19: Six | F19: P | H19: P | I19: P | J19: P | K19: P | L19: P | M19: P | O19: P | P19: P | Q19: P | R19: P | AK19: =COUNTIF(F19:AJ19,"P") -> 11 | AL19: =COUNTIF(F19:AJ19,"A") -> 0 | AM19: Detail | AN19: Boys | AO19: Girls | AP19: Total
A20: 16 | B20: 892 | C20: Ayan | D20: Rafeeque Ahmed | E20: Six | F20: P | H20: P | I20: P | J20: P | K20: P | L20: P | M20: P | O20: P | P20: P | Q20: P | R20: P | AK20: =COUNTIF(F20:AJ20,"P") -> 11 | AL20: =COUNTIF(F20:AJ20,"A") -> 0 | AM20: Due Present days | AN20: =17*$AN$5 -> 187 | AO20: =28*$AN$5 -> 308 | AP20: =AN20+AO20 -> 495
A21: 1 | B21: 713 | C21: Amna | D21: Asghar Ali | E21: Six | F21: P | H21: P | I21: P | J21: P | K21: P | L21: P | M21: P | O21: P | P21: P | Q21: P | R21: P | AK21: =COUNTIF(F21:AJ21,"P") -> 11 | AL21: =COUNTIF(F21:AJ21,"A") -> 0 | AM21: Absent days | AN21: =AN20-AN13 -> 12 | AO21: =AO20-AO13 -> 36 | AP21: =AN21+AO21 -> 48
A22: 2 | B22: 354 | C22: Batool | D22: Sajid Ali | E22: Six | F22: P | H22: P | I22: P | J22: P | K22: P | L22: P | M22: P | O22: P | P22: P | Q22: P | R22: P | AK22: =COUNTIF(F22:AJ22,"P") -> 11 | AL22: =COUNTIF(F22:AJ22,"A") -> 0 | AM22: % | AN22: =AN21/AN20 -> 0.064171123 | AO22: =AO21/AO20 -> 0.11688312 | AP22: =AP21/AP20 -> 0.096969697
A23: 3 | B23: 716 | C23: Faiza | D23: Tanveer Ahmed | E23: Six | F23: P | H23: P | I23: P | J23: P | K23: P | L23: P | M23: P | O23: P | P23: P | Q23: P | R23: P | AK23: =COUNTIF(F23:AJ23,"P") -> 11 | AL23: =COUNTIF(F23:AJ23,"A") -> 0
A24: 4 | B24: 506 | C24: Fatima | D24: Zahid Hussain | E24: Six | F24: P | H24: P | I24: P | J24: P | K24: P | L24: P | M24: P | O24: P | P24: P | Q24: P | R24: P | AK24: =COUNTIF(F24:AJ24,"P") -> 11 | AL24: =COUNTIF(F24:AJ24,"A") -> 0
A25: 5 | B25: 769 | C25: Iqra | D25: M. Ghafoor Jukhio | E25: Six | F25: A | H25: P | I25: P | J25: A | K25: P | L25: P | M25: P | O25: P | P25: P | Q25: P | R25: P | AK25: =COUNTIF(F25:AJ25,"P") -> 9 | AL25: =COUNTIF(F25:AJ25,"A") -> 2
A26: 6 | B26: 348 | C26: Kaneez Fatima | D26: Rizwan Ali | E26: Six | F26: P | H26: P | I26: P | J26: P | K26: P | L26: P | M26: P | O26: P | P26: P | Q26: P | R26: P | AK26: =COUNTIF(F26:AJ26,"P") -> 11 | AL26: =COUNTIF(F26:AJ26,"A") -> 0
A27: 7 | B27: 618 | C27: Mahnoor Fatima | D27: Ghulam Yaseen | E27: Six | F27: P | H27: P | I27: P | J27: P | K27: P | L27: P | M27: P | O27: P | P27: P | Q27: P | R27: P | AK27: =COUNTIF(F27:AJ27,"P") -> 11 | AL27: =COUNTIF(F27:AJ27,"A") -> 0
A28: 8 | B28: 443 | C28: Maryam | D28: Rehmatullah | E28: Six | F28: P | H28: P | I28: P | J28: P | K28: P | L28: P | M28: P | O28: P | P28: P | Q28: P | R28: P | AK28: =COUNTIF(F28:AJ28,"P") -> 11 | AL28: =COUNTIF(F28:AJ28,"A") -> 0
A29: 9 | B29: 614 | C29: Maryam | D29: Zulfiqaar Ali | E29: Six | F29: P | H29: P | I29: P | J29: P | K29: P | L29: P | M29: P | O29: P | P29: P | Q29: P | R29: P | AK29: =COUNTIF(F29:AJ29,"P") -> 11 | AL29: =COUNTIF(F29:AJ29,"A") -> 0
A30: 10 | B30: 778 | C30: Naina Naz | D30: Khawar Ali | E30: Six | F30: P | H30: P | I30: P | J30: P | K30: P | L30: P | M30: P | O30: P | P30: P | Q30: P | R30: P | AK30: =COUNTIF(F30:AJ30,"P") -> 11 | AL30: =COUNTIF(F30:AJ30,"A") -> 0
A31: 11 | B31: 435 | C31: Nida | D31: Mehboob Ali | E31: Six | F31: P | H31: P | I31: P | J31: P | K31: P | L31: P | M31: P | O31: P | P31: P | Q31: P | R31: P | AK31: =COUNTIF(F31:AJ31,"P") -> 11 | AL31: =COUNTIF(F31:AJ31,"A") -> 0
A32: 12 | B32: 619 | C32: Noor Muqadis | D32: Muhammad Idrees | E32: Six | F32: P | H32: P | I32: P | J32: P | K32: P | L32: P | M32: P | O32: P | P32: P | Q32: P | R32: P | AK32: =COUNTIF(F32:AJ32,"P") -> 11 | AL32: =COUNTIF(F32:AJ32,"A") -> 0
A33: 13 | B33: 613 | C33: Rubina | D33: Zulfiqaar Ali | E33: Six | F33: P | H33: P | I33: P | J33: P | K33: P | L33: P | M33: P | O33: P | P33: P | Q33: P | R33: P | AK33: =COUNTIF(F33:AJ33,"P") -> 11 | AL33: =COUNTIF(F33:AJ33,"A") -> 0
A34: 14 | B34: 446 | C34: Sahar | D34: Sohail Ahmed | E34: Six | F34: P | H34: P | I34: P | J34: P | K34: P | L34: P | M34: P | O34: P | P34: P | Q34: P | R34: P | AK34: =COUNTIF(F34:AJ34,"P") -> 11 | AL34: =COUNTIF(F34:AJ34,"A") -> 0
... A42: 22 | B42: 855 | C42: Zara Bano | D42: Nabi Bux | E42: Six | F42: P | H42: P | I42: P | J42: P | K42: P | L42: P | M42: P | O42: P | P42: P | Q42: P | R42: P | AK42: =COUNTIF(F42:AJ42,"P") -> 11 | AL42: =COUNTIF(F42:AJ42,"A") -> 0
A43: 23 | C43: Rafia | D43: Aman | E43: Six | F43: P | H43: P | I43: P | J43: P | K43: P | L43: P | M43: P | O43: P | P43: P | Q43: P | R43: P | AK43: =COUNTIF(F43:AJ43,"P") -> 11 | AL43: =COUNTIF(F43:AJ43,"A") -> 0
A44: 24 | B44: 879 | C44: Maham | D44: M. Irfan | E44: Six | F44: P | H44: P | I44: P | J44: P | K44: P | L44: P | M44: P | O44: P | P44: P | Q44: P | R44: P | AK44: =COUNTIF(F44:AJ44,"P") -> 11 | AL44: =COUNTIF(F44:AJ44,"A") -> 0
A45: 25 | B45: 903 | C45: Misbah | D45: Gulraiz | E45: Six | F45: P | H45: P | I45: P | J45: P | K45: P | L45: P | M45: P | O45: P | P45: P | Q45: P | R45: P | AK45: =COUNTIF(F45:AJ45,"P") -> 11 | AL45: =COUNTIF(F45:AJ45,"A") -> 0

Sheet Class-VII
A1: Goverment high school (SJCHS)
A2: Monthly Attendence Month of March-2025
A3: S.No | B3: GR | C3: Student Name | D3: Class | E3: =TEXT(E4,"ddd") -> Sat | F3: =TEXT(F4,"ddd") -> Sun | G3: =TEXT(G4,"ddd") -> Mon | H3: =TEXT(H4,"ddd") -> Tue | I3: =TEXT(I4,"ddd") -> Wed | J3: =TEXT(J4,"ddd") -> Thu | K3: =TEXT(K4,"ddd") -> Fri | L3: =TEXT(L4,"ddd") -> Sat | ... AI3: =TEXT(AI4,"ddd") -> Mon | AJ3: Present | AK3: Absent | AL3: Year 2024
E4: 45717 | F4: 45718 | G4: 45719 | H4: 45720 | I4: 45721 | J4: 45722 | K4: 45723 | L4: 45724 | M4: 45725 | N4: 45726 | O4: 45727 | P4: 45728 | Q4: 45729 | R4: 45730 | S4: 45731 | T4: 45732 | U4: 45733 | V4: 45734 | W4: 45735 | X4: 45736 | Y4: 45737 | Z4: 45738 | AA4: 45739 | AB4: 45740 | AC4: 45741 | AD4: 45742 | AE4: 45743 | AF4: 45744 | AG4: 45745 | AH4: 45746 | AI4: 45747 | AL4: Total days | AM4: =SUM(AM5:AM8) -> 31
A5: 1 | B5: 885 | C5: Abdullah | D5: 7th | E5: P | F5: SUNDAY - SUNDAY - SUNDAY - SUNDAY - SUNDAY | G5: P | H5: P | I5: P | J5: P | K5: P | L5: P | M5: SUNDAY - SUNDAY - SUNDAY - SUNDAY - SUNDAY | N5: P | O5: P | P5: P | Q5: P | R5: P | S5: Examination | AJ5: =COUNTIF(E5:AI5,"P") -> 12 | AK5: =COUNTIF(E5:AI5,"A") -> 0 | AL5: Working days | AM5: 12
A6: 2 | B6: 482 | C6: Adil Khan | D6: 7th | E6: P | G6: P | H6: P | I6: P | J6: P | K6: P | L6: P | N6: P | O6: P | P6: P | Q6: P | R6: P | AJ6: =COUNTIF(E6:AI6,"P") -> 12 | AK6: =COUNTIF(E6:AI6,"A") -> 0 | AL6: Sunday | AM6: 2
A7: 3 | B7: 331 | C7: Ali Khan | D7: 7th | E7: P | G7: P | H7: P | I7: P | J7: P | K7: P | L7: P | N7: P | O7: P | P7: P | Q7: P | R7: P | AJ7: =COUNTIF(E7:AI7,"P") -> 12 | AK7: =COUNTIF(E7:AI7,"A") -> 0 | AL7: Examination | AM7: 17
A8: 4 | B8: 306 | C8: Ameer Hamza | D8: 7th | E8: P | G8: P | H8: P | I8: P | J8: P | K8: P | L8: P | N8: P | O8: P | P8: P | Q8: P | R8: P | AJ8: =COUNTIF(E8:AI8,"P") -> 12 | AK8: =COUNTIF(E8:AI8,"A") -> 0
A9: 5 | B9: 567 | C9: Bismillah Khan | D9: 7th | E9: P | G9: P | H9: P | I9: P | J9: P | K9: P | L9: P | N9: P | O9: P | P9: P | Q9: P | R9: P | AJ9: =COUNTIF(E9:AI9,"P") -> 12 | AK9: =COUNTIF(E9:AI9,"A") -> 0
A10: 6 | B10: 721 | C10: Danish | D10: 7th | E10: P | G10: A | H10: P | I10: P | J10: P | K10: P | L10: P | N10: P | O10: P | P10: P | Q10: P | R10: P | AJ10: =COUNTIF(E10:AI10,"P") -> 11 | AK10: =COUNTIF(E10:AI10,"A") -> 1
A11: 7 | B11: 342 | C11: Daniyal | D11: 7th | E11: P | G11: P | H11: P | I11: P | J11: P | K11: P | L11: P | N11: P | O11: P | P11: P | Q11: P | R11: P | AJ11: =COUNTIF(E11:AI11,"P") -> 12 | AK11: =COUNTIF(E11:AI11,"A") -> 0 | AL11: Present Days Detail
A12: 8 | B12: 625 | C12: Hamza Nisar | D12: 7th | E12: A | G12: P | H12: P | I12: P | J12: P | K12: P | L12: P | N12: P | O12: P | P12: P | Q12: P | R12: P | AJ12: =COUNTIF(E12:AI12,"P") -> 11 | AK12: =COUNTIF(E12:AI12,"A") -> 1 | AL12: Detail | AM12: Boys | AN12: Girls | AO12: Total
A13: 9 | B13: 627 | C13: Haseeb Hyder | D13: 7th | E13: P | G13: P | H13: P | I13: P | J13: P | K13: P | L13: P | N13: P | O13: P | P13: P | Q13: P | R13: P | AJ13: =COUNTIF(E13:AI13,"P") -> 12 | AK13: =COUNTIF(E13:AI13,"A") -> 0 | AL13: Due Present days | AM13: =27*$AM$5 -> 324 | AN13: =18*$AM$5 -> 216 | AO13: =SUM(AM13:AN13) -> 540
A14: 10 | B14: 723 | C14: Hasnain G. Nabi | D14: 7th | E14: P | G14: P | H14: P | I14: P | J14: P | K14: P | L14: P | N14: P | O14: P | P14: P | Q14: P | R14: P | AJ14: =COUNTIF(E14:AI14,"P") -> 12 | AK14: =COUNTIF(E14:AI14,"A") -> 0 | AL14: Actual present days | AM14: =SUM(AJ5:AJ31) -> 306 | AN14: =SUM(AJ32:AJ49) -> 212 | AO14: =AM14+AN14 -> 518
A15: 11 | B15: 717 | C15: Hasnain Ali Soomro | D15: 7th | E15: A | G15: P | H15: P | I15: P | J15: P | K15: P | L15: P | N15: P | O15: P | P15: P | Q15: P | R15: P | AJ15: =COUNTIF(E15:AI15,"P") -> 11 | AK15: =COUNTIF(E15:AI15,"A") -> 1 | AL15: % | AM15: =AM14/AM13 -> 0.94444444 | AN15: =AN14/AN13 -> 0.98148148 | AO15: =AO14/AO13 -> 0.95925926
A16: 12 | B16: 624 | C16: Hasnain Raza | D16: 7th | E16: A | G16: P | H16: P | I16: P | J16: P | K16: P | L16: P | N16: P | O16: P | P16: P | Q16: P | R16: P | AJ16: =COUNTIF(E16:AI16,"P") -> 11 | AK16: =COUNTIF(E16:AI16,"A") -> 1
A17: 13 | B17: 718 | C17: Hasnain yasir | D17: 7th | E17: P | G17: P | H17: P | I17: P | J17: P | K17: P | L17: P | N17: P | O17: P | P17: P | Q17: P | R17: P | AJ17: =COUNTIF(E17:AI17,"P") -> 12 | AK17: =COUNTIF(E17:AI17,"A") -> 0
A18: 14 | B18: 628 | C18: Irfan Ali | D18: 7th | E18: P | G18: P | H18: P | I18: P | J18: P | K18: P | L18: P | N18: P | O18: P | P18: P | Q18: P | R18: P | AJ18: =COUNTIF(E18:AI18,"P") -> 12 | AK18: =COUNTIF(E18:AI18,"A") -> 0 | AL18: Absent Days Details
A19: 15 | B19: 621 | C19: Mubashir | D19: 7th | E19: P | G19: P | H19: P | I19: P | J19: P | K19: P | L19: P | N19: P | O19: P | P19: P | Q19: P | R19: P | AJ19: =COUNTIF(E19:AI19,"P") -> 12 | AK19: =COUNTIF(E19:AI19,"A") -> 0 | AL19: Detail | AM19: Boys | AN19: Girls | AO19: Total
A20: 16 | B20: 259 | C20: Muzammil | D20: 7th | E20: A | G20: A | H20: A | I20: A | J20: A | K20: A | L20: A | N20: A | O20: A | P20: A | Q20: A | R20: A | AJ20: =COUNTIF(E20:AI20,"P") -> 0 | AK20: =COUNTIF(E20:AI20,"A") -> 12 | AL20: Due Present days | AM20: =29*$AM$5 -> 348 | AN20: =19*$AM$5 -> 228 | AO20: =AM20+AN20 -> 576
A21: 17 | B21: 518 | C21: M. Anwaar | D21: 7th | E21: P | G21: P | H21: P | I21: P | J21: P | K21: P | L21: P | N21: P | O21: P | P21: P | Q21: P | R21: P | AJ21: =COUNTIF(E21:AI21,"P") -> 12 | AK21: =COUNTIF(E21:AI21,"A") -> 0 | AL21: Absent days | AM21: =AM20-AM14 -> 42 | AN21: =AN20-AN14 -> 16 | AO21: =AM21+AN21 -> 58
A22: 18 | B22: 639 | C22: M. Hassan | D22: 7th | E22: P | G22: P | H22: P | I22: P | J22: P | K22: P | L22: P | N22: P | O22: P | P22: P | Q22: P | R22: P | AJ22: =COUNTIF(E22:AI22,"P") -> 12 | AK22: =COUNTIF(E22:AI22,"A") -> 0 | AL22: % | AM22: =AM21/AM20 -> 0.12068966 | AN22: =AN21/AN20 -> 0.070175439 | AO22: =AO21/AO20 -> 0.10069444
A23: 19 | B23: 762 | C23: M. Mairaj | D23: 7th | E23: P | G23: P | H23: P | I23: P | J23: P | K23: P | L23: P | N23: P | O23: P | P23: P | Q23: P | R23: P | AJ23: =COUNTIF(E23:AI23,"P") -> 12 | AK23: =COUNTIF(E23:AI23,"A") -> 0
A24: 20 | B24: 719 | C24: M. Mudasir | D24: 7th | E24: P | G24: P | H24: P | I24: P | J24: P | K24: P | L24: P | N24: P | O24: P | P24: P | Q24: P | R24: P | AJ24: =COUNTIF(E24:AI24,"P") -> 12 | AK24: =COUNTIF(E24:AI24,"A") -> 0
A25: 21 | B25: 725 | C25: M. Raza | D25: 7th | E25: P | G25: P | H25: P | I25: P | J25: P | K25: P | L25: P | N25: P | O25: P | P25: P | Q25: P | R25: P | AJ25: =COUNTIF(E25:AI25,"P") -> 12 | AK25: =COUNTIF(E25:AI25,"A") -> 0
A26: 22 | B26: 724 | C26: M. Usman | D26: 7th | E26: P | G26: P | H26: P | I26: P | J26: P | K26: P | L26: P | N26: P | O26: P | P26: P | Q26: P | R26: P | AJ26: =COUNTIF(E26:AI26,"P") -> 12 | AK26: =COUNTIF(E26:AI26,"A") -> 0
A27: 23 | B27: 630 | C27: Nisar Ali | D27: 7th | E27: P | G27: P | H27: P | I27: P | J27: P | K27: P | L27: P | N27: P | O27: P | P27: P | Q27: P | R27: P | AJ27: =COUNTIF(E27:AI27,"P") -> 12 | AK27: =COUNTIF(E27:AI27,"A") -> 0
A28: 24 | B28: 406 | C28: Rizwan Arbab | D28: 7th | E28: P | G28: P | H28: P | I28: P | J28: P | K28: P | L28: P | N28: P | O28: P | P28: P | Q28: P | R28: P | AJ28: =COUNTIF(E28:AI28,"P") -> 12 | AK28: =COUNTIF(E28:AI28,"A") -> 0
A29: 25 | B29: 849 | C29: Safiullah Hafeez | D29: 7th | E29: P | G29: P | H29: P | I29: P | J29: P | K29: P | L29: P | N29: P | O29: P | P29: P | Q29: P | R29: P | AJ29: =COUNTIF(E29:AI29,"P") -> 12 | AK29: =COUNTIF(E29:AI29,"A") -> 0
A30: 26 | B30: 514 | C30: Sohail Ahmed | D30: 7th | E30: A | G30: P | H30: P | I30: P | J30: P | K30: P | L30: P | N30: P | O30: P | P30: P | Q30: P | R30: P | AJ30: =COUNTIF(E30:AI30,"P") -> 11 | AK30: =COUNTIF(E30:AI30,"A") -> 1
A31: 27 | B31: 454 | C31: Zahid Hussain | D31: 7th | E31: A | G31: P | H31: P | I31: P | J31: P | K31: P | L31: P | N31: P | O31: P | P31: P | Q31: P | R31: P | AJ31: =COUNTIF(E31:AI31,"P") -> 11 | AK31: =COUNTIF(E31:AI31,"A") -> 1
A32: 1 | B32: 636 | C32: Asma | D32: 7th | E32: P | G32: P | H32: P | I32: P | J32: P | K32: P | L32: P | N32: P | O32: P | P32: P | Q32: P | R32: P | AJ32: =COUNTIF(E32:AI32,"P") -> 12 | AK32: =COUNTIF(E32:AI32,"A") -> 0
A33: 2 | B33: 862 | C33: Aiman Khan | D33: 7th | E33: P | G33: A | H33: P | I33: P | J33: P | K33: P | L33: P | N33: P | O33: P | P33: P | Q33: P | R33: P | AJ33: =COUNTIF(E33:AI33,"P") -> 11 | AK33: =COUNTIF(E33:AI33,"A") -> 1
A34: 3 | B34: 870 | C34: Aiman Safdar | D34: 7th | E34: P | G34: P | H34: P | I34: P | J34: P | K34: P | L34: P | N34: P | O34: P | P34: P | Q34: P | R34: P | AJ34: =COUNTIF(E34:AI34,"P") -> 12 | AK34: =COUNTIF(E34:AI34,"A") -> 0
... A40: 9 | B40: 352 | C40: Hira Abroo | D40: 7th | E40: P | G40: P | H40: P | I40: P | J40: P | K40: P | L40: P | N40: P | O40: P | P40: P | Q40: P | R40: P | AJ40: =COUNTIF(E40:AI40,"P") -> 12 | AK40: =COUNTIF(E40:AI40,"A") -> 0
A41: 10 | C41: Laraib | D41: 7th | E41: P | G41: P | H41: P | I41: P | J41: P | K41: P | L41: P | N41: P | O41: P | P41: P | Q41: P | R41: P | AJ41: =COUNTIF(E41:AI41,"P") -> 12 | AK41: =COUNTIF(E41:AI41,"A") -> 0
A42: 11 | B42: 350 | C42: Maheen | D42: 7th | E42: P | G42: P | H42: P | I42: P | J42: P | K42: P | L42: P | N42: P | O42: P | P42: P | Q42: P | R42: P | AJ42: =COUNTIF(E42:AI42,"P") -> 12 | AK42: =COUNTIF(E42:AI42,"A") -> 0
A43: 12 | B43: 629 | C43: Muskan | D43: 7th | E43: P | G43: P | H43: P | I43: P | J43: P | K43: P | L43: P | N43: P | O43: P | P43: P | Q43: P | R43: P | AJ43: =COUNTIF(E43:AI43,"P") -> 12 | AK43: =COUNTIF(E43:AI43,"A") -> 0
A44: 13 | B44: 869 | C44: Muniza Ali Sher | D44: 7th | E44: P | G44: P | H44: P | I44: P | J44: P | K44: P | L44: P | N44: P | O44: P | P44: P | Q44: P | R44: P | AJ44: =COUNTIF(E44:AI44,"P") -> 12 | AK44: =COUNTIF(E44:AI44,"A") -> 0
A45: 14 | B45: 726 | C45: Rimsha Khatoon | D45: 7th | E45: A | G45: A | H45: A | I45: P | J45: P | K45: P | L45: P | N45: P | O45: P | P45: P | Q45: P | R45: P | AJ45: =COUNTIF(E45:AI45,"P") -> 9 | AK45: =COUNTIF(E45:AI45,"A") -> 3
A46: 15 | B46: 390 | C46: Sadaf | D46: 7th | E46: P | G46: P | H46: P | I46: P | J46: P | K46: P | L46: P | N46: P | O46: P | P46: P | Q46: P | R46: P | AJ46: =COUNTIF(E46:AI46,"P") -> 12 | AK46: =COUNTIF(E46:AI46,"A") -> 0
A47: 16 | B47: 357 | C47: Sania | D47: 7th | E47: P | G47: P | H47: P | I47: P | J47: P | K47: P | L47: P | N47: P | O47: P | P47: P | Q47: P | R47: P | AJ47: =COUNTIF(E47:AI47,"P") -> 12 | AK47: =COUNTIF(E47:AI47,"A") -> 0
A48: 17 | B48: 623 | C48: Seema | D48: 7th | E48: P | G48: P | H48: P | I48: P | J48: P | K48: P | L48: P | N48: P | O48: P | P48: P | Q48: P | R48: P | AJ48: =COUNTIF(E48:AI48,"P") -> 12 | AK48: =COUNTIF(E48:AI48,"A") -> 0
A49: 18 | B49: 905 | C49: Tamana | D49: 7th | E49: P | G49: P | H49: P | I49: P | J49: P | K49: P | L49: P | N49: P | O49: P | P49: P | Q49: P | R49: P | AJ49: =COUNTIF(E49:AI49,"P") -> 12 | AK49: =COUNTIF(E49:AI49,"A") -> 0

Sheet Class-VIII
A1: Goverment high school (SJCHS)
A2: Monthly Attendence Month of March-2025
A3: S.No | B3: GR | C3: Student Name | D3: Father Name | E3: Class | F3: =TEXT(F4,"ddd") -> Sat | G3: =TEXT(G4,"ddd") -> Sun | H3: =TEXT(H4,"ddd") -> Mon | I3: =TEXT(I4,"ddd") -> Tue | J3: =TEXT(J4,"ddd") -> Wed | K3: =TEXT(K4,"ddd") -> Thu | L3: =TEXT(L4,"ddd") -> Fri | M3: =TEXT(M4,"ddd") -> Sat | ... AJ3: =TEXT(AJ4,"ddd") -> Mon | AK3: Present | AL3: Absent | AM3: Year 2024
F4: 45717 | G4: 45718 | H4: 45719 | I4: 45720 | J4: 45721 | K4: 45722 | L4: 45723 | M4: 45724 | N4: 45725 | O4: 45726 | P4: 45727 | Q4: 45728 | R4: 45729 | S4: 45730 | T4: 45731 | U4: 45732 | V4: 45733 | W4: 45734 | X4: 45735 | Y4: 45736 | Z4: 45737 | AA4: 45738 | AB4: 45739 | AC4: 45740 | AD4: 45741 | AE4: 45742 | AF4: 45743 | AG4: 45744 | AH4: 45745 | AI4: 45746 | AJ4: 45747 | AM4: Total days | AN4: =SUM(AN5:AN8) -> 31
A5: 1 | B5: 737 | C5: Azra | D5: Muhammad Usman | E5: 8th | F5: P | G5: SUNDAY - SUNDAY - SUNDAY - SUNDAY | H5: P | I5: P | J5: P | K5: P | L5: P | M5: P | N5: SUNDAY - SUNDAY - SUNDAY - SUNDAY | O5: P | P5: P | Q5: P | R5: P | S5: Examination | AK5: =COUNTIF(F5:AJ5,"P") -> 11 | AL5: =COUNTIF(F5:AJ5,"A") -> 0 | AM5: Working days | AN5: 11
A6: 2 | B6: 734 | C6: Bisma | D6: Nisar Ahmed | E6: 8th | F6: A | H6: P | I6: P | J6: P | K6: P | L6: P | M6: P | O6: P | P6: P | Q6: P | R6: P | AK6: =COUNTIF(F6:AJ6,"P") -> 10 | AL6: =COUNTIF(F6:AJ6,"A") -> 1 | AM6: Sunday | AN6: 2
A7: 3 | B7: 787 | C7: Amna | D7: Imran Ali | E7: 8th | F7: P | H7: P | I7: P | J7: P | K7: P | L7: P | M7: P | O7: P | P7: P | Q7: P | R7: P | AK7: =COUNTIF(F7:AJ7,"P") -> 11 | AL7: =COUNTIF(F7:AJ7,"A") -> 0 | AM7: Examination | AN7: 18
A8: 4 | B8: 742 | C8: Hina | D8: Muhammad Ibrahim | E8: 8th | F8: P | H8: P | I8: P | J8: P | K8: P | L8: P | M8: P | O8: P | P8: P | Q8: P | R8: P | AK8: =COUNTIF(F8:AJ8,"P") -> 11 | AL8: =COUNTIF(F8:AJ8,"A") -> 0
A9: 5 | B9: 740 | C9: Iqra | D9: Faiz Muhammad | E9: 8th | F9: P | H9: P | I9: P | J9: P | K9: P | L9: P | M9: P | O9: P | P9: P | Q9: P | R9: P | AK9: =COUNTIF(F9:AJ9,"P") -> 11 | AL9: =COUNTIF(F9:AJ9,"A") -> 0
A10: 6 | B10: 738 | C10: Iqra | D10: Muhammad Usman | E10: 8th | F10: P | H10: P | I10: P | J10: P | K10: P | L10: P | M10: P | O10: P | P10: P | Q10: P | R10: P | AK10: =COUNTIF(F10:AJ10,"P") -> 11 | AL10: =COUNTIF(F10:AJ10,"A") -> 0
A11: 7 | B11: 739 | C11: Kanwal Naz | D11: Zahid Hussain | E11: 8th | F11: P | H11: P | I11: P | J11: P | K11: P | L11: P | M11: P | O11: P | P11: P | Q11: P | R11: P | AK11: =COUNTIF(F11:AJ11,"P") -> 11 | AL11: =COUNTIF(F11:AJ11,"A") -> 0 | AM11: Present Days Detail
A12: 8 | B12: 743 | C12: Maria | D12: M. Rehman Abbasi | E12: 8th | F12: A | H12: P | I12: P | J12: P | K12: P | L12: P | M12: P | O12: P | P12: P | Q12: P | R12: P | AK12: =COUNTIF(F12:AJ12,"P") -> 10 | AL12: =COUNTIF(F12:AJ12,"A") -> 1 | AM12: Detail | AN12: Boys | AO12: Girls | AP12: Total
A13: 9 | B13: 729 | C13: Murk | D13: Rana Bhutto | E13: 8th | F13: A | H13: P | I13: P | J13: P | K13: P | L13: P | M13: P | O13: P | P13: P | Q13: P | R13: P | AK13: =COUNTIF(F13:AJ13,"P") -> 10 | AL13: =COUNTIF(F13:AJ13,"A") -> 1 | AM13: Due Present days | AN13: =19*$AN$5 -> 209 | AO13: =22*$AN$5 -> 242 | AP13: =SUM(AN13:AO13) -> 451
A14: 10 | B14: 735 | C14: Noshina | D14: M. Qasim | E14: 8th | F14: P | H14: A | I14: A | J14: A | K14: A | L14: A | M14: A | O14: A | P14: A | Q14: A | R14: A | AK14: =COUNTIF(F14:AJ14,"P") -> 1 | AL14: =COUNTIF(F14:AJ14,"A") -> 10 | AM14: Actual present days | AN14: =SUM(AK27:AK45) -> 176 | AO14: =SUM(AK5:AK26) -> 214 | AP14: =AN14+AO14 -> 390
A15: 11 | B15: 736 | C15: Shadab Aziz | D15: Abdul Aziz | E15: 8th | F15: P | H15: P | I15: P | J15: P | K15: P | L15: P | M15: P | O15: P | P15: P | Q15: P | R15: P | AK15: =COUNTIF(F15:AJ15,"P") -> 11 | AL15: =COUNTIF(F15:AJ15,"A") -> 0 | AM15: % | AN15: =AN14/AN13 -> 0.84210526 | AO15: =AO14/AO13 -> 0.88429752 | AP15: =AP14/AP13 -> 0.86474501
A16: 12 | B16: 759 | C16: Shaista | D16: Abdul Wahid | E16: 8th | F16: A | H16: P | I16: P | J16: P | K16: P | L16: P | M16: P | O16: P | P16: P | Q16: P | R16: P | AK16: =COUNTIF(F16:AJ16,"P") -> 10 | AL16: =COUNTIF(F16:AJ16,"A") -> 1
A17: 13 | B17: 746 | C17: Shaista Rani | D17: M. Moosa | E17: 8th | F17: P | H17: P | I17: P | J17: P | K17: P | L17: P | M17: P | O17: P | P17: P | Q17: P | R17: P | AK17: =COUNTIF(F17:AJ17,"P") -> 11 | AL17: =COUNTIF(F17:AJ17,"A") -> 0
A18: 14 | B18: 745 | C18: Tasleem Rani | D18: M. Moosa | E18: 8th | F18: P | H18: P | I18: P | J18: P | K18: P | L18: P | M18: P | O18: P | P18: P | Q18: P | R18: P | AK18: =COUNTIF(F18:AJ18,"P") -> 11 | AL18: =COUNTIF(F18:AJ18,"A") -> 0
A19: 15 | B19: 731 | C19: Zarmina | D19: Gulbahar | E19: 8th | F19: P | H19: P | I19: P | J19: P | K19: P | L19: P | M19: P | O19: P | P19: P | Q19: P | R19: P | AK19: =COUNTIF(F19:AJ19,"P") -> 11 | AL19: =COUNTIF(F19:AJ19,"A") -> 0 | AM19: Absent Days Details
A20: 16 | B20: 758 | C20: Iqra | D20: Younus | E20: 8th | F20: P | H20: P | I20: P | J20: P | K20: P | L20: P | M20: P | O20: P | P20: P | Q20: P | R20: P | AK20: =COUNTIF(F20:AJ20,"P") -> 11 | AL20: =COUNTIF(F20:AJ20,"A") -> 0 | AM20: Detail | AN20: Boys | AO20: Girls | AP20: Total
A21: 17 | B21: 856 | C21: Naghma Naz | D21: Zahid Hussain | E21: 8th | F21: A | H21: P | I21: P | J21: P | K21: P | L21: P | M21: P | O21: P | P21: P | Q21: P | R21: P | AK21: =COUNTIF(F21:AJ21,"P") -> 10 | AL21: =COUNTIF(F21:AJ21,"A") -> 1 | AM21: Due Present days | AN21: =19*$AN$5 -> 209 | AO21: =23*$AN$5 -> 253 | AP21: =AN21+AO21 -> 462
A22: 18 | B22: 906 | C22: Dua | D22: Bahar Ali | E22: 8th | F22: A | H22: P | I22: P | J22: P | K22: P | L22: P | M22: P | O22: P | P22: P | Q22: P | R22: P | AK22: =COUNTIF(F22:AJ22,"P") -> 10 | AL22: =COUNTIF(F22:AJ22,"A") -> 1 | AM22: Absent days | AN22: =AN21-AN14 -> 33 | AO22: =AO21-AO14 -> 39 | AP22: =AN22+AO22 -> 72
A23: 19 | B23: 866 | C23: Muskan | D23: Dildar Hussain | E23: 8th | F23: A | H23: P | I23: P | J23: P | K23: P | L23: P | M23: P | O23: P | P23: P | Q23: P | R23: P | AK23: =COUNTIF(F23:AJ23,"P") -> 10 | AL23: =COUNTIF(F23:AJ23,"A") -> 1
A24: 20 | B24: 846 | C24: Saira | D24: M. Salah | E24: 8th | F24: A | H24: P | I24: P | J24: P | K24: P | L24: P | M24: P | O24: P | P24: P | Q24: P | R24: P | AK24: =COUNTIF(F24:AJ24,"P") -> 10 | AL24: =COUNTIF(F24:AJ24,"A") -> 1
A25: 21 | B25: 857 | C25: Muskan | D25: Imran | E25: 8th | F25: P | H25: P | I25: P | J25: P | K25: P | L25: P | M25: P | O25: P | P25: P | Q25: P | R25: P | AK25: =COUNTIF(F25:AJ25,"P") -> 11 | AL25: =COUNTIF(F25:AJ25,"A") -> 0
A26: 22 | B26: 738 | C26: Iqra | D26: Awais | E26: 8th | F26: P | H26: A | I26: A | J26: A | K26: A | L26: A | M26: A | O26: A | P26: A | Q26: A | R26: A | AK26: =COUNTIF(F26:AJ26,"P") -> 1 | AL26: =COUNTIF(F26:AJ26,"A") -> 10
A27: 1 | B27: 730 | C27: Abdul Salam | D27: Abdul Rehman | E27: 8th | F27: A | H27: P | I27: P | J27: P | K27: P | L27: P | M27: P | O27: P | P27: P | Q27: P | R27: P | AK27: =COUNTIF(F27:AJ27,"P") -> 10 | AL27: =COUNTIF(F27:AJ27,"A") -> 1
A28: 2 | B28: 732 | C28: Ameer Ali | D28: Gulbahar Ali | E28: 8th | F28: P | H28: P | I28: P | J28: P | K28: P | L28: P | M28: P | O28: P | P28: P | Q28: P | R28: P | AK28: =COUNTIF(F28:AJ28,"P") -> 11 | AL28: =COUNTIF(F28:AJ28,"A") -> 0
A29: 3 | B29: 728 | C29: Faizan Ali | D29: Sohail Ahmed | E29: 8th | F29: P | H29: P | I29: P | J29: P | K29: P | L29: P | M29: P | O29: P | P29: P | Q29: P | R29: P | AK29: =COUNTIF(F29:AJ29,"P") -> 11 | AL29: =COUNTIF(F29:AJ29,"A") -> 0
A30: 4 | B30: 760 | C30: Ghaibi Khan | D30: Abdul Sattar | E30: 8th | F30: P | H30: P | I30: P | J30: P | K30: P | L30: P | M30: P | O30: P | P30: P | Q30: P | R30: P | AK30: =COUNTIF(F30:AJ30,"P") -> 11 | AL30: =COUNTIF(F30:AJ30,"A") -> 0
A31: 5 | B31: 741 | C31: Hasnain | D31: Lutufullah | E31: 8th | F31: P | H31: P | I31: P | J31: P | K31: P | L31: P | M31: P | O31: P | P31: P | Q31: P | R31: P | AK31: =COUNTIF(F31:AJ31,"P") -> 11 | AL31: =COUNTIF(F31:AJ31,"A") -> 0
A32: 6 | B32: 733 | C32: Kabeer Ahmed | D32: Shah M. | E32: 8th | F32: A | H32: A | I32: A | J32: A | K32: A | L32: A | M32: A | O32: A | P32: A | Q32: A | R32: A | AK32: =COUNTIF(F32:AJ32,"P") -> 0 | AL32: =COUNTIF(F32:AJ32,"A") -> 11
A33: 7 | B33: 744 | C33: M. Ahmed Khalid | D33: Khalid Hussain | E33: 8th | F33: P | H33: P | I33: P | J33: P | K33: P | L33: P | M33: P | O33: P | P33: P | Q33: P | R33: P | AK33: =COUNTIF(F33:AJ33,"P") -> 11 | AL33: =COUNTIF(F33:AJ33,"A") -> 0
A34: 8 | B34: 850 | C34: M. Rafi | D34: Abdul Jabbar | E34: 8th | F34: A | H34: P | I34: P | J34: P | K34: P | L34: P | M34: P | O34: P | P34: P | Q34: P | R34: P | AK34: =COUNTIF(F34:AJ34,"P") -> 10 | AL34: =COUNTIF(F34:AJ34,"A") -> 1
... A45: 19 | B45: 886 | C45: Salar | D45: Ghulam Aslam | E45: 8th | F45: P | H45: P | I45: P | J45: P | K45: P | L45: P | M45: P | O45: P | P45: P | Q45: P | R45: P | AK45: =COUNTIF(F45:AJ45,"P") -> 11 | AL45: =COUNTIF(F45:AJ45,"A") -> 0

Sheet Class-IX
A1: Goverment high school (SJCHS)
A2: Monthly Attendence Month of March-2025
A3: S.No | B3: GR | C3: Student Name | D3: Father Name | E3: Class | F3: =TEXT(F4,"ddd") -> Sat | G3: =TEXT(G4,"ddd") -> Sun | H3: =TEXT(H4,"ddd") -> Mon | I3: =TEXT(I4,"ddd") -> Tue | J3: =TEXT(J4,"ddd") -> Wed | K3: =TEXT(K4,"ddd") -> Thu | L3: =TEXT(L4,"ddd") -> Fri | M3: =TEXT(M4,"ddd") -> Sat | ... AJ3: =TEXT(AJ4,"ddd") -> Mon | AK3: Present | AL3: Absent | AM3: Year 2024
F4: 45717 | G4: 45718 | H4: 45719 | I4: 45720 | J4: 45721 | K4: 45722 | L4: 45723 | M4: 45724 | N4: 45725 | O4: 45726 | P4: 45727 | Q4: 45728 | R4: 45729 | S4: 45730 | T4: 45731 | U4: 45732 | V4: 45733 | W4: 45734 | X4: 45735 | Y4: 45736 | Z4: 45737 | AA4: 45738 | AB4: 45739 | AC4: 45740 | AD4: 45741 | AE4: 45742 | AF4: 45743 | AG4: 45744 | AH4: 45745 | AI4: 45746 | AJ4: 45747 | AM4: Total days | AN4: =SUM(AN5:AN8) -> 31
A5: 1 | B5: 651 | C5: Asim | D5: M. Haneef | E5: 9TH | F5: P | G5: SUNDAY - SUNDAY - SUNDAY - SUNDAY | H5: A | I5: P | J5: A | K5: P | L5: A | M5: P | N5: SUNDAY - SUNDAY - SUNDAY - SUNDAY | O5: P | P5: P | Q5: A | R5: P | S5: P | T5: Examination | AK5: =COUNTIF(F5:AJ5,"P") -> 8 | AL5: =COUNTIF(F5:AJ5,"A") -> 4 | AM5: Working days | AN5: 12
A6: 2 | B6: 652 | C6: Haseeb ullah | D6: Hafeezullah Abro | E6: 9TH | F6: A | H6: P | I6: A | J6: P | K6: A | L6: P | M6: P | O6: P | P6: P | Q6: P | R6: P | S6: P | AK6: =COUNTIF(F6:AJ6,"P") -> 9 | AL6: =COUNTIF(F6:AJ6,"A") -> 3 | AM6: Sunday | AN6: 2
A7: 3 | B7: 653 | C7: Moez | D7: Munawar Ali Bhatti | E7: 9TH | F7: P | H7: P | I7: P | J7: P | K7: P | L7: P | M7: P | O7: P | P7: P | Q7: P | R7: P | S7: P | AK7: =COUNTIF(F7:AJ7,"P") -> 12 | AL7: =COUNTIF(F7:AJ7,"A") -> 0 | AM7: Examination | AN7: 17
A8: 4 | B8: 654 | C8: Mudassir | D8: Gulzar Ahmed | E8: 9TH | F8: P | H8: P | I8: P | J8: P | K8: P | L8: P | M8: P | O8: P | P8: P | Q8: P | R8: P | S8: P | AK8: =COUNTIF(F8:AJ8,"P") -> 12 | AL8: =COUNTIF(F8:AJ8,"A") -> 0
A9: 5 | B9: 655 | C9: Taha | D9: Nisar Ahmed | E9: 9TH | F9: P | H9: P | I9: P | J9: P | K9: P | L9: P | M9: P | O9: P | P9: P | Q9: P | R9: P | S9: P | AK9: =COUNTIF(F9:AJ9,"P") -> 12 | AL9: =COUNTIF(F9:AJ9,"A") -> 0
A10: 6 | B10: 656 | C10: Nawab Khan | D10: M. Khan | E10: 9TH | F10: P | H10: P | I10: A | J10: P | K10: P | L10: P | M10: P | O10: P | P10: P | Q10: P | R10: P | S10: P | AK10: =COUNTIF(F10:AJ10,"P") -> 11 | AL10: =COUNTIF(F10:AJ10,"A") -> 1
A11: 7 | B11: 657 | C11: Meesum Abbas | D11: Waheed ali | E11: 9TH | F11: A | H11: A | I11: P | J11: A | K11: P | L11: A | M11: A | O11: A | P11: A | Q11: A | R11: A | S11: A | AK11: =COUNTIF(F11:AJ11,"P") -> 2 | AL11: =COUNTIF(F11:AJ11,"A") -> 10 | AM11: Present Days Detail
A12: 8 | B12: 658 | C12: Manzar Hussain | D12: Ghulam Murtaza | E12: 9TH | F12: P | H12: P | I12: P | J12: A | K12: P | L12: P | M12: P | O12: P | P12: P | Q12: P | R12: A | S12: P | AK12: =COUNTIF(F12:AJ12,"P") -> 10 | AL12: =COUNTIF(F12:AJ12,"A") -> 2 | AM12: Detail | AN12: Boys | AO12: Girls | AP12: Total
A13: 9 | B13: 659 | C13: Noorullah | D13: Abdul Jabbar | E13: 9TH | F13: P | H13: A | I13: P | J13: P | K13: A | L13: P | M13: P | O13: P | P13: A | Q13: P | R13: P | S13: P | AK13: =COUNTIF(F13:AJ13,"P") -> 9 | AL13: =COUNTIF(F13:AJ13,"A") -> 3 | AM13: Due Present days | AN13: =16*$AN$5 -> 192 | AO13: =19*$AN$5 -> 228 | AP13: =SUM(AN13:AO13) -> 420
A14: 10 | B14: 660 | C14: Saif ur Rehman | D14: Imran Ahmed | E14: 9TH | F14: P | H14: P | I14: P | J14: P | K14: P | L14: P | M14: P | O14: P | P14: P | Q14: P | R14: A | S14: P | AK14: =COUNTIF(F14:AJ14,"P") -> 11 | AL14: =COUNTIF(F14:AJ14,"A") -> 1 | AM14: Actual present days | AN14: =SUM(AK5:AK20) -> 140 | AO14: =SUM(AK21:AK39) -> 175 | AP14: =AN14+AO14 -> 315
A15: 11 | B15: 661 | C15: Shafique | D15: Rafique Ahmed | E15: 9TH | F15: P | H15: P | I15: A | J15: P | K15: A | L15: P | M15: P | O15: P | P15: P | Q15: P | R15: P | S15: P | AK15: =COUNTIF(F15:AJ15,"P") -> 10 | AL15: =COUNTIF(F15:AJ15,"A") -> 2 | AM15: % | AN15: =AN14/AN13 -> 0.72916667 | AO15: =AO14/AO13 -> 0.76754386 | AP15: =AP14/AP13 -> 0.75
A16: 12 | B16: 662 | C16: M.Murtaqeem | D16: Shams | E16: 9TH | F16: P | H16: P | I16: P | J16: P | K16: A | L16: P | M16: P | O16: P | P16: P | Q16: A | R16: P | S16: P | AK16: =COUNTIF(F16:AJ16,"P") -> 10 | AL16: =COUNTIF(F16:AJ16,"A") -> 2
A17: 13 | B17: 663 | C17: Shaban | D17: Allah Dino | E17: 9TH | F17: P | H17: P | I17: P | J17: A | K17: A | L17: P | M17: P | O17: P | P17: P | Q17: P | R17: P | S17: P | AK17: =COUNTIF(F17:AJ17,"P") -> 10 | AL17: =COUNTIF(F17:AJ17,"A") -> 2
A18: 14 | B18: 664 | C18: M. Sufian | D18: Imran | E18: 9TH | F18: P | H18: P | I18: P | J18: P | K18: P | L18: P | M18: P | O18: P | P18: A | Q18: P | R18: P | S18: P | AK18: =COUNTIF(F18:AJ18,"P") -> 11 | AL18: =COUNTIF(F18:AJ18,"A") -> 1
A19: 15 | B19: 665 | C19: M. Shayan | D19: Jawad Ahmed | E19: 9TH | F19: A | H19: A | I19: A | J19: A | K19: A | L19: A | M19: A | O19: A | P19: A | Q19: A | R19: A | S19: A | AK19: =COUNTIF(F19:AJ19,"P") -> 0 | AL19: =COUNTIF(F19:AJ19,"A") -> 12 | AM19: Absent Days Details
A20: 16 | B20: 666 | C20: Ahsan Ali | E20: 9TH | F20: A | H20: A | I20: A | J20: P | K20: P | L20: A | M20: A | O20: A | P20: A | Q20: P | R20: A | S20: A | AK20: =COUNTIF(F20:AJ20,"P") -> 3 | AL20: =COUNTIF(F20:AJ20,"A") -> 9 | AM20: Detail | AN20: Boys | AO20: Girls | AP20: Total
A21: 1 | B21: 523 | C21: Haleema | D21: Qalandar Bakhsh | E21: 9TH | F21: A | H21: A | I21: A | J21: A | K21: A | L21: A | M21: P | O21: A | P21: A | Q21: A | R21: A | S21: A | AK21: =COUNTIF(F21:AJ21,"P") -> 1 | AL21: =COUNTIF(F21:AJ21,"A") -> 11 | AM21: Due Present days | AN21: =16*$AN$5 -> 192 | AO21: =19*$AN$5 -> 228 | AP21: =AN21+AO21 -> 420
A22: 2 | B22: 524 | C22: Maheen Zulfiqar | D22: Zulfiqar Ali | E22: 9TH | F22: A | H22: A | I22: A | J22: A | K22: P | L22: A | M22: P | O22: A | P22: A | Q22: A | R22: A | S22: P | AK22: =COUNTIF(F22:AJ22,"P") -> 3 | AL22: =COUNTIF(F22:AJ22,"A") -> 9 | AM22: Absent days | AN22: =AN21-AN14 -> 52 | AO22: =AO21-AO14 -> 53 | AP22: =AN22+AO22 -> 105
A23: 3 | B23: 525 | C23: Qandeel Zehra | D23: Waheed Ali | E23: 9TH | F23: P | H23: P | I23: P | J23: P | K23: P | L23: P | M23: P | O23: P | P23: P | Q23: P | R23: P | S23: A | AK23: =COUNTIF(F23:AJ23,"P") -> 11 | AL23: =COUNTIF(F23:AJ23,"A") -> 1 | AM23: % | AN23: =AN22/AN21 -> 0.27083333 | AO23: =AO22/AO21 -> 0.23245614 | AP23: =AP22/AP21 -> 0.25
A24: 4 | B24: 526 | C24: Sanam | D24: Manzoor Ahmed Memon | E24: 9TH | F24: A | H24: P | I24: P | J24: A | K24: A | L24: A | M24: P | O24: A | P24: P | Q24: P | R24: P | S24: P | AK24: =COUNTIF(F24:AJ24,"P") -> 7 | AL24: =COUNTIF(F24:AJ24,"A") -> 5
A25: 5 | B25: 527 | C25: Zainab | D25: Sultan Ahmed | E25: 9TH | F25: P | H25: A | I25: P | J25: P | K25: P | L25: A | M25: P | O25: P | P25: P | Q25: A | R25: P | S25: P | AK25: =COUNTIF(F25:AJ25,"P") -> 9 | AL25: =COUNTIF(F25:AJ25,"A") -> 3
A26: 6 | B26: 528 | C26: Asia | D26: M. Khan | E26: 9TH | F26: P | H26: P | I26: P | J26: P | K26: P | L26: P | M26: P | O26: P | P26: P | Q26: P | R26: P | S26: P | AK26: =COUNTIF(F26:AJ26,"P") -> 12 | AL26: =COUNTIF(F26:AJ26,"A") -> 0
A27: 7 | B27: 529 | C27: Tooba | D27: Yasir Ahmed | E27: 9TH | F27: P | H27: P | I27: P | J27: P | K27: P | L27: P | M27: P | O27: P | P27: P | Q27: P | R27: P | S27: P | AK27: =COUNTIF(F27:AJ27,"P") -> 12 | AL27: =COUNTIF(F27:AJ27,"A") -> 0
A28: 8 | B28: 530 | C28: Afsheen | D28: Ubaidullah | E28: 9TH | F28: P | H28: P | I28: P | J28: P | K28: P | L28: A | M28: P | O28: P | P28: P | Q28: P | R28: P | S28: P | AK28: =COUNTIF(F28:AJ28,"P") -> 11 | AL28: =COUNTIF(F28:AJ28,"A") -> 1
A29: 9 | B29: 531 | C29: Nosheen | D29: Ubaidullah | E29: 9TH | F29: P | H29: P | I29: P | J29: P | K29: P | L29: A | M29: P | O29: P | P29: P | Q29: P | R29: P | S29: P | AK29: =COUNTIF(F29:AJ29,"P") -> 11 | AL29: =COUNTIF(F29:AJ29,"A") -> 1
A30: 10 | B30: 532 | C30: Khair Un Nisa | D30: Syed Qutab Ali Shah | E30: 9TH | F30: P | H30: P | I30: P | J30: P | K30: P | L30: P | M30: P | O30: P | P30: P | Q30: P | R30: P | S30: P | AK30: =COUNTIF(F30:AJ30,"P") -> 12 | AL30: =COUNTIF(F30:AJ30,"A") -> 0
A31: 11 | B31: 533 | C31: Maryam | D31: Mukhtiyar | E31: 9TH | F31: A | H31: A | I31: A | J31: A | K31: A | L31: A | M31: A | O31: A | P31: A | Q31: P | R31: P | S31: P | AK31: =COUNTIF(F31:AJ31,"P") -> 3 | AL31: =COUNTIF(F31:AJ31,"A") -> 9
A32: 12 | B32: 534 | C32: Salwa | D32: Imran Ahmed | E32: 9TH | F32: P | H32: P | I32: P | J32: A | K32: P | L32: P | M32: P | O32: P | P32: P | Q32: A | R32: A | S32: A | AK32: =COUNTIF(F32:AJ32,"P") -> 8 | AL32: =COUNTIF(F32:AJ32,"A") -> 4
A33: 13 | B33: 535 | C33: Madina | D33: Yasir Arfat | E33: 9TH | F33: P | H33: P | I33: P | J33: P | K33: P | L33: P | M33: P | O33: P | P33: P | Q33: P | R33: P | S33: P | AK33: =COUNTIF(F33:AJ33,"P") -> 12 | AL33: =COUNTIF(F33:AJ33,"A") -> 0
A34: 14 | B34: 536 | C34: Farasha | D34: Javed Ali | E34: 9TH | F34: P | H34: P | I34: P | J34: P | K34: P | L34: P | M34: P | O34: P | P34: P | Q34: P | R34: P | S34: P | AK34: =COUNTIF(F34:AJ34,"P") -> 12 | AL34: =COUNTIF(F34:AJ34,"A") -> 0
A35: 15 | B35: 537 | C35: Tayyaba | D35: Hafeezullah | E35: 9TH | F35: P | H35: P | I35: P | J35: P | K35: P | L35: P | M35: P | O35: P | P35: P | Q35: P | R35: P | S35: P | AK35: =COUNTIF(F35:AJ35,"P") -> 12 | AL35: =COUNTIF(F35:AJ35,"A") -> 0
A36: 16 | B36: 538 | C36: Ayesha | E36: 9TH | F36: P | H36: A | I36: P | J36: P | K36: A | L36: A | M36: P | O36: P | P36: P | Q36: P | R36: A | S36: P | AK36: =COUNTIF(F36:AJ36,"P") -> 8 | AL36: =COUNTIF(F36:AJ36,"A") -> 4
A37: 17 | B37: 539 | C37: Kashaf Kanwal | E37: 9TH | F37: P | H37: P | I37: P | J37: P | K37: P | L37: P | M37: P | O37: P | P37: P | Q37: P | R37: P | S37: P | AK37: =COUNTIF(F37:AJ37,"P") -> 12 | AL37: =COUNTIF(F37:AJ37,"A") -> 0
A38: 18 | B38: 540 | C38: Sidra | D38: Fida Hussain | E38: 9TH | F38: A | H38: P | I38: A | J38: P | K38: A | L38: P | M38: P | O38: P | P38: P | Q38: A | R38: P | S38: P | AK38: =COUNTIF(F38:AJ38,"P") -> 8 | AL38: =COUNTIF(F38:AJ38,"A") -> 4
A39: 19 | B39: 541 | C39: Saima | D39: M. Suleman | E39: 9TH | F39: P | H39: P | I39: P | J39: P | K39: P | L39: A | M39: P | O39: P | P39: P | Q39: P | R39: P | S39: P | AK39: =COUNTIF(F39:AJ39,"P") -> 11 | AL39: =COUNTIF(F39:AJ39,"A") -> 1
